station_id,year,tmean_spring,tmean_april,tmean_fall,tmean_october
USC00360022,2011,10.148333333333333,10.916071428571428,12.314285714285715,11.000000000000002
USC00360022,2012,13.5125,9.955000000000002,12.114999999999998,11.946774193548386
USC00360022,2013,9.203846153846154,10.683333333333334,11.280219780219781,12.712903225806452
USC00360022,2014,8.120930232558141,9.065000000000001,10.852380952380951,12.476666666666667
USC00360022,2015,9.212222222222222,10.749999999999998,13.650609756097559,11.162068965517241
USC00360022,2016,10.947093023255816,10.114285714285714,13.236206896551723,13.385483870967743
USC00360022,2017,11.071264367816093,12.898214285714285,12.49835164835165,14.006451612903225
USC00360022,2018,9.312790697674421,8.107407407407408,12.337222222222223,12.069354838709678
USC00360022,2019,10.454347826086956,11.636666666666667,12.097222222222221,13.320967741935485
USC00360022,2020,9.763483146067417,8.32,13.198314606741574,12.411666666666667
USC00360022,2021,10.945555555555556,10.908333333333331,13.256976744186046,15.12241379310345
USC00360022,2022,10.651724137931035,9.320370370370371,11.627272727272729,9.867391304347828
USC00360022,2023,9.973369565217391,11.31166666666667,12.144505494505495,13.129032258064516
USC00360022,2024,12.225,11.951666666666664,14.258219178082191,13.05
USC00360111,1923,8.839673913043478,9.439999999999998,11.57906976744186,10.65925925925926
USC00360111,1924,8.551648351648351,8.655,11.324175824175821,12.440322580645162
USC00360111,1925,9.691304347826087,10.0,11.016111111111112,8.559677419354838
USC00360111,1926,8.303260869565218,8.133333333333333,11.898,14.423333333333334
USC00360111,1927,9.582608695652175,8.998333333333333,13.240659340659342,13.595161290322583
USC00360111,1928,9.440361445783134,8.371666666666668,11.256410256410257,13.032142857142858
USC00360111,1929,10.76153846153846,10.569999999999999,11.811538461538463,10.379032258064516
USC00360111,1930,9.490659340659342,8.435,11.875274725274727,10.464516129032257
USC00360111,1931,9.348369565217393,9.506666666666666,14.582417582417582,13.575806451612902
USC00360111,1932,8.283152173913043,8.195000000000002,11.587912087912088,12.340322580645159
USC00360111,1933,9.672282608695653,9.971666666666666,10.912087912087912,10.761290322580642
USC00360111,1934,8.72391304347826,9.011666666666665,12.11208791208791,10.622580645161289
USC00360111,1935,9.319565217391304,9.238333333333333,12.441758241758242,12.75967741935484
USC00360111,1936,10.898369565217392,8.27,11.974175824175825,12.408064516129034
USC00360111,1937,9.550543478260868,9.335,11.530769230769232,11.054838709677417
USC00360111,1938,10.707608695652175,11.248333333333333,12.33186813186813,13.059677419354841
USC00360111,1939,9.066304347826087,7.62,11.66813186813187,11.670967741935483
USC00360111,1940,7.751630434782609,7.471666666666667,10.652197802197803,9.533870967741937
USC00360111,1941,10.415217391304347,13.301666666666668,13.784615384615385,14.240322580645161
USC00360111,1942,11.201123595505617,11.656666666666668,12.215934065934064,12.41451612903226
USC00360111,1943,8.5875,6.411666666666665,11.162087912087912,11.374193548387096
USC00360111,1944,9.567391304347826,8.121666666666664,11.930769230769231,10.98225806451613
USC00360111,1945,11.704891304347827,11.606666666666667,12.52802197802198,11.606451612903228
USC00360111,1946,11.423369565217389,9.953333333333335,13.901098901098901,14.512903225806452
USC00360111,1947,9.071428571428571,9.824137931034482,13.148351648351648,15.38225806451613
USC00360111,1948,10.417934782608695,10.656666666666666,13.06593406593407,11.458064516129031
USC00360111,1949,10.56304347826087,10.336666666666668,12.68901098901099,15.016129032258066
USC00360111,1950,8.132065217391306,8.151666666666666,12.323626373626373,13.600000000000001
USC00360111,1951,10.296195652173912,10.306666666666667,11.806043956043958,13.29516129032258
USC00360111,1952,10.003260869565219,11.72,11.975824175824178,10.535483870967745
USC00360111,1953,10.67608695652174,10.076666666666666,12.826373626373627,13.459677419354838
USC00360111,1954,10.271195652173912,11.759999999999998,12.753296703296705,14.606451612903228
USC00360111,1955,11.408695652173913,12.01,12.121978021978018,13.369354838709674
USC00360111,1956,8.07445652173913,8.751666666666669,11.479120879120876,12.069354838709677
USC00360111,1957,10.338043478260872,10.951666666666666,12.406043956043957,10.85806451612903
USC00360111,1958,9.440760869565219,10.855,11.689010989010987,10.959677419354836
USC00360111,1959,10.9625,11.385,13.265934065934063,13.906451612903227
USC00360111,1960,8.670108695652175,12.548333333333334,12.312637362637362,11.766129032258064
USC00360111,1961,8.807142857142857,8.059999999999999,14.110989010989012,13.138709677419355
USC00360111,1962,10.345108695652174,10.525,10.684065934065933,12.011290322580644
USC00360111,1963,10.075,10.678333333333335,13.24835164835165,14.608064516129032
USC00360111,1964,10.323369565217392,9.001666666666667,13.059302325581392,10.737096774193546
USC00360134,1893,11.268243243243244,,12.804545454545453,13.378260869565217
USC00360134,1894,13.468965517241381,11.996296296296297,13.976923076923073,14.151612903225805
USC00360134,1895,11.997252747252746,12.5,12.333707865168538,9.517741935483873
USC00360134,1896,11.656043956043959,13.301666666666668,11.962345679012344,10.391935483870967
USC00360134,1897,10.862637362637363,10.863333333333335,13.336516853932586,13.556451612903226
USC00360134,1898,11.867391304347825,9.129999999999999,11.108241758241757,11.125806451612902
USC00360134,1899,9.40108695652174,10.405,11.530219780219777,12.164516129032258
USC00360134,1900,8.208152173913044,9.825,13.15722222222222,14.035483870967745
USC00360134,1901,8.409876543209878,7.309615384615384,9.51123595505618,10.39516129032258
USC00360134,1902,10.210493827160493,9.971739130434782,12.626744186046512,12.925806451612905
USC00360134,1903,11.501630434782607,10.668333333333331,10.304945054945055,11.633870967741936
USC00360134,1904,8.030219780219781,6.5649999999999995,9.976373626373626,9.65322580645161
USC00360134,1905,9.304444444444446,8.785714285714285,9.77183908045977,10.581481481481486
USC00360134,1906,7.803804347826087,9.903333333333334,10.745,9.774193548387096
USC00360134,1907,6.662698412698414,5.869047619047619,8.905555555555555,6.9750000000000005
USC00360134,1909,7.525842696629213,7.856666666666667,9.869186046511627,7.129310344827586
USC00360134,1910,9.540588235294116,10.314285714285713,10.703703703703706,12.0375
USC00360134,1911,8.70470588235294,6.982758620689654,10.590441176470588,9.871666666666666
USC00360134,1913,9.739673913043477,10.043333333333331,11.449444444444445,11.976666666666668
USC00360134,1914,7.744021739130435,7.778333333333332,11.260439560439561,13.103225806451611
USC00360134,1915,7.879891304347827,12.055,14.59672131147541,11.158064516129029
USC00360134,1916,7.878333333333333,8.211666666666666,10.74010989010989,10.850000000000001
USC00360134,1917,7.631521739130435,8.861666666666666,8.696153846153845,7.612903225806451
USC00360134,1918,10.86195652173913,8.573333333333332,10.834065934065933,13.077419354838709
USC00360134,1919,9.246739130434783,8.623333333333333,12.030769230769227,13.575806451612902
USC00360134,1920,8.071195652173914,6.916666666666667,12.12087912087912,14.52096774193548
USC00360134,1921,13.70416666666667,12.710344827586209,12.043888888888889,11.156666666666666
USC00360134,1922,10.102717391304347,9.578333333333335,12.655494505494506,12.625806451612902
USC00360134,1923,8.347282608695652,8.555,10.35164835164835,10.246774193548388
USC00360134,1924,6.852173913043478,7.586666666666668,10.237362637362637,12.001612903225803
USC00360134,1925,9.178804347826086,10.818333333333333,9.697802197802197,6.759677419354839
USC00360134,1926,7.005978260869566,6.76,10.353846153846153,10.759677419354837
USC00360134,1927,8.98913043478261,7.590000000000001,12.203571428571431,12.5375
USC00360134,1928,7.697282608695651,6.7283333333333335,10.940109890109891,12.404838709677417
USC00360134,1929,10.126630434782609,10.656666666666666,11.221428571428568,10.201612903225808
USC00360134,1930,9.110869565217392,8.746666666666666,11.49725274725275,9.896774193548389
USC00360134,1931,8.091847826086958,8.621666666666666,14.212637362637361,12.90322580645161
USC00360134,1932,7.574456521739131,7.984999999999999,10.503846153846155,10.719354838709673
USC00360134,1933,9.108695652173914,9.981666666666666,10.325274725274726,10.08548387096774
USC00360134,1934,9.083152173913044,8.971666666666668,11.737362637362638,11.041935483870967
USC00360134,1935,8.596195652173913,7.853333333333334,10.947252747252746,11.066129032258067
USC00360134,1936,9.230434782608695,6.5166666666666675,10.92032967032967,11.520967741935484
USC00360134,1937,7.701630434782607,7.436666666666666,9.345604395604395,8.914516129032258
USC00360134,1938,9.61358695652174,9.610000000000001,11.843181818181819,12.209677419354842
USC00360134,1939,8.194936708860759,7.0103448275862075,11.365294117647059,11.945161290322579
USC00360134,1940,6.689673913043477,7.055000000000001,10.058522727272727,10.014516129032259
USC00360134,1941,9.109239130434785,12.371666666666666,12.67032967032967,13.25967741935484
USC00360134,1942,10.675,11.573333333333332,11.379444444444443,11.958333333333332
USC00360134,1943,8.234239130434784,5.8199999999999985,9.781868131868132,10.011290322580646
USC00360134,1944,8.835869565217392,7.373333333333333,11.147093023255815,10.906451612903224
USC00360134,1945,11.116304347826086,11.225,11.236263736263737,10.883870967741936
USC00360134,1946,10.322826086956523,8.093333333333334,12.275274725274722,12.846774193548388
USC00360134,1947,7.772282608695652,9.945,11.747802197802198,14.696774193548384
USC00360134,1948,10.076373626373625,10.746551724137932,11.27802197802198,9.601612903225806
USC00360134,1949,9.429670329670328,9.038333333333334,11.183516483516485,13.711290322580645
USC00360134,1950,7.3489130434782615,6.609999999999999,10.467582417582419,12.36774193548387
USC00360134,1951,8.954347826086956,8.773333333333335,10.544999999999998,12.385483870967741
USC00360134,1952,8.3125,9.763333333333332,10.887362637362637,9.270967741935484
USC00360134,1953,9.512500000000001,8.08,12.118131868131865,12.966129032258063
USC00360134,1954,9.242307692307692,11.908333333333335,12.620253164556964,12.451612903225804
USC00360134,1955,10.64782608695652,11.66333333333333,10.342307692307694,11.820967741935483
USC00360134,1956,7.620652173913043,7.66,10.676373626373627,11.932258064516128
USC00360134,1957,9.63956043956044,10.55,10.651098901098903,9.483870967741938
USC00360134,1958,8.294565217391305,9.999999999999996,11.128021978021978,10.575806451612904
USC00360134,1959,9.879891304347826,10.54333333333333,11.365934065934065,12.035483870967743
USC00360134,1960,7.325555555555555,12.610714285714286,11.58846153846154,10.511290322580642
USC00360134,1961,7.538043478260871,5.986666666666666,12.583146067415731,12.64838709677419
USC00360134,1962,9.414130434782608,9.123333333333333,9.975274725274724,11.735483870967743
USC00360134,1963,9.46358695652174,9.874999999999998,12.542307692307691,14.920967741935483
USC00360134,1964,9.453260869565216,8.565,11.286263736263736,9.670967741935485
USC00360134,1965,8.779891304347826,8.341666666666665,10.87087912087912,9.522580645161288
USC00360134,1966,8.073913043478262,7.126666666666668,10.15879120879121,9.929032258064519
USC00360140,1968,8.775274725274725,10.391666666666662,10.868333333333332,
USC00360140,1969,8.611413043478262,9.866666666666667,9.69888888888889,9.023333333333335
USC00360140,1970,8.483695652173912,9.140000000000002,11.858241758241757,11.904838709677422
USC00360140,1971,6.692391304347824,7.223333333333332,11.779670329670328,13.156451612903227
USC00360140,1972,7.728804347826087,7.676666666666666,9.159340659340659,7.4403225806451605
USC00360140,1973,8.817934782608694,8.453333333333335,11.624175824175822,11.724193548387099
USC00360140,1974,8.382417582417581,9.121666666666666,9.673626373626371,8.748387096774193
USC00360140,1975,7.221195652173913,5.173333333333334,11.154395604395605,12.080645161290322
USC00360140,1976,9.2125,9.825,7.699450549450548,7.138709677419355
USC00360140,1977,10.508695652173913,10.408333333333333,10.892857142857144,9.174193548387098
USC00360140,1978,7.152717391304347,7.945000000000001,10.691208791208792,8.970967741935485
USC00360140,1979,8.363333333333333,7.935714285714285,10.748901098901099,9.853225806451613
USC00360140,1980,8.040217391304347,8.488333333333333,9.656593406593409,8.238709677419356
USC00360140,1981,8.582065217391305,10.391666666666664,9.579120879120879,8.46774193548387
USC00360140,1982,8.190760869565219,6.626666666666667,10.7010989010989,10.638709677419358
USC00360140,1983,7.833695652173914,7.033333333333332,11.155113636363637,10.57258064516129
USC00360140,1984,6.373913043478262,7.875,8.1844262295082,12.906451612903227
USC00360140,1985,9.818478260869565,11.078333333333335,12.015384615384617,11.229032258064516
USC00360140,1986,9.208152173913044,9.830000000000002,10.45,11.174193548387098
USC00360140,1987,9.392934782608696,8.786666666666665,9.882967032967032,7.759677419354839
USC00360140,1988,8.364673913043477,7.951666666666666,9.179444444444444,7.48
USC00360140,1989,7.367934782608696,7.0216666666666665,10.204945054945055,10.958064516129031
USC00360140,1990,8.732065217391304,9.098333333333333,11.560439560439564,11.879032258064518
USC00360140,1991,10.618478260869566,9.746666666666668,10.523626373626373,11.3
USC00360140,1992,7.410326086956523,8.255,9.486813186813187,8.664516129032258
USC00360140,1993,7.740217391304349,8.31,9.851648351648352,9.162903225806453
USC00360140,1994,7.757065217391304,10.565000000000001,10.985164835164834,9.848387096774195
USC00360140,1995,8.4,7.0200000000000005,9.848901098901097,12.088709677419354
USC00360140,1996,6.83858695652174,8.351666666666667,9.386263736263738,10.17741935483871
USC00360140,1997,7.117391304347826,7.076666666666667,9.782777777777778,10.461290322580645
USC00360140,2001,9.117441860465117,10.367857142857142,11.717901234567902,11.203225806451615
USC00360140,2002,8.159340659340659,9.745000000000001,10.60164835164835,9.491935483870968
USC00360140,2003,8.739130434782608,9.831666666666667,10.86153846153846,9.43225806451613
USC00360140,2004,10.391304347826088,9.591666666666669,11.723626373626372,10.70806451612903
USC00360140,2005,7.5793478260869565,10.255000000000003,12.139010989010988,11.646774193548389
USC00360140,2006,9.672282608695653,11.305,10.589010989010989,9.790322580645162
USC00360140,2007,9.129347826086956,7.450000000000002,12.152747252747254,14.388709677419355
USC00360140,2008,8.6,10.818333333333333,10.218131868131866,9.632258064516128
USC00360140,2009,9.258152173913043,9.441666666666666,10.944505494505494,9.399999999999999
USC00360140,2010,11.365760869565218,12.145,11.275824175824175,11.23225806451613
USC00360140,2011,9.807608695652174,10.12,11.72967032967033,10.245161290322581
USC00360140,2012,12.17608695652174,9.423333333333334,10.385164835164836,11.119354838709677
USC00360140,2013,8.451630434782608,9.638333333333334,10.304395604395605,11.912903225806453
USC00360140,2014,7.949456521739131,8.838333333333333,10.607142857142856,11.801612903225806
USC00360140,2015,9.277717391304348,9.711666666666666,12.21208791208791,10.351612903225806
USC00360140,2016,9.875000000000002,8.73,12.51153846153846,12.019354838709676
USC00360140,2017,9.516304347826086,12.65,11.574175824175828,13.258064516129032
USC00360140,2018,8.29728260869565,6.56,10.812087912087911,11.437096774193549
USC00360140,2019,9.504891304347826,10.558333333333335,11.082967032967032,11.719354838709673
USC00360140,2020,8.904347826086957,7.536666666666667,11.417032967032965,10.798387096774194
USC00360140,2021,9.67608695652174,10.018333333333333,11.974175824175825,13.795161290322582
USC00360140,2022,9.421195652173912,7.806666666666667,10.702747252747253,9.691935483870967
USC00360140,2023,9.330434782608695,11.021666666666665,11.52967032967033,12.48064516129032
USC00360140,2024,11.318478260869567,10.745000000000001,11.49065934065934,11.946774193548388
USC00360140,2025,10.684239130434781,10.861666666666668,11.169780219780218,11.040322580645162
USC00360147,2024,11.044886363636364,10.004999999999999,12.149418604651167,11.549999999999997
USC00360147,2025,9.96206896551724,9.644444444444446,11.717857142857143,11.639999999999995
USC00360229,1928,8.836931818181817,7.71851851851852,11.712222222222222,12.246774193548386
USC00360229,1930,9.572282608695652,8.201666666666664,12.969101123595506,11.577419354838707
USC00360229,1931,10.07967032967033,10.091666666666665,15.291666666666664,14.46774193548387
USC00360229,1932,8.507065217391306,8.748333333333333,11.217582417582415,11.28709677419355
USC00360229,1935,9.653488372093024,8.66,11.079444444444444,11.153333333333334
USC00360229,1936,10.026136363636365,7.846666666666666,11.903086419753084,12.466129032258065
USC00360229,1937,9.808522727272727,9.99655172413793,13.774590163934429,10.40967741935484
USC00360229,1938,10.905434782608696,11.158333333333333,12.473076923076926,13.056451612903226
USC00360229,1939,11.031521739130435,9.371666666666668,12.31043956043956,12.253225806451615
USC00360229,1940,8.727173913043478,8.318333333333333,11.287362637362639,10.614516129032257
USC00360229,1941,10.975,13.65,14.517032967032966,15.3
USC00360229,1942,12.463586956521736,13.131666666666668,13.070329670329668,13.23064516129032
USC00360229,1943,10.371195652173913,8.428333333333333,11.694505494505496,11.698387096774194
USC00360229,1944,10.52554347826087,9.184999999999999,12.232967032967034,11.653225806451609
USC00360229,1945,12.390760869565218,12.013333333333332,12.512637362637365,11.393548387096772
USC00360229,1946,11.615217391304347,10.311666666666667,13.432967032967033,14.009677419354839
USC00360229,1947,9.380434782608695,10.551666666666668,12.805494505494508,15.225806451612904
USC00360229,1948,10.884065934065935,10.871666666666666,12.607142857142854,11.135483870967741
USC00360229,1949,10.111413043478262,9.415,12.290109890109889,14.703225806451615
USC00360229,1950,8.267582417582416,7.828333333333334,11.883516483516484,13.053225806451614
USC00360229,1951,10.048369565217392,10.068333333333333,11.554945054945058,13.283870967741937
USC00360229,1952,9.839130434782609,11.31333333333333,11.704945054945053,10.077419354838709
USC00360229,1953,11.101086956521739,10.286666666666667,12.814285714285715,13.735483870967743
USC00360229,1954,10.175543478260868,12.131666666666666,12.70164835164835,14.167741935483873
USC00360229,1955,11.739560439560442,12.274999999999999,11.637912087912087,12.7741935483871
USC00360229,1956,8.802717391304348,9.186666666666666,11.787222222222221,12.290322580645162
USC00360229,1957,10.558152173913046,11.370000000000001,11.854444444444445,10.274193548387098
USC00360229,1958,9.548369565217394,10.896666666666667,12.242777777777777,11.401612903225807
USC00360229,1959,11.228333333333333,11.791666666666664,12.755494505494505,13.543548387096775
USC00360229,1960,9.161111111111111,12.915000000000003,12.406043956043957,11.73225806451613
USC00360229,1961,9.155978260869565,8.195,13.741208791208795,12.766129032258066
USC00360229,1962,10.704347826086957,10.691666666666665,11.225824175824176,12.53548387096774
USC00360229,1963,10.425,11.066666666666668,12.904395604395605,14.37741935483871
USC00360229,1964,10.22445652173913,8.948333333333332,12.013186813186811,10.141935483870967
USC00360229,1965,9.635326086956523,8.516666666666666,11.83846153846154,10.250000000000002
USC00360229,1966,9.082065217391305,7.776666666666667,11.208241758241757,10.399999999999999
USC00360229,1967,8.61032608695652,10.641666666666667,10.552747252747254,10.877419354838713
USC00360229,1968,10.240760869565218,11.368333333333334,12.728021978021976,12.825806451612902
USC00360229,1969,10.264130434782608,11.273333333333335,11.562637362637366,11.140322580645158
USC00360229,1970,9.915217391304347,9.93,13.486813186813187,13.525806451612905
USC00360229,1971,8.883695652173913,9.388333333333332,13.484615384615383,14.856451612903227
USC00360355,1949,8.679891304347827,8.7,11.536813186813184,14.409677419354841
USC00360355,1950,7.877717391304347,6.7316666666666665,10.86868131868132,12.866129032258065
USC00360355,1951,9.898369565217392,9.396666666666667,11.100549450549451,13.475806451612904
USC00360355,1952,9.718478260869563,11.358333333333333,11.440659340659343,9.458064516129031
USC00360355,1953,11.416304347826086,10.023333333333335,12.887362637362637,13.38548387096774
USC00360355,1954,10.267391304347827,13.863333333333335,12.869230769230766,13.400000000000002
USC00360355,1955,12.305978260869564,14.114999999999998,12.13956043956044,12.598387096774195
USC00360355,1956,9.040760869565217,9.148333333333333,12.048351648351646,13.816129032258063
USC00360355,1957,11.377173913043478,11.981666666666664,11.705555555555556,10.545161290322579
USC00360355,1958,10.186363636363636,12.185,12.628658536585368,12.446296296296294
USC00360355,1959,11.627011494252873,12.087037037037037,12.580555555555557,12.679032258064517
USC00360355,1960,8.696022727272727,13.585714285714285,12.364367816091953,12.514516129032259
USC00360355,1961,9.029891304347826,7.438333333333333,13.709340659340661,13.553225806451612
USC00360355,1962,10.679347826086957,9.593333333333334,11.063186813186814,12.275806451612903
USC00360355,1963,10.132608695652173,10.505,12.760439560439558,14.469354838709679
USC00360355,1964,10.605978260869566,10.963333333333333,11.561538461538463,9.845161290322581
USC00360355,1967,9.2125,11.138333333333332,10.093956043956045,11.546774193548389
USC00360355,1968,10.272826086956522,12.015000000000002,12.049450549450547,12.25322580645161
USC00360355,1969,9.87445652173913,11.896666666666667,11.095555555555555,11.323333333333332
USC00360355,1970,10.580434782608695,11.186666666666666,13.632967032967032,13.683870967741939
USC00360355,1971,8.319021739130434,8.731666666666664,14.006593406593405,16.059677419354838
USC00360355,1972,9.995652173913044,9.550000000000002,11.174175824175824,10.225806451612902
USC00360355,1973,10.984239130434785,10.383333333333333,13.417582417582418,13.543548387096772
USC00360355,1974,10.542857142857143,11.615,11.88846153846154,11.662903225806454
USC00360355,1975,10.355696202531647,8.695238095238093,12.621978021978025,13.138709677419355
USC00360355,1976,11.264130434782608,10.92666666666667,9.096153846153847,8.998387096774193
USC00360355,1977,10.977631578947369,9.4,12.232967032967034,10.688709677419354
USC00360355,1978,8.236413043478262,9.108333333333333,11.392857142857142,9.809677419354838
USC00360355,1979,9.777173913043477,8.976666666666667,11.487499999999999,10.62413793103448
USC00360355,1980,8.2625,8.493333333333334,10.870329670329669,9.667741935483873
USC00360355,1981,9.023913043478261,10.233333333333333,10.462087912087911,9.941935483870967
USC00360355,1982,9.915934065934065,7.653448275862069,12.072527472527469,12.62741935483871
USC00360355,1983,8.945108695652173,8.604999999999999,11.946703296703298,11.94516129032258
USC00360355,1984,7.589673913043479,9.856666666666667,11.37857142857143,14.608064516129033
USC00360355,1985,11.285869565217393,12.781666666666668,13.197802197802197,12.890322580645163
USC00360355,1986,9.795348837209302,11.483333333333336,15.304098360655741,11.806451612903224
USC00360355,1987,10.867032967032968,10.496551724137932,11.249450549450547,8.50483870967742
USC00360355,1988,9.508152173913043,9.281666666666666,10.41978021978022,7.556451612903226
USC00360355,1989,8.748369565217391,8.336666666666668,14.3,11.19032258064516
USC00360530,1902,10.846103896103896,10.379166666666665,13.381395348837206,12.751785714285713
USC00360530,1903,12.347826086956525,10.506666666666666,11.256593406593405,12.585483870967742
USC00360530,1904,9.17608695652174,8.298333333333334,11.115934065934065,10.61774193548387
USC00360530,1905,10.839130434782607,10.58,12.018888888888887,12.496666666666668
USC00360530,1907,9.555617977528089,8.355,10.76923076923077,9.963333333333335
USC00360530,1908,11.296794871794873,9.692105263157895,15.488983050847459,12.453225806451613
USC00360530,1909,10.08532608695652,10.593333333333332,12.265697674418606,9.775
USC00360530,1910,12.769662921348315,13.439285714285717,12.55406976744186,14.705172413793106
USC00360530,1911,9.686486486486485,9.876785714285715,12.074999999999998,13.448333333333332
USC00360530,1947,7.809239130434783,9.136666666666665,16.261666666666667,14.750000000000002
USC00360530,1948,10.596590909090908,10.651666666666666,11.105357142857143,9.406666666666666
USC00360530,1949,10.272222222222224,8.828333333333335,10.852197802197804,13.338709677419354
USC00360530,1950,6.695652173913044,6.21,10.377472527472527,11.479032258064516
USC00360530,1951,8.87554347826087,8.54,9.624175824175824,11.196774193548388
USC00360530,1952,8.384239130434782,10.074999999999998,9.875000000000002,8.604838709677422
USC00360530,1953,9.719117647058823,,11.315934065934066,11.772580645161291
USC00360530,1954,8.274999999999999,10.760714285714286,11.796794871794875,12.852
USC00360530,1955,10.342391304347824,11.359999999999998,10.339010989010989,11.595161290322583
USC00360530,1956,7.206521739130434,7.528333333333333,10.41923076923077,11.151612903225807
USC00360530,1957,10.285802469135804,13.723684210526315,10.484615384615385,9.403225806451612
USC00360530,1958,8.4625,9.92666666666667,10.505494505494507,9.703225806451613
USC00360530,1959,9.453333333333333,10.008333333333333,11.194505494505494,11.65322580645161
USC00360530,1960,7.164130434782609,11.668333333333335,10.759890109890112,9.374193548387096
USC00360530,1961,7.012500000000001,5.721666666666666,12.58186813186813,11.817741935483872
USC00360530,1962,9.769565217391305,9.588333333333335,9.414835164835164,10.845161290322583
USC00360530,1963,9.06195652173913,9.593333333333334,11.46923076923077,13.366129032258065
USC00360530,1964,9.015384615384617,7.808333333333334,10.235714285714288,8.595161290322581
USC00360530,1965,7.679891304347828,6.845000000000001,10.513333333333332,9.033870967741935
USC00360530,1966,7.792857142857144,6.88,9.452747252747253,8.727419354838709
USC00360530,1967,7.243478260869565,9.418333333333333,8.99010989010989,9.554838709677421
USC00360530,1969,8.399193548387096,,9.946666666666665,9.610000000000001
USC00360530,1970,8.381521739130434,8.958333333333334,11.767777777777777,12.163333333333336
USC00360530,1971,7.050000000000001,7.408333333333332,12.05674157303371,13.286206896551725
USC00360530,1972,7.684065934065935,7.418333333333332,8.322058823529412,
USC00360560,1972,8.696153846153845,7.21,10.231012658227849,7.779999999999999
USC00360560,1973,8.976436781609197,8.861666666666666,11.291208791208792,11.570967741935483
USC00360560,1974,8.627472527472527,9.536666666666667,9.758241758241759,8.101612903225808
USC00360560,1975,7.639673913043478,5.748333333333333,10.939010989010988,11.541935483870967
USC00360560,1976,8.57663043478261,9.376666666666667,7.731927710843373,6.631666666666666
USC00360560,1977,9.36875,8.830000000000002,10.752777777777778,9.591666666666667
USC00360560,1979,8.904651162790698,7.667857142857143,10.382222222222222,9.511290322580642
USC00360560,1980,8.651666666666667,9.516666666666667,9.60397727272727,8.735714285714286
USC00360560,1981,8.34945652173913,9.448333333333334,9.75,8.117391304347825
USC00360560,2022,9.034239130434782,7.998333333333334,10.976373626373626,9.83548387096774
USC00360560,2023,9.006521739130434,10.764999999999999,11.557777777777778,12.72258064516129
USC00360560,2024,10.446703296703296,9.561666666666666,12.25054945054945,11.919354838709676
USC00360560,2025,9.844565217391304,9.506666666666666,11.650549450549452,11.248387096774195
USC00360611,1946,11.557608695652176,9.888333333333332,13.818131868131866,14.233870967741938
USC00360611,1947,9.305978260869566,10.511666666666667,12.96868131868132,15.185483870967744
USC00360611,1948,10.95217391304348,11.226666666666665,13.028333333333332,11.185483870967742
USC00360611,1949,11.042934782608695,10.621666666666668,12.439444444444444,15.104999999999999
USC00360611,1950,8.68858695652174,8.058333333333334,12.224175824175825,13.399999999999999
USC00360611,1951,10.501086956521737,10.415,11.505494505494505,13.101612903225806
USC00360611,1952,9.976973684210527,,11.596153846153847,9.864516129032259
USC00360611,1953,10.809239130434781,9.556666666666665,12.372527472527471,12.774193548387094
USC00360611,1954,10.479891304347825,12.258333333333333,12.549444444444445,13.651666666666669
USC00360611,1955,11.819565217391306,12.746666666666668,12.0,13.319354838709678
USC00360611,1956,8.775,9.416666666666666,11.782417582417585,12.570967741935485
USC00360611,1957,10.931521739130435,11.693333333333333,12.08846153846154,10.758064516129032
USC00360611,1958,9.907065217391304,11.343333333333334,12.046153846153846,11.701612903225804
USC00360611,1959,11.166847826086958,11.679999999999998,13.265934065934063,14.017741935483869
USC00360611,1960,8.777173913043478,12.884999999999998,12.27967032967033,11.643548387096772
USC00360611,1961,9.041847826086956,7.789999999999998,13.886813186813187,13.443548387096772
USC00360611,1962,10.531521739130437,10.283333333333333,10.1489010989011,11.987096774193548
USC00360611,1963,8.77445652173913,9.01,11.88846153846154,12.843548387096776
USC00360611,1964,9.677173913043477,8.618333333333332,11.216483516483516,9.70483870967742
USC00360611,1965,8.959239130434783,7.859999999999999,11.154395604395603,10.022580645161288
USC00360611,1966,8.409782608695652,7.580000000000001,10.40879120879121,9.706451612903226
USC00360611,1967,7.594021739130435,9.611666666666666,10.135714285714286,10.816129032258061
USC00360611,1968,9.767934782608695,11.159999999999998,12.155494505494506,12.34032258064516
USC00360611,1969,9.818478260869565,11.065000000000001,10.979120879120877,10.819354838709677
USC00360611,1970,9.35054347826087,10.195,13.255555555555553,13.048333333333336
USC00360611,1971,8.395108695652175,8.496666666666664,12.857142857142854,14.706451612903225
USC00360611,1972,8.746195652173911,7.723333333333333,10.312222222222223,9.280645161290321
USC00360611,1973,10.379347826086958,10.106666666666671,12.41098901098901,12.509677419354839
USC00360611,1975,8.794021739130432,6.076666666666667,12.506593406593405,13.39032258064516
USC00360611,1976,10.030434782608696,11.101666666666665,8.956593406593406,8.987096774193548
USC00360634,1910,11.961413043478261,11.988333333333333,13.045054945054945,14.12741935483871
USC00360634,1911,11.444565217391302,9.305,12.202777777777778,12.27258064516129
USC00360634,1912,9.796739130434784,11.271666666666667,14.57967032967033,15.222580645161292
USC00360634,1913,12.203296703296703,12.291379310344826,14.115384615384615,15.206451612903223
USC00360634,1914,10.946774193548386,,13.765934065934063,15.617741935483872
USC00360634,1915,11.065760869565219,14.31,15.053296703296704,15.083870967741936
USC00360634,1916,9.544021739130432,10.605,12.539560439560441,12.743548387096773
USC00360634,1917,9.07554347826087,11.103333333333333,12.217613636363637,11.935714285714285
USC00360634,1918,12.306521739130437,10.543333333333333,13.355747126436782,15.15322580645161
USC00360634,1919,11.55163043478261,10.67,15.45,17.351666666666667
USC00360634,1920,9.969565217391304,9.764999999999999,13.956043956043956,16.21451612903226
USC00360634,1921,13.58478260869565,14.221666666666668,12.12857142857143,10.745161290322581
USC00360634,1923,10.486290322580642,,,
USC00360634,1924,9.09945652173913,9.053333333333333,13.177976190476194,13.37258064516129
USC00360634,1925,11.266847826086956,12.015000000000002,12.472527472527473,10.308064516129036
USC00360634,1927,10.205434782608696,8.909999999999998,14.089560439560435,13.970967741935484
USC00360634,1928,9.720555555555556,9.644642857142857,13.491208791208791,14.469354838709675
USC00360634,1929,12.071739130434782,11.813333333333336,13.334065934065938,12.233870967741936
USC00360634,1930,11.074456521739132,9.645,13.435164835164834,12.630645161290323
USC00360634,1931,10.857065217391305,10.953333333333331,16.06098901098901,15.20483870967742
USC00360634,1932,9.807065217391305,9.94,13.289010989010988,13.774193548387093
USC00360634,1933,11.07391304347826,11.528333333333332,12.686263736263736,12.764516129032257
USC00360634,1934,10.777717391304348,10.983333333333338,13.627472527472527,12.158064516129036
USC00360634,1935,10.590659340659341,9.870689655172415,13.504395604395603,13.645161290322578
USC00360634,1936,12.037499999999998,9.138333333333332,13.035164835164833,13.643548387096773
USC00360634,1937,10.265384615384614,10.194999999999999,12.742307692307694,12.419354838709678
USC00360634,1938,11.693478260869563,12.514999999999997,13.79065934065934,14.620967741935486
USC00360634,1939,11.031521739130435,9.621666666666666,13.663186813186812,13.666129032258064
USC00360634,1940,8.598369565217391,8.308333333333334,12.300549450549452,11.670967741935485
USC00360634,1941,11.583695652173914,14.85,14.917582417582414,15.009677419354837
USC00360634,1942,12.21576086956522,12.625,12.76923076923077,13.230645161290324
USC00360634,1943,9.367391304347825,7.426666666666666,11.608241758241757,11.595161290322583
USC00360634,1944,9.557608695652174,8.621666666666666,12.084065934065935,11.596774193548388
USC00360634,1945,12.021195652173914,11.605,12.55824175824176,11.624193548387096
USC00360634,1946,11.57554347826087,9.796666666666665,15.005494505494505,15.729032258064516
USC00360634,1947,9.229347826086958,10.058333333333332,13.515934065934067,16.509677419354837
USC00360634,1948,10.469021739130435,10.065,13.293956043956044,11.577419354838709
USC00360634,1949,11.15,10.903333333333332,13.206043956043956,15.566129032258067
USC00360634,1950,9.030978260869565,9.153333333333334,12.950549450549453,14.432258064516128
USC00360634,1951,10.697282608695652,10.656666666666666,12.370329670329673,14.343548387096776
USC00360634,1952,10.094021739130435,11.841666666666669,12.507692307692308,11.114516129032259
USC00360634,1954,11.125882352941176,12.26304347826087,13.354444444444443,14.708333333333334
USC00360634,1955,8.3,12.103333333333332,12.654945054945054,14.453225806451615
USC00360634,1956,8.448351648351649,8.886666666666665,12.233516483516484,13.441935483870967
USC00360634,1958,10.329347826086956,12.259999999999998,12.058333333333334,11.335483870967739
USC00360634,1959,11.074456521739132,11.871666666666664,13.624725274725273,13.461290322580643
USC00360634,1960,10.53695652173913,14.348333333333333,14.263186813186808,14.059677419354838
USC00360634,1961,10.072826086956521,8.925,14.745054945054948,14.030645161290321
USC00360634,1962,10.266847826086956,10.640000000000002,11.21222222222222,12.596666666666666
USC00360634,1963,11.620108695652174,12.201666666666666,15.225308641975305,17.89375
USC00360656,1972,9.1625,8.648333333333335,10.947802197802199,9.480645161290324
USC00360656,1973,10.377717391304348,9.943333333333335,13.024175824175824,13.02258064516129
USC00360656,1974,10.143478260869564,11.028333333333334,11.426923076923078,10.14032258064516
USC00360656,1975,9.160869565217393,7.564999999999999,12.929670329670332,13.76451612903226
USC00360656,1976,10.68913043478261,11.826666666666666,9.63131868131868,8.822580645161292
USC00360656,1977,12.371739130434786,12.093333333333334,12.183516483516485,10.76451612903226
USC00360656,1978,8.795108695652173,9.875,11.964835164835167,10.446774193548386
USC00360656,1979,10.173369565217392,9.258333333333333,12.33131868131868,10.895161290322582
USC00360656,1980,10.144565217391305,10.878333333333332,11.39120879120879,10.404838709677419
USC00360656,1981,10.0125,11.598333333333333,10.858791208791207,9.530645161290321
USC00360656,1982,9.321195652173913,8.263333333333332,11.51428571428571,11.027419354838708
USC00360656,1983,8.921195652173914,8.445,11.62857142857143,11.059677419354838
USC00360656,1984,7.2239130434782615,7.9883333333333315,11.35824175824176,13.869354838709679
USC00360656,1985,11.244565217391306,11.721666666666666,13.29010989010989,12.483870967741936
USC00360656,1986,10.760326086956523,10.92666666666667,11.630219780219782,12.496774193548388
USC00360656,1987,10.714130434782607,9.865000000000002,11.217582417582417,8.838709677419356
USC00360656,1988,10.129891304347826,9.135,10.829120879120879,9.341935483870966
USC00360656,1989,9.044565217391305,8.84,11.816483516483519,12.558064516129033
USC00360656,1990,10.457065217391305,10.591666666666667,12.673076923076923,13.43548387096774
USC00360656,1991,11.571428571428575,10.46166666666667,10.606593406593406,11.030645161290321
USC00360656,1992,7.7135869565217385,8.41,9.69120879120879,8.617741935483872
USC00360656,1993,8.377173913043478,8.581666666666667,10.797252747252749,9.759677419354839
USC00360656,1994,9.634239130434782,12.306666666666667,12.424725274725276,11.422580645161291
USC00360656,1995,10.032065217391304,8.97,11.280219780219777,13.17258064516129
USC00360656,1996,8.344021739130435,9.731666666666667,10.475274725274726,11.151612903225807
USC00360656,1997,8.297826086956523,8.086666666666666,11.828021978021978,12.5
USC00360656,1998,11.952173913043477,11.993333333333332,13.558241758241754,12.929032258064515
USC00360656,1999,10.055978260869566,10.514999999999997,12.332967032967032,10.417741935483871
USC00360656,2000,11.304891304347823,9.606666666666666,11.82967032967033,12.853225806451613
USC00360656,2001,10.183152173913042,11.055000000000001,13.173076923076925,12.477419354838709
USC00360656,2002,10.725,12.055000000000001,12.013736263736261,11.251612903225807
USC00360656,2003,9.596195652173913,9.793333333333331,12.796703296703297,10.835483870967742
USC00360656,2004,12.089130434782609,10.891666666666664,13.04065934065934,11.93548387096774
USC00360656,2005,9.309239130434781,11.306666666666667,14.302747252747253,13.748387096774193
USC00360656,2006,10.897826086956522,12.134999999999996,12.366483516483518,11.372580645161294
USC00360656,2007,10.443478260869567,9.231666666666667,14.130769230769227,16.230645161290322
USC00360656,2008,10.180434782608698,11.889999999999999,12.13131868131868,11.31290322580645
USC00360656,2009,10.556521739130435,10.988333333333333,12.684615384615386,11.269354838709674
USC00360656,2010,12.716847826086955,12.861666666666668,12.823076923076918,12.132258064516128
USC00360656,2011,11.204347826086956,11.703333333333335,13.414285714285715,12.35967741935484
USC00360656,2012,13.43695652173913,11.221666666666666,11.99945054945055,12.411290322580644
USC00360656,2013,10.009239130434782,11.296666666666669,12.245604395604394,13.416129032258064
USC00360656,2014,9.207608695652175,10.351666666666667,12.179120879120878,13.26290322580645
USC00360656,2015,10.805978260869566,11.105,13.861538461538466,11.630645161290323
USC00360656,2016,11.157065217391304,10.196666666666667,14.400549450549452,14.051612903225807
USC00360656,2017,10.791304347826086,13.885,13.568131868131866,15.103225806451613
USC00360656,2018,9.838043478260868,8.018333333333334,12.785714285714286,13.39032258064516
USC00360656,2019,11.059782608695654,12.281666666666666,13.15879120879121,14.05967741935484
USC00360656,2020,10.350543478260873,9.008333333333333,13.5010989010989,13.282258064516126
USC00360656,2021,11.285326086956522,11.468333333333332,13.714835164835167,15.666129032258064
USC00360656,2022,10.953804347826088,9.938333333333333,12.601648351648352,11.045161290322582
USC00360656,2023,10.76413043478261,12.476666666666667,13.288461538461538,14.024193548387098
USC00360656,2024,12.771195652173912,12.393333333333334,13.636263736263738,13.424193548387096
USC00360656,2025,12.266847826086956,12.004999999999999,13.429120879120878,13.243548387096775
USC00360736,1946,10.116304347826087,7.733333333333333,12.402747252747249,13.208064516129031
USC00360736,1947,6.635869565217392,9.128333333333334,11.610000000000001,15.319354838709678
USC00360736,1948,9.46923076923077,10.241666666666665,11.067032967032967,9.009677419354839
USC00360736,1949,8.615760869565218,7.995,10.689010989010988,14.1
USC00360736,1950,6.402717391304347,5.638333333333334,9.8032967032967,12.509677419354837
USC00360736,1951,8.071739130434782,7.476666666666666,9.355813953488374,11.142307692307694
USC00360736,1952,7.759239130434783,9.298333333333334,10.38021978021978,8.398387096774194
USC00360736,1953,8.716847826086957,6.9883333333333315,12.041758241758243,12.972580645161289
USC00360736,1954,8.603260869565219,12.318333333333332,11.169780219780218,11.71290322580645
USC00360736,1955,10.319565217391306,12.125,10.643406593406594,11.748387096774193
USC00360736,1956,7.1130434782608685,6.778333333333334,10.557142857142857,12.58225806451613
USC00360736,1957,9.266304347826086,10.545,10.184615384615386,8.75
USC00360736,1958,7.445652173913044,9.330000000000002,10.489560439560439,9.893548387096773
USC00360736,1959,9.322826086956521,9.841666666666667,10.864285714285716,10.91451612903226
USC00360736,1960,7.201111111111112,12.038333333333332,11.282417582417583,10.659677419354837
USC00360736,1961,6.639130434782608,4.868333333333334,12.293956043956042,12.35483870967742
USC00360736,1962,9.312499999999998,8.85,9.692857142857143,11.074193548387095
USC00360736,1963,9.166847826086956,9.329999999999997,11.90274725274725,14.696774193548388
USC00360736,1964,9.290217391304349,8.981666666666666,11.17142857142857,9.488709677419354
USC00360736,1965,8.32336956521739,7.984999999999999,10.617582417582419,8.97741935483871
USC00360736,1966,7.70217391304348,6.638333333333333,9.928571428571427,9.44032258064516
USC00360736,1967,7.847282608695651,10.083333333333334,8.713186813186814,9.982258064516131
USC00360736,1968,9.083152173913044,10.783333333333331,10.83956043956044,10.829032258064514
USC00360736,1969,8.854891304347827,10.92,9.693406593406593,10.441935483870969
USC00360736,1970,8.494021739130435,9.615000000000002,12.17032967032967,12.285483870967743
USC00360736,1971,6.607065217391306,7.008333333333332,12.533333333333331,14.608064516129033
USC00360736,1972,7.963736263736264,7.7666666666666675,9.256043956043957,7.96774193548387
USC00360736,1974,9.166304347826088,10.28833333333333,9.745054945054944,9.751612903225809
USC00360736,1975,7.695652173913045,5.681666666666667,11.323684210526316,11.529166666666667
USC00360753,1910,12.103804347826086,13.109999999999998,12.873214285714285,13.563333333333334
USC00360753,1911,10.795054945054945,9.486206896551725,11.820786516853932,11.851666666666667
USC00360753,1912,9.476923076923077,9.698333333333332,12.349438202247192,12.282258064516132
USC00360753,1913,10.999450549450549,11.35833333333333,12.645604395604396,13.354838709677422
USC00360753,1914,9.14782608695652,8.871666666666668,11.71777777777778,13.790322580645164
USC00360753,1915,9.33967391304348,12.981666666666667,12.414285714285713,12.312903225806457
USC00360753,1916,8.541847826086956,9.726666666666668,11.205494505494505,11.259677419354837
USC00360753,1917,8.265760869565216,9.791666666666668,9.317032967032969,9.248387096774191
USC00360753,1918,11.26195652173913,9.501666666666665,11.534065934065934,13.022580645161288
USC00360753,1919,9.841304347826087,9.106666666666666,13.035164835164833,14.167741935483871
USC00360753,1920,8.732608695652173,7.708333333333333,12.556043956043956,14.480645161290324
USC00360753,1921,12.88532608695652,13.198333333333334,12.786263736263736,11.391935483870968
USC00360753,1922,10.442934782608694,9.978333333333333,12.731318681318683,12.788709677419355
USC00360753,1923,9.178804347826086,10.006666666666668,11.514835164835164,10.883870967741933
USC00360753,1924,7.8125,7.7299999999999995,10.785714285714286,11.196774193548391
USC00360753,1925,9.794021739130434,10.896666666666667,10.531318681318682,7.966129032258065
USC00360753,1926,7.921176470588235,7.306521739130435,11.025824175824177,10.761290322580646
USC00360753,1927,9.237362637362638,8.073333333333332,12.473076923076922,12.709677419354838
USC00360753,1928,8.513043478260869,8.326666666666664,11.87142857142857,12.935483870967742
USC00360753,1929,10.6375,10.615000000000002,10.993406593406595,9.437096774193547
USC00360753,1930,9.523913043478261,8.81,13.07197802197802,11.620967741935484
USC00360753,1931,10.259239130434784,9.909999999999997,15.143956043956045,13.5
USC00360753,1932,8.90326086956522,8.921666666666665,11.634615384615381,12.183870967741935
USC00360753,1933,10.46195652173913,11.151666666666667,11.19175824175824,11.040322580645162
USC00360753,1934,10.235869565217392,10.706666666666667,12.56923076923077,10.827419354838709
USC00360753,1935,7.449180327868852,9.203333333333331,12.491666666666667,12.24193548387097
USC00360753,1936,10.976666666666667,8.549999999999999,11.858241758241757,12.575806451612904
USC00360753,1939,9.491847826086957,8.545,11.108791208791207,11.183870967741935
USC00360753,1940,8.088586956521738,7.526666666666667,10.757777777777779,9.9
USC00360753,1942,10.398369565217392,10.898333333333333,10.803846153846154,11.075806451612904
USC00360763,1915,10.099456521739132,13.63,12.564835164835163,13.025806451612903
USC00360763,1916,9.25054347826087,10.188333333333333,11.738888888888884,12.081666666666667
USC00360763,1960,8.56304347826087,12.678333333333333,12.712087912087915,12.156451612903222
USC00360763,1961,8.783695652173913,7.961666666666668,14.116483516483513,13.558064516129031
USC00360763,1962,10.559239130434781,10.643333333333334,11.231868131868133,12.75967741935484
USC00360763,1963,10.167391304347825,10.986666666666672,13.432967032967031,15.414516129032254
USC00360763,1964,10.19836956521739,8.721666666666668,12.43131868131868,10.912903225806453
USC00360763,1965,9.433152173913046,8.205000000000002,11.927222222222223,10.69032258064516
USC00360763,1966,8.928804347826087,7.659999999999999,11.575824175824177,11.130645161290323
USC00360763,1967,8.50380434782609,10.688333333333336,10.696703296703296,11.059677419354838
USC00360763,1968,10.157065217391304,11.638333333333332,12.661538461538465,12.9
USC00360763,1969,10.526086956521738,11.513333333333332,11.756593406593408,11.603225806451615
USC00360763,1970,9.88586956521739,10.231666666666666,13.707142857142859,13.682258064516128
USC00360763,1971,9.283152173913043,9.925,13.340109890109888,14.688709677419354
USC00360763,1972,9.278804347826087,9.043333333333333,11.01978021978022,9.553225806451612
USC00360763,1973,10.340760869565218,10.081666666666667,13.007692307692311,12.854838709677418
USC00360763,1974,10.295652173913043,10.678333333333333,11.33021978021978,10.367741935483872
USC00360763,1975,9.112637362637363,7.182758620689656,12.816483516483519,13.485483870967743
USC00360763,1976,10.606593406593406,12.166666666666664,10.02197802197802,9.296774193548385
USC00360763,1977,12.62445652173913,12.183333333333332,12.341208791208793,10.933870967741933
USC00360763,1978,7.316304347826086,7.255,12.08131868131868,10.554838709677421
USC00360763,1979,10.408695652173913,9.498333333333333,12.473076923076922,11.416129032258064
USC00360763,1980,10.072159090909091,10.761666666666665,11.9875,10.138636363636364
USC00360763,1983,8.921739130434784,8.513333333333332,11.830769230769233,11.498387096774193
USC00360763,1984,6.882065217391304,8.031666666666666,11.32857142857143,13.661290322580646
USC00360763,1985,12.345108695652172,13.234999999999996,13.65888888888889,13.343333333333334
USC00360763,1986,11.21195652173913,10.853333333333333,11.618131868131869,12.291935483870969
USC00360763,1987,10.996739130434781,10.561666666666667,11.128021978021978,9.39516129032258
USC00360763,1988,9.983695652173912,9.561666666666667,10.132758620689657,9.111290322580647
USC00360763,1989,8.857692307692307,9.031666666666666,11.906593406593407,12.562903225806451
USC00360763,1991,11.78858695652174,10.916666666666668,11.9989010989011,12.261290322580646
USC00360763,1992,8.728804347826086,9.428333333333331,10.845054945054946,10.070967741935481
USC00360763,1993,9.648876404494382,9.639999999999997,11.203296703296703,10.583870967741932
USC00360763,1994,9.540217391304347,12.263333333333334,12.424175824175823,11.293548387096775
USC00360763,1995,9.651630434782607,8.531666666666666,11.407142857142855,13.288709677419357
USC00360763,1996,8.400543478260868,10.221666666666668,10.92802197802198,11.259677419354837
USC00360763,1997,8.732065217391304,8.919999999999998,11.21923076923077,12.022580645161291
USC00360763,1998,11.298913043478262,11.338333333333333,13.38956043956044,12.745161290322581
USC00360763,1999,10.685465116279069,10.178333333333333,10.811538461538461,9.035483870967743
USC00360763,2000,9.518478260869564,7.716666666666667,11.66758241758242,12.635483870967743
USC00360763,2001,9.543478260869566,10.281666666666668,13.270224719101122,12.333870967741937
USC00360763,2002,9.997282608695654,11.628333333333336,12.035164835164833,10.943548387096774
USC00360763,2003,8.851630434782608,9.095,12.34230769230769,10.595161290322578
USC00360763,2004,11.4,10.088333333333335,12.988888888888887,10.943333333333332
USC00360763,2005,8.326086956521738,10.556666666666667,13.594444444444441,13.434999999999999
USC00360763,2006,9.800543478260868,9.971666666666668,11.770879120879123,10.983870967741936
USC00360785,1980,9.908152173913043,10.626666666666665,10.959550561797753,10.180645161290323
USC00360785,1981,9.947752808988763,11.036666666666667,10.799999999999999,9.258928571428573
USC00360785,1982,9.165555555555555,8.658928571428572,11.359523809523811,11.25
USC00360785,1983,8.143478260869564,7.253333333333335,12.435227272727273,12.86551724137931
USC00360785,1984,7.489080459770115,8.732758620689655,12.10542168674699,14.131034482758619
USC00360785,1985,10.69943820224719,11.521666666666667,13.848591549295772,12.25
USC00360785,1990,9.128260869565219,9.121666666666666,11.722527472527473,12.725806451612904
USC00360785,1991,10.999999999999998,10.216666666666667,10.667582417582416,10.832258064516125
USC00360785,1992,7.4386363636363635,7.998333333333333,9.60548780487805,8.033928571428572
USC00360785,1993,9.15108695652174,9.648333333333333,11.39593023255814,10.55
USC00360785,1994,8.914444444444445,10.91964285714286,12.016483516483516,10.295161290322582
USC00360785,1995,10.067977528089887,9.170370370370371,11.731868131868136,13.461290322580643
USC00360785,1996,8.347252747252748,9.685,11.094886363636363,11.45892857142857
USC00360785,1997,8.717045454545454,7.924999999999999,11.428235294117647,12.114814814814817
USC00360785,1998,11.547282608695653,11.573333333333332,12.954945054945059,12.791935483870969
USC00360785,1999,9.576923076923077,10.055,12.38,10.248387096774193
USC00360785,2000,10.53641304347826,9.156666666666666,10.764285714285714,11.153225806451612
USC00360785,2001,9.146739130434783,9.365000000000002,11.760439560439556,11.3
USC00360785,2004,11.414673913043476,10.023333333333332,12.135057471264366,9.938709677419356
USC00360785,2005,8.134239130434784,10.471666666666668,14.712500000000004,14.748214285714285
USC00360785,2006,11.27159090909091,12.648333333333333,11.704651162790697,11.067741935483872
USC00360785,2007,9.27608695652174,7.915000000000001,13.179670329670332,15.848387096774193
USC00360785,2008,9.426923076923076,11.12758620689655,11.663736263736261,10.891935483870968
USC00360785,2010,12.06,12.424999999999999,12.791758241758242,12.395161290322578
USC00360785,2011,10.893406593406594,11.537931034482757,13.028021978021975,11.879032258064516
USC00360785,2012,12.439130434782605,10.175,11.523333333333332,12.89032258064516
USC00360785,2013,9.441847826086958,9.76666666666667,11.946590909090911,12.983333333333336
USC00360785,2014,8.183516483516483,9.353333333333333,11.506043956043955,12.709677419354838
USC00360785,2015,9.31,9.901666666666667,13.150549450549448,11.462903225806448
USC00360785,2016,10.654891304347826,9.676666666666666,13.234615384615386,13.029032258064513
USC00360785,2017,9.322839506172839,13.161666666666664,13.07967032967033,14.714516129032257
USC00360785,2018,9.22710843373494,7.679999999999999,12.66648351648352,13.124193548387098
USC00360785,2019,10.698913043478262,12.323333333333332,12.155494505494506,12.916129032258064
USC00360785,2020,10.187500000000002,8.551666666666668,12.917032967032968,12.74516129032258
USC00360785,2021,10.74945652173913,10.966666666666667,13.38901098901099,15.566129032258067
USC00360785,2022,10.35163043478261,9.211666666666666,11.856593406593406,10.183870967741937
USC00360785,2023,10.04,11.905000000000001,12.111538461538462,13.159677419354841
USC00360785,2024,10.972941176470588,10.19107142857143,12.77784090909091,12.312903225806451
USC00360785,2025,11.317977528089889,10.834999999999999,12.299999999999999,11.943548387096772
USC00360861,2012,13.895454545454543,10.974999999999996,12.085714285714287,12.95
USC00360861,2015,10.99022988505747,12.182142857142855,14.519101123595503,12.541379310344826
USC00360861,2016,12.06413043478261,11.438333333333333,14.619186046511627,14.126666666666665
USC00360861,2017,10.919879518072289,13.348275862068967,13.789285714285715,15.501666666666667
USC00360861,2018,10.001282051282052,7.890000000000001,13.676470588235292,14.030000000000001
USC00360861,2019,11.151851851851852,12.106666666666666,13.7,14.303333333333335
USC00360861,2020,10.564673913043478,8.708333333333334,13.68901098901099,13.103225806451613
USC00360861,2021,11.068478260869567,10.88,13.711538461538463,16.072580645161292
USC00360861,2022,10.67282608695652,9.128333333333332,11.816483516483519,10.720967741935484
USC00360861,2023,10.456521739130435,11.606666666666666,13.048235294117644,14.198
USC00360861,2024,12.734782608695651,12.310000000000002,14.158750000000001,14.225999999999999
USC00360868,1942,8.766304347826088,9.511666666666665,9.51208791208791,10.14516129032258
USC00360868,1943,6.017391304347825,3.72,7.526373626373626,8.095161290322581
USC00360868,1944,6.86043956043956,4.948333333333334,9.311538461538463,8.81774193548387
USC00360868,1945,7.446721311475409,9.511666666666667,10.298901098901098,8.929032258064517
USC00360868,1946,8.198901098901098,6.063793103448275,10.787362637362635,11.127419354838713
USC00360868,1947,5.221195652173913,7.256666666666669,10.128021978021978,12.81290322580645
USC00360868,1949,6.751666666666666,6.464999999999999,8.784615384615384,11.477419354838709
USC00360868,1950,4.6418478260869565,3.5666666666666673,9.006111111111109,10.8
USC00360868,1951,6.836956521739129,6.426666666666666,8.238461538461538,10.99516129032258
USC00360868,1952,5.8625,8.040000000000001,8.428021978021977,6.20483870967742
USC00360868,1953,6.771739130434782,5.174999999999999,9.173076923076923,9.541935483870969
USC00360868,1954,6.028260869565218,9.333333333333334,9.416483516483517,10.591935483870966
USC00360868,1955,7.992934782608697,9.486666666666666,8.395604395604394,9.914516129032258
USC00360868,1956,4.417934782608696,4.621666666666667,8.624725274725275,9.890322580645163
USC00360868,1957,6.740217391304349,7.378333333333333,8.260439560439561,7.541935483870968
USC00360868,1958,5.639673913043478,7.0666666666666655,9.013186813186813,9.088709677419352
USC00360868,1959,6.675543478260869,6.908333333333334,10.409146341463416,9.859677419354837
USC00360868,1960,4.508152173913044,8.96,9.441758241758242,7.979032258064516
USC00360868,1962,6.290760869565218,5.779999999999999,7.601098901098902,9.329032258064517
USC00360868,1963,6.024456521739131,6.391666666666666,10.477976190476191,11.914516129032263
USC00360868,1964,7.246739130434783,7.215,9.17197802197802,7.9080645161290315
USC00360868,1965,5.895652173913044,4.471666666666667,9.123626373626374,7.912903225806451
USC00360868,1966,5.667391304347827,5.173333333333334,8.234065934065935,7.932258064516131
USC00360868,1967,5.227173913043479,7.5633333333333335,7.702747252747252,9.430645161290322
USC00360868,1968,7.038043478260867,8.889999999999999,9.737362637362637,10.075806451612904
USC00360868,1969,6.484782608695651,8.47,8.534615384615385,8.943548387096774
USC00360868,1970,6.652717391304347,7.2216666666666685,10.67142857142857,11.100000000000001
USC00360868,1971,4.732608695652175,4.8066666666666675,11.00879120879121,12.575806451612902
USC00360868,1972,5.545108695652174,4.909999999999999,7.958241758241757,6.751612903225806
USC00360868,1973,7.843478260869567,7.533333333333333,9.997252747252746,10.556451612903226
USC00360868,1974,6.6625,7.568333333333333,7.604945054945055,6.919354838709678
USC00360868,1975,5.313043478260869,2.74,9.58448275862069,9.898214285714289
USC00360868,1976,6.893406593406593,6.77241379310345,5.96875,5.922580645161291
USC00360868,1977,7.653260869565217,7.045,9.039010989010988,7.3435483870967735
USC00360868,1978,4.790760869565217,5.048333333333333,8.382777777777777,7.829999999999999
USC00360868,1979,6.65054347826087,5.62,9.26208791208791,8.679032258064517
USC00360868,1980,5.644565217391305,6.363333333333332,6.590000000000002,5.767741935483872
USC00360868,1981,5.482065217391304,7.333333333333332,6.936263736263738,6.001612903225807
USC00360868,1982,5.358695652173914,3.79,7.8769230769230765,7.727419354838708
USC00360868,1983,5.373369565217392,5.219999999999999,8.315384615384614,8.23225806451613
USC00360868,1984,3.557065217391304,6.5649999999999995,9.290109890109889,12.58870967741935
USC00360868,1985,8.12391304347826,9.463333333333333,9.71098901098901,8.764516129032257
USC00360868,1986,7.935869565217391,7.715000000000001,7.799450549450548,7.583870967741936
USC00360868,1987,7.780978260869565,8.153333333333332,8.030219780219781,6.017741935483872
USC00360868,1988,6.197282608695652,5.681666666666668,7.668131868131869,5.79516129032258
USC00360868,1989,5.285869565217391,4.431666666666667,7.918681318681318,8.759677419354837
USC00360868,1990,6.779891304347825,7.4750000000000005,9.226111111111111,9.611666666666668
USC00360868,1991,8.669021739130436,8.475000000000001,8.335164835164836,8.790322580645162
USC00360868,1992,5.394565217391303,5.606666666666666,7.518131868131868,6.235483870967744
USC00360868,1993,5.368478260869565,6.5166666666666675,7.384065934065934,6.9870967741935495
USC00360868,1994,5.110869565217392,7.4766666666666675,8.768333333333333,7.798387096774194
USC00360868,1995,5.834239130434782,4.518333333333333,7.511666666666665,10.288709677419357
USC00360868,1996,4.933152173913044,5.508333333333334,7.456043956043956,8.524193548387096
USC00360868,1997,4.376630434782609,4.586666666666667,7.3840659340659345,8.14516129032258
USC00360868,1998,7.746703296703298,6.706666666666667,9.247802197802198,8.756451612903223
USC00360868,1999,6.217391304347826,6.765,8.97032967032967,7.4790322580645165
USC00360868,2000,7.514673913043477,5.983333333333334,7.706111111111112,8.275
USC00360868,2001,5.759782608695652,7.483333333333333,9.473076923076922,8.698387096774193
USC00360868,2002,6.33804347826087,7.203333333333333,8.602747252747253,7.533870967741936
USC00360868,2003,6.3804347826086945,6.956666666666666,8.748888888888887,6.95967741935484
USC00360868,2004,7.865217391304348,6.52,10.007692307692308,8.851612903225808
USC00360868,2005,4.558695652173912,7.223333333333334,9.88076923076923,9.091935483870966
USC00360868,2006,6.637362637362639,7.908333333333333,8.536813186813188,6.9387096774193555
USC00360868,2007,5.697802197802198,4.126666666666667,10.437912087912087,12.66451612903226
USC00360868,2008,5.319565217391305,8.569999999999999,8.086813186813187,7.143548387096775
USC00360868,2009,6.7391304347826075,6.974999999999999,8.789010989010988,6.9322580645161285
USC00360868,2010,8.122826086956522,8.78,8.607142857142858,8.551612903225807
USC00360868,2011,6.553260869565219,6.448333333333335,9.931868131868132,8.069354838709678
USC00360868,2012,9.344021739130437,5.781666666666665,8.404945054945054,9.267741935483869
USC00360868,2013,5.788586956521739,6.491666666666665,8.151648351648353,9.604838709677418
USC00360868,2014,4.7146739130434785,6.063333333333333,8.445604395604398,9.759677419354839
USC00360868,2015,5.833152173913044,5.926666666666668,10.47032967032967,8.70322580645161
USC00360868,2016,7.0548913043478265,5.71,10.430769230769231,10.358064516129035
USC00360868,2017,6.836956521739129,9.599999999999998,9.906043956043955,11.777419354838706
USC00360868,2018,5.589130434782609,3.1783333333333337,9.35879120879121,9.364516129032259
USC00360868,2019,6.371195652173912,6.980000000000001,8.903846153846153,9.962903225806452
USC00360868,2020,6.585326086956523,4.8183333333333325,9.463186813186814,8.891935483870968
USC00360868,2021,6.940217391304348,7.299999999999999,10.417032967032966,13.056451612903226
USC00360868,2022,7.030978260869565,6.204999999999999,9.18956043956044,7.917741935483872
USC00360868,2023,6.707065217391305,8.473333333333333,9.5489010989011,10.83548387096774
USC00360868,2024,8.484782608695651,7.803333333333333,10.609340659340658,9.854838709677418
USC00360868,2025,7.6141304347826075,7.450000000000001,9.28076923076923,9.425806451612903
USC00361001,1897,14.32802197802198,13.6,16.332967032967034,18.351612903225806
USC00361001,1911,9.0,7.516666666666666,9.78076923076923,10.308064516129033
USC00361001,1913,9.95056179775281,10.118518518518519,11.803370786516854,12.211666666666664
USC00361001,1915,6.254347826086955,9.718333333333335,10.252808988764047,9.933870967741933
USC00361001,1916,6.023888888888889,7.117857142857142,8.600000000000001,8.636666666666665
USC00361001,1917,5.822282608695651,6.558333333333334,6.55,6.033333333333333
USC00361001,1918,8.508333333333333,6.6466666666666665,8.705487804878048,10.500000000000002
USC00361001,1919,7.770329670329669,7.136666666666667,10.268452380952382,11.634615384615385
USC00361001,1920,6.104651162790698,4.625,9.836931818181819,11.738333333333333
USC00361001,1921,10.03111111111111,10.225,10.400595238095239,9.47413793103448
USC00361001,1922,8.093820224719101,8.23793103448276,10.303888888888888,10.172580645161291
USC00361001,1923,5.70056179775281,6.229310344827587,8.462087912087913,7.30483870967742
USC00361001,1924,3.1381355932203387,5.461666666666667,7.740109890109889,8.791935483870967
USC00361001,1925,6.785227272727272,8.283928571428572,8.121910112359549,5.330645161290322
USC00361001,1926,4.784269662921348,4.458928571428571,8.74712643678161,8.487096774193548
USC00361001,1928,5.24438202247191,4.710714285714286,9.123563218390805,10.710714285714285
USC00361001,1929,7.892441860465116,8.380357142857143,7.814880952380953,7.485000000000001
USC00361001,1930,6.1625,7.1899999999999995,9.235795454545455,8.135
USC00361001,1931,6.293956043956046,6.556896551724138,12.135164835164835,10.564516129032258
USC00361001,1932,5.5807692307692305,5.860000000000002,9.518235294117645,10.542592592592591
USC00361001,1933,8.155434782608696,9.69,10.003296703296702,9.848387096774195
USC00361001,1934,6.997777777777776,7.278333333333333,10.366233766233764,7.873529411764707
USC00361001,1935,6.556521739130434,6.0583333333333345,8.893956043956045,8.329032258064517
USC00361001,1936,7.203888888888889,5.128333333333333,9.966279069767443,10.193548387096776
USC00361001,1937,5.988505747126437,6.351923076923077,8.81470588235294,8.137096774193548
USC00361001,1938,7.839673913043477,7.756666666666666,13.888524590163936,11.63548387096774
USC00361001,1939,6.063043478260869,4.36,8.467222222222222,9.19838709677419
USC00361001,1940,4.840449438202247,6.041071428571429,,
USC00361001,1941,6.367582417582418,9.598275862068967,10.281868131868132,11.122580645161289
USC00361001,1942,8.78695652173913,9.486666666666668,9.67032967032967,10.26935483870968
USC00361004,1964,8.891847826086956,8.688333333333333,10.489010989010989,9.038709677419355
USC00361004,1965,8.171195652173912,7.7299999999999995,10.71098901098901,9.024193548387098
USC00361004,1966,7.642391304347826,6.958333333333333,10.434666666666667,9.825
USC00361004,1968,8.50054347826087,10.011666666666667,11.020329670329671,11.00967741935484
USC00361004,1969,8.171084337349397,10.014285714285714,9.760439560439561,9.808064516129033
USC00361004,1970,8.642391304347827,9.363333333333333,11.75879120879121,11.561290322580646
USC00361004,1971,6.5701086956521735,6.9783333333333335,12.553846153846155,13.970967741935484
USC00361004,1972,7.8625,7.455,9.660989010989011,8.32258064516129
USC00361004,1973,9.316847826086954,8.933333333333334,11.592857142857145,11.906451612903224
USC00361004,1974,8.573913043478262,9.254999999999999,9.598901098901097,8.527419354838708
USC00361004,1975,7.513043478260869,5.461666666666667,11.43956043956044,12.043548387096774
USC00361004,1976,9.418478260869566,9.574999999999998,7.8923076923076945,8.02258064516129
USC00361004,1977,10.609782608695653,9.715000000000002,11.113186813186815,9.38225806451613
USC00361004,1978,7.480434782608695,8.334999999999999,10.67032967032967,9.427419354838708
USC00361004,1979,8.7875,7.676666666666666,,
USC00361004,1980,8.148913043478261,8.243333333333332,9.591758241758242,8.1241935483871
USC00361004,1981,8.54175824175824,10.478333333333333,9.688888888888888,9.318333333333333
USC00361004,1982,8.138043478260869,6.116666666666666,10.785714285714286,10.708064516129031
USC00361004,1983,7.692934782608695,7.368333333333333,11.12912087912088,11.066129032258067
USC00361004,1984,6.455978260869564,8.395000000000001,11.157692307692308,13.808064516129033
USC00361004,1985,9.719565217391304,10.52,11.566483516483519,10.824193548387099
USC00361004,1986,8.857608695652173,9.778333333333334,10.013186813186813,10.835483870967739
USC00361004,1987,8.941304347826087,8.943333333333332,9.414835164835164,7.283870967741937
USC00361004,1988,7.691847826086955,7.523333333333334,8.830219780219782,7.006451612903227
USC00361004,1989,6.57717391304348,5.461666666666668,9.046153846153846,9.738709677419356
USC00361004,1990,7.736956521739131,8.471666666666666,10.453846153846152,10.667741935483871
USC00361004,1991,9.471739130434784,8.548333333333334,9.004395604395606,9.82258064516129
USC00361004,1992,6.385869565217392,7.506666666666666,8.771428571428572,7.211290322580645
USC00361004,1993,6.834239130434784,7.878333333333333,8.929120879120878,8.175806451612903
USC00361004,1994,6.2135869565217385,8.511666666666667,9.687912087912089,8.62741935483871
USC00361004,1995,7.227717391304347,5.713333333333333,8.49010989010989,10.441935483870969
USC00361080,1979,10.197826086956521,8.831666666666667,12.413186813186812,11.009677419354837
USC00361080,1980,10.151630434782609,10.870000000000001,11.657142857142858,10.843548387096776
USC00361080,1981,9.996195652173913,11.051666666666666,11.193956043956044,9.941935483870969
USC00361080,1982,9.48858695652174,8.718333333333332,12.595054945054946,12.32258064516129
USC00361080,1983,9.528804347826089,9.253333333333336,12.76428571428571,12.401612903225805
USC00361080,1984,8.006521739130434,9.161666666666665,12.381318681318682,14.943548387096772
USC00361080,1985,11.21141304347826,11.531666666666668,13.406593406593407,12.830645161290322
USC00361080,1986,10.747282608695652,9.793333333333333,11.754945054945056,12.529032258064515
USC00361080,1987,10.78641304347826,10.495000000000001,11.38846153846154,9.782258064516132
USC00361080,1992,7.942222222222223,8.149999999999999,10.81098901098901,9.529032258064515
USC00361080,1993,9.204891304347827,10.065,11.541379310344828,10.583333333333334
USC00361080,1994,8.861413043478262,10.926666666666668,11.383516483516482,9.75806451612903
USC00361080,1995,9.941304347826087,9.178333333333335,11.549450549450547,13.330645161290322
USC00361080,1996,8.42663043478261,10.121666666666668,10.69120879120879,11.027419354838708
USC00361080,1997,8.338461538461537,8.376666666666667,11.176923076923076,11.651612903225807
USC00361080,1998,10.956521739130434,10.328333333333331,11.82142857142857,11.480645161290326
USC00361080,2000,10.530978260869565,9.486666666666668,11.235714285714286,11.65322580645161
USC00361080,2001,9.430434782608696,10.213333333333333,12.32443181818182,12.207142857142856
USC00361080,2002,10.141208791208792,11.44655172413793,7.957377049180329,10.891935483870967
USC00361080,2003,8.825,8.818333333333333,11.974157303370786,10.061290322580643
USC00361080,2004,11.654891304347828,10.466666666666669,12.090659340659343,11.138709677419353
USC00361080,2005,8.445108695652173,10.846666666666666,12.930219780219781,12.211290322580645
USC00361080,2006,9.989130434782608,10.665,11.557142857142857,10.156451612903227
USC00361080,2007,9.259782608695652,8.033333333333335,12.946153846153845,15.211290322580645
USC00361080,2008,9.092391304347826,11.083333333333334,10.443103448275862,9.569354838709678
USC00361080,2009,10.026136363636363,10.636666666666667,10.945054945054945,9.51774193548387
USC00361080,2010,11.528260869565216,11.888333333333334,11.767032967032966,11.345161290322581
USC00361080,2011,10.202197802197801,10.939655172413795,12.187912087912087,11.356451612903228
USC00361080,2012,11.253804347826089,9.021666666666668,10.014534883720932,11.274074074074077
USC00361080,2013,8.62840909090909,8.896666666666668,9.74494382022472,11.10483870967742
USC00361080,2016,10.430978260869566,9.481666666666666,12.9489010989011,12.306451612903226
USC00361080,2017,9.917391304347827,12.591666666666667,12.560714285714285,14.85
USC00361080,2018,9.37391304347826,7.874999999999999,12.42032967032967,12.764516129032256
USC00361080,2019,9.697260273972603,12.489999999999998,12.32802197802198,13.63709677419355
USC00361080,2020,10.191847826086958,8.951666666666666,13.34725274725275,13.333870967741936
USC00361080,2021,10.743478260869566,10.693333333333332,13.788461538461538,15.587096774193547
USC00361080,2022,10.648913043478261,9.761666666666667,12.477272727272727,11.365000000000002
USC00361105,1949,7.730978260869566,7.4350000000000005,10.374444444444444,12.976666666666668
USC00361105,1950,7.097282608695653,6.276666666666667,10.701666666666666,12.051612903225806
USC00361105,1951,8.6010989010989,7.896551724137931,9.62967032967033,11.766129032258068
USC00361105,1952,8.44945652173913,9.294999999999998,9.599450549450548,7.280645161290321
USC00361105,1953,9.491847826086957,7.593333333333334,10.56978021978022,10.875806451612904
USC00361105,1954,8.241847826086957,11.275000000000002,11.102747252747251,12.26290322580645
USC00361105,1955,10.305978260869566,12.036666666666665,9.706593406593406,10.167741935483871
USC00361105,1956,7.655434782608695,7.579999999999999,9.801648351648351,10.882258064516128
USC00361105,1957,9.219565217391303,10.033333333333333,9.290109890109889,7.769354838709678
USC00361105,1958,7.215217391304349,8.741666666666667,9.925274725274726,9.21290322580645
USC00361105,1959,8.51141304347826,8.8,10.369662921348315,10.779310344827588
USC00361105,1960,5.88858695652174,10.273333333333333,10.523626373626373,9.454838709677418
USC00361105,1961,7.156521739130435,5.701666666666666,11.51923076923077,11.162903225806453
USC00361105,1962,8.482608695652175,7.093333333333335,9.419230769230769,10.425806451612905
USC00361105,1963,8.244565217391303,8.156666666666668,10.507142857142856,11.606451612903227
USC00361105,1964,9.433152173913046,9.595,9.644505494505495,7.311290322580646
USC00361105,1965,8.632608695652173,7.635000000000001,10.244505494505496,8.462903225806452
USC00361105,1966,7.240760869565219,7.413333333333332,9.16208791208791,8.256451612903225
USC00361105,1967,7.507065217391304,8.94,8.232417582417582,9.398387096774194
USC00361105,1968,8.035326086956522,9.026666666666669,14.351639344262294,11.493548387096773
USC00361105,1969,7.931868131868133,9.018333333333336,9.836263736263737,9.774193548387096
USC00361105,1970,4.918032786885246,9.318333333333333,11.920879120879123,11.345161290322583
USC00361105,1971,5.925543478260869,6.131666666666666,11.253125,13.172580645161291
USC00361105,1972,8.301086956521738,8.058333333333335,9.51978021978022,7.798387096774194
USC00361105,1973,9.773913043478261,8.958333333333332,11.89065934065934,12.424193548387096
USC00361105,1974,8.953804347826086,8.923333333333334,9.419780219780218,8.038709677419353
USC00361105,1975,7.572282608695652,5.306666666666667,10.705494505494505,10.933870967741933
USC00361105,1976,9.303846153846152,9.113333333333335,7.415384615384615,7.354838709677419
USC00361105,1977,10.291847826086958,9.800000000000002,11.112087912087912,9.059677419354838
USC00361105,1978,6.873369565217391,8.033333333333333,10.678571428571429,8.708064516129033
USC00361105,1979,8.40989010989011,8.34655172413793,10.507222222222222,9.370000000000001
USC00361105,1980,3.9575000000000005,7.793333333333334,9.645505617977529,8.140322580645162
USC00361105,1981,8.303804347826086,10.64166666666667,9.583333333333334,
USC00361105,1982,9.026630434782607,6.863333333333332,11.875274725274723,12.074193548387095
USC00361105,1983,7.949456521739131,7.6866666666666665,11.265934065934067,11.20967741935484
USC00361105,1984,2.3418478260869566,3.6083333333333334,10.422527472527474,13.580645161290324
USC00361105,1985,9.568478260869565,9.868333333333334,12.457142857142859,11.816129032258065
USC00361105,1986,10.299999999999999,10.56,11.493956043956047,12.066129032258067
USC00361105,1987,9.708152173913044,8.546666666666669,10.526373626373628,7.832258064516127
USC00361105,1988,8.16467391304348,7.795,9.69120879120879,7.282258064516129
USC00361115,1942,10.83641304347826,11.553333333333335,9.608333333333334,11.869354838709677
USC00361115,1943,8.29891304347826,5.851666666666666,9.306043956043956,9.432258064516128
USC00361115,1944,9.687222222222223,8.251666666666667,11.326744186046511,10.715000000000002
USC00361115,1945,11.648823529411766,10.875,11.353703703703705,10.603333333333335
USC00361115,1946,10.773595505617978,9.318965517241377,11.842528735632186,12.645000000000001
USC00361115,1947,8.008333333333333,9.950000000000003,12.204166666666671,13.801612903225807
USC00361115,1949,9.497826086956522,9.25,10.401098901098901,12.883870967741935
USC00361115,1951,9.496703296703297,9.641379310344828,10.6989010989011,12.261290322580646
USC00361115,1952,9.496794871794872,10.362068965517242,10.567032967032969,9.10967741935484
USC00361115,1953,10.581521739130435,9.68,11.499999999999998,12.056451612903228
USC00361115,1954,9.948333333333332,12.443333333333335,11.52912087912088,12.472580645161292
USC00361115,1955,10.63641304347826,10.936666666666667,10.359340659340658,11.385483870967741
USC00361115,1958,9.034482758620689,10.49310344827586,12.520000000000001,12.430000000000001
USC00361115,1961,8.78139534883721,7.4678571428571425,13.512921348314608,12.612903225806454
USC00361115,1962,10.58,10.626666666666669,11.161046511627909,13.012068965517244
USC00361115,1963,10.359659090909092,10.937931034482757,13.070555555555558,14.332258064516127
USC00361115,1964,11.008241758241757,10.10689655172414,12.286627906976745,10.538333333333334
USC00361115,1965,10.135555555555555,9.455000000000002,12.770689655172413,11.7
USC00361115,1966,9.769662921348315,8.29107142857143,11.54,10.87258064516129
USC00361115,1967,9.774431818181819,12.241666666666669,10.334615384615384,11.156451612903224
USC00361115,1968,11.01153846153846,12.013333333333337,11.882417582417581,12.033870967741937
USC00361115,1969,10.429347826086955,12.011666666666667,11.246551724137928,10.52096774193548
USC00361115,1970,9.547252747252747,10.641666666666667,13.365882352941176,13.95
USC00361115,1971,9.482222222222223,10.119642857142859,14.416883116883122,15.091379310344827
USC00361130,1899,9.42336956521739,10.31,11.03956043956044,12.070967741935483
USC00361130,1900,7.675,8.505,12.474725274725275,13.735483870967743
USC00361130,1903,11.487362637362637,8.686206896551724,10.148850574712645,11.648333333333335
USC00361130,1928,8.039130434782608,7.143333333333333,11.638333333333332,13.381666666666666
USC00361130,1929,11.14782608695652,11.488333333333337,11.09010989010989,10.098387096774195
USC00361130,1930,9.48532608695652,9.751666666666669,11.458791208791212,10.288709677419355
USC00361130,1931,8.456521739130435,8.776666666666667,14.486263736263735,12.975806451612904
USC00361130,1932,7.726630434782607,7.841666666666666,11.471978021978023,11.961290322580643
USC00361130,1933,9.717391304347826,10.841666666666667,10.786813186813186,10.824193548387095
USC00361130,1934,12.063114754098361,8.636666666666667,11.802747252747253,10.50806451612903
USC00361130,1936,9.822282608695652,7.051666666666667,11.805494505494504,12.898387096774192
USC00361130,1937,8.347282608695652,8.365,10.524725274725276,11.267741935483873
USC00361130,1938,10.9625,11.036666666666667,11.656043956043954,12.388709677419355
USC00361130,1939,9.747826086956522,8.231666666666666,11.656043956043957,12.277419354838708
USC00361130,1940,7.972826086956523,8.171666666666669,10.35054945054945,10.504838709677417
USC00361130,1941,9.785714285714285,13.118333333333332,13.975624999999999,14.409615384615389
USC00361130,1942,11.08695652173913,11.633333333333333,11.904494382022472,12.316129032258067
USC00361130,1943,8.217391304347824,6.268333333333333,9.975274725274724,9.654838709677419
USC00361130,1944,9.673913043478262,8.003333333333332,11.38351648351648,10.748387096774195
USC00361130,1945,11.81630434782609,12.170000000000003,12.301098901098902,10.679032258064517
USC00361130,1946,11.13695652173913,9.351666666666665,13.183516483516481,14.127419354838707
USC00361130,1947,8.47554347826087,10.998333333333331,12.599450549450548,14.946774193548388
USC00361130,1948,10.992391304347825,12.439999999999998,12.2510989010989,10.522580645161288
USC00361130,1949,10.133152173913043,8.828333333333335,11.91098901098901,14.87258064516129
USC00361130,1950,9.03611111111111,8.813333333333333,10.989010989010989,12.39516129032258
USC00361130,1951,9.784065934065934,8.78,10.967032967032967,12.969354838709675
USC00361130,1952,9.547252747252745,11.094999999999999,11.011666666666667,8.30967741935484
USC00361130,1953,10.867222222222221,8.373333333333333,11.678021978021976,11.966129032258063
USC00361130,1954,9.78641304347826,13.056666666666667,12.823076923076924,13.925806451612901
USC00361130,1955,11.846703296703296,13.514999999999999,11.698901098901098,12.496774193548386
USC00361130,1956,9.156521739130437,9.063333333333334,11.715384615384615,13.496774193548388
USC00361130,1957,10.27336956521739,11.033333333333333,10.379670329670331,8.891935483870967
USC00361130,1958,9.380434782608695,11.134999999999998,11.989444444444445,11.777419354838706
USC00361130,1959,10.658426966292136,10.458928571428572,12.187671232876712,12.386538461538462
USC00361130,1961,7.132692307692308,6.204,11.966197183098592,11.52727272727273
USC00361130,1962,9.010563380281688,7.5547619047619055,9.97605633802817,11.008
USC00361130,1963,8.588461538461539,8.940384615384614,11.12027027027027,12.366666666666665
USC00361130,1964,9.176351351351352,8.877083333333333,10.408333333333333,8.7
USC00361139,1968,8.403804347826087,10.263333333333334,11.01978021978022,10.800000000000002
USC00361139,1969,7.820555555555556,9.224999999999998,9.981818181818182,9.641935483870965
USC00361139,1970,8.521739130434783,8.968333333333334,12.195604395604398,12.03548387096774
USC00361139,1971,5.855494505494506,5.8149999999999995,12.145604395604392,13.561290322580646
USC00361139,1972,7.537777777777777,7.284999999999999,9.466483516483517,8.056451612903226
USC00361139,1973,9.307065217391305,8.561666666666667,11.488461538461536,11.766129032258068
USC00361139,1974,8.222777777777777,8.441379310344827,9.43076923076923,8.266129032258064
USC00361139,1975,7.266304347826086,4.713333333333334,10.870555555555555,11.611666666666666
USC00361139,1976,9.110869565217394,9.574999999999998,7.6521978021978025,7.716129032258066
USC00361139,1977,10.18804347826087,9.514999999999999,11.180769230769227,9.399999999999999
USC00361139,1978,6.796195652173913,7.878333333333332,10.612637362637361,8.829032258064515
USC00361139,1979,8.945652173913043,8.933333333333335,11.490659340659342,10.275806451612903
USC00361139,1980,7.885326086956522,8.283333333333333,10.203888888888889,8.675806451612907
USC00361139,1981,8.575824175824176,10.591666666666669,10.166483516483517,9.383870967741935
USC00361139,1982,9.195,6.7196428571428575,12.03351648351648,12.12258064516129
USC00361139,1983,8.447826086956521,7.663333333333333,11.394505494505495,11.312903225806453
USC00361139,1984,6.319565217391306,8.251666666666667,10.745604395604397,13.38548387096774
USC00361139,1985,9.766304347826088,11.081666666666669,12.434615384615386,11.761290322580644
USC00361139,1986,9.571195652173914,10.668333333333333,11.23021978021978,11.774193548387096
USC00361139,1987,9.567391304347826,8.843333333333332,10.48956043956044,7.9080645161290315
USC00361139,1988,8.547282608695653,8.436666666666666,10.024725274725276,7.858064516129031
USC00361139,1989,7.8733695652173905,6.441666666666665,10.296703296703297,10.62741935483871
USC00361139,1990,10.819999999999999,9.09,11.52277777777778,11.59
USC00361139,1991,11.002222222222223,10.096666666666666,10.486516853932583,11.148387096774194
USC00361139,1992,7.644565217391302,8.656666666666666,9.53314606741573,8.138709677419357
USC00361139,1993,7.898369565217391,8.211666666666666,9.947802197802199,9.125806451612902
USC00361139,1994,7.597282608695653,9.830000000000002,10.802197802197803,9.646774193548387
USC00361139,1995,8.061413043478261,6.851666666666666,9.907142857142857,11.893548387096775
USC00361139,1996,6.846666666666666,8.278333333333332,9.744505494505496,10.558064516129031
USC00361139,1997,6.704395604395605,6.121666666666666,9.815384615384616,10.561290322580644
USC00361139,1998,10.191847826086954,9.483333333333333,11.58076923076923,11.193548387096774
USC00361139,1999,8.498369565217391,9.953333333333335,11.459340659340661,10.070967741935483
USC00361139,2000,10.17445652173913,8.961666666666668,10.272527472527472,11.370967741935484
USC00361139,2001,8.654891304347826,10.178333333333333,11.354395604395604,10.79516129032258
USC00361139,2002,8.256521739130434,9.51,10.973626373626374,9.93225806451613
USC00361139,2003,9.141304347826088,9.726666666666665,10.618131868131869,8.95967741935484
USC00361139,2004,10.10054347826087,8.725,11.619230769230771,10.587096774193547
USC00361139,2005,7.507065217391306,10.28,11.954945054945055,11.409677419354837
USC00361139,2006,8.72336956521739,10.316666666666665,10.47032967032967,9.290322580645164
USC00361139,2007,8.835869565217392,7.083333333333334,12.030769230769227,13.898387096774194
USC00361139,2008,7.890666666666666,10.254166666666665,10.113372093023257,9.525
USC00361139,2009,9.393209876543208,8.65,10.668125,8.961290322580643
USC00361139,2010,10.580113636363636,10.808333333333334,11.107738095238098,11.001724137931035
USC00361139,2011,9.66890243902439,10.51296296296296,12.09127906976744,11.088333333333333
USC00361139,2012,11.905128205128207,8.278846153846153,10.840361445783131,10.682258064516132
USC00361139,2013,7.853086419753087,9.357407407407408,10.817283950617284,11.625862068965516
USC00361139,2014,7.254109589041096,8.756,9.94593023255814,11.268965517241378
USC00361139,2015,8.220930232558139,8.894444444444444,12.57875,10.416666666666666
USC00361139,2016,9.067415730337077,7.9266666666666685,12.047252747252747,11.885483870967743
USC00361139,2017,9.160714285714285,11.92608695652174,10.919230769230769,12.449999999999998
USC00361139,2018,7.892777777777778,5.511666666666668,10.695977011494252,10.964814814814815
USC00361139,2019,8.606521739130434,9.396666666666668,10.666483516483517,11.638709677419355
USC00361212,1977,9.468478260869565,9.373333333333335,10.286111111111111,8.396774193548387
USC00361212,1978,6.07336956521739,6.403333333333334,9.388461538461538,8.520967741935483
USC00361212,1979,9.658064516129029,,9.967613636363636,8.803225806451614
USC00361212,1980,7.314130434782609,8.045,8.776923076923078,7.582258064516129
USC00361212,1981,7.758241758241758,9.423333333333334,7.9703296703296695,7.02741935483871
USC00361212,1982,7.003260869565218,6.336666666666668,9.935714285714289,8.953225806451613
USC00361212,1983,7.456521739130434,6.84,10.168333333333331,9.46
USC00361212,1984,5.004347826086956,6.766666666666666,9.42912087912088,11.519354838709676
USC00361212,1985,8.489010989010987,9.294999999999998,10.069230769230769,9.267741935483869
USC00361212,1986,8.560326086956522,8.308333333333334,8.468131868131868,9.243548387096773
USC00361212,1987,8.772826086956522,9.046666666666669,8.6489010989011,6.7306451612903215
USC00361212,1988,7.029891304347827,6.311666666666666,8.35989010989011,6.904838709677421
USC00361212,1989,6.6269230769230765,5.760000000000001,9.353296703296703,9.670967741935483
USC00361212,1990,8.05054945054945,8.346666666666666,12.877049180327871,10.930645161290323
USC00361212,1991,9.313586956521739,8.811666666666667,9.01978021978022,9.772580645161291
USC00361212,1993,6.245108695652175,7.346666666666665,8.331318681318681,7.461290322580646
USC00361212,1994,6.1048913043478255,8.483333333333333,9.198901098901098,7.859677419354841
USC00361212,1995,6.665760869565219,4.928333333333333,8.634615384615383,11.00806451612903
USC00361212,1996,5.515760869565217,6.958333333333333,8.65879120879121,9.30483870967742
USC00361212,1997,5.892391304347825,5.6899999999999995,8.7032967032967,9.12741935483871
USC00361212,1998,9.02445652173913,8.4,10.24835164835165,9.979032258064514
USC00361212,1999,6.831521739130436,7.326666666666666,10.173626373626373,8.23225806451613
USC00361212,2000,8.664130434782608,7.348333333333334,8.791758241758243,9.353225806451613
USC00361212,2001,6.388709677419354,,10.13901098901099,9.661290322580646
USC00361212,2002,7.206521739130435,8.236666666666666,9.117582417582417,8.033870967741937
USC00361212,2003,6.548913043478261,6.588333333333335,9.56978021978022,7.346774193548388
USC00361212,2004,8.865217391304348,7.528333333333333,10.091758241758242,9.088709677419354
USC00361212,2007,6.146195652173914,5.076666666666667,10.617032967032968,12.667741935483871
USC00361212,2009,7.378260869565217,7.9350000000000005,9.152747252747252,7.895161290322581
USC00361212,2010,9.521195652173914,9.908333333333335,9.60934065934066,9.638709677419353
USC00361212,2011,7.552717391304347,7.663333333333333,10.584615384615384,9.237096774193548
USC00361212,2012,10.103804347826088,7.216666666666668,9.106593406593404,10.175806451612903
USC00361212,2013,6.959239130434781,7.321666666666667,8.94945054945055,10.708064516129033
USC00361212,2014,6.011413043478262,7.031666666666665,9.085714285714287,10.370967741935486
USC00361212,2015,7.038043478260868,6.941666666666666,10.643406593406594,8.574193548387097
USC00361212,2016,7.983695652173914,6.489999999999999,10.775274725274725,10.327419354838709
USC00361212,2017,8.133152173913041,10.998333333333331,10.524175824175824,12.140322580645158
USC00361212,2018,6.958152173913044,4.695000000000001,9.673076923076923,9.903225806451614
USC00361212,2019,7.5271739130434785,8.571666666666665,9.418681318681317,10.503225806451614
USC00361212,2020,8.28467741935484,,10.27752808988764,10.135483870967741
USC00361212,2021,7.964673913043479,8.04,11.060439560439558,13.359677419354838
USC00361212,2022,8.220108695652174,7.46,9.725824175824176,8.43225806451613
USC00361212,2023,7.680434782608697,9.821666666666667,10.149450549450549,11.369354838709675
USC00361212,2024,9.381521739130434,8.448333333333332,10.707692307692307,10.103225806451615
USC00361212,2025,9.093478260869565,8.846666666666666,10.144505494505495,9.709677419354838
USC00361215,1945,8.93967391304348,9.288333333333332,9.836813186813187,9.230645161290322
USC00361215,1946,8.986516853932585,7.205357142857143,11.076271186440678,
USC00361215,1947,5.610795454545454,6.171153846153846,10.503846153846153,14.062903225806451
USC00361215,1948,6.458241758241758,7.3566666666666665,10.991666666666669,8.441935483870967
USC00361215,1949,6.6184782608695665,6.496666666666668,9.458241758241757,12.29516129032258
USC00361215,1950,4.697802197802198,4.28,9.355494505494505,10.808064516129033
USC00361215,1951,6.802173913043478,6.744999999999999,8.55274725274725,10.598387096774193
USC00361215,1952,6.322826086956522,8.406666666666666,9.225555555555555,6.932258064516129
USC00361215,1953,,,10.852747252747253,11.217741935483874
USC00361215,1954,6.72608695652174,8.065,10.218681318681318,12.095161290322583
USC00361215,1955,8.01141304347826,9.168333333333335,8.625,10.35967741935484
USC00361215,1956,4.189673913043479,4.951666666666667,8.89010989010989,9.874193548387096
USC00361215,1957,6.7967391304347835,7.598333333333333,9.054395604395605,7.830645161290322
USC00361215,1958,6.183695652173912,7.754999999999999,8.775274725274725,8.135483870967741
USC00361215,1959,6.562087912087912,7.127586206896551,9.73021978021978,10.001612903225809
USC00361215,1960,5.17445652173913,8.931666666666667,9.739010989010989,8.814516129032258
USC00361215,1961,5.552717391304348,4.686666666666667,10.857222222222223,10.80967741935484
USC00361215,1962,7.254891304347825,7.208333333333333,7.732967032967033,9.191935483870969
USC00361215,1963,6.561413043478261,6.968333333333334,10.236813186813187,12.698387096774194
USC00361215,1964,7.028804347826085,5.913333333333332,9.68131868131868,8.277419354838708
USC00361215,1965,6.086413043478261,4.581666666666666,8.786263736263736,7.901612903225807
USC00361215,1966,5.489673913043478,5.21,8.662087912087912,7.601612903225806
USC00361215,1967,4.859782608695652,6.969999999999999,7.928021978021978,8.814516129032256
USC00361215,1968,7.196195652173913,9.15,10.042307692307693,10.47741935483871
USC00361215,1969,6.877717391304347,8.328333333333333,9.467582417582419,9.270967741935484
USC00361215,1970,6.5,7.398333333333334,10.680769230769231,11.011290322580644
USC00361215,1971,4.998369565217391,5.121666666666667,10.971978021978021,12.795161290322582
USC00361215,1972,5.943478260869565,5.105,8.33956043956044,6.867741935483871
USC00361215,1973,8.025543478260872,7.953333333333333,10.528021978021977,11.130645161290323
USC00361215,1974,7.152173913043477,8.753333333333332,8.549444444444445,7.8096774193548395
USC00361234,1894,8.099122807017544,10.011666666666667,14.942307692307692,13.020833333333334
USC00361234,1896,10.503296703296703,12.541666666666666,12.751685393258429,10.366129032258062
USC00361234,1897,10.515972222222222,10.215384615384616,11.27763157894737,12.691935483870969
USC00361234,1898,10.961413043478263,8.923333333333336,12.015882352941178,12.007407407407404
USC00361234,1899,10.342613636363636,11.349999999999998,9.85,10.361290322580645
USC00361234,1900,9.751136363636364,10.755172413793103,14.798314606741576,15.266129032258066
USC00361234,1918,11.977173913043476,9.665,11.880219780219782,13.924193548387098
USC00361234,1919,11.120652173913042,10.604999999999999,12.760989010989011,14.18064516129032
USC00361234,1920,9.140760869565216,8.99,12.65879120879121,14.417741935483873
USC00361234,1921,13.815217391304348,14.871666666666668,13.392857142857146,12.283870967741938
USC00361234,1922,12.05108695652174,11.923333333333336,14.010989010989013,14.159677419354841
USC00361234,1923,10.632608695652175,11.184999999999999,12.185714285714285,11.924193548387098
USC00361234,1924,9.478804347826085,9.836666666666668,12.057142857142855,13.433870967741935
USC00361234,1925,11.021195652173912,12.243333333333334,12.150549450549452,9.35967741935484
USC00361234,1926,10.670108695652175,10.486666666666666,12.13901098901099,12.15967741935484
USC00361234,1927,10.670555555555556,9.879999999999997,14.653296703296705,14.999999999999998
USC00361234,1928,9.88967391304348,9.344999999999999,12.569780219780219,13.377419354838711
USC00361234,1929,12.185326086956522,12.681666666666667,12.440659340659343,11.179032258064519
USC00361234,1930,11.297282608695651,9.943333333333333,13.224175824175823,11.6
USC00361234,1931,10.665217391304349,10.67,15.167582417582418,13.612903225806452
USC00361234,1932,9.756521739130434,9.908333333333331,11.732967032967029,12.04516129032258
USC00361234,1933,11.441304347826089,11.898333333333335,12.0489010989011,11.864516129032259
USC00361234,1934,10.486813186813187,11.17,13.137362637362637,11.498387096774193
USC00361234,1935,11.060869565217391,10.186666666666667,13.301098901098902,13.308064516129033
USC00361234,1936,11.88695652173913,9.611666666666666,12.8010989010989,13.206451612903225
USC00361234,1937,10.58186813186813,10.393103448275863,11.681868131868132,11.151612903225804
USC00361234,1938,11.771739130434783,11.946666666666665,12.846703296703296,13.445161290322579
USC00361234,1939,11.346195652173913,9.651666666666669,12.889560439560443,12.924193548387098
USC00361234,1940,9.60163043478261,9.276666666666667,11.728021978021978,10.751612903225803
USC00361234,1941,11.604347826086956,14.438333333333336,14.234065934065933,15.36774193548387
USC00361234,1942,12.852717391304349,13.778333333333332,12.799999999999999,13.196774193548386
USC00361234,1943,10.17391304347826,7.9783333333333335,11.25824175824176,11.345161290322578
USC00361234,1944,10.291847826086956,8.916666666666666,11.713186813186816,10.940322580645162
USC00361234,1945,12.124456521739129,11.951666666666666,13.34010989010989,12.08548387096774
USC00361234,1946,12.502717391304346,11.286666666666665,13.831927710843374,13.910869565217387
USC00361234,1947,10.434239130434781,11.888333333333334,13.20054945054945,15.564516129032256
USC00361234,1948,11.28423913043478,11.374999999999998,12.414835164835164,10.782258064516132
USC00361234,1949,11.223913043478262,10.109999999999998,13.055494505494503,15.367741935483872
USC00361234,1950,9.513186813186813,9.34,12.642857142857142,14.214516129032257
USC00361234,1951,11.534782608695652,11.638333333333334,12.536111111111111,14.12258064516129
USC00361234,1952,11.398913043478261,12.76666666666667,12.529120879120875,11.004838709677422
USC00361234,1953,12.790217391304344,11.634999999999998,13.593406593406593,14.311290322580644
USC00361234,1954,11.727717391304346,13.678333333333333,13.655494505494504,15.00967741935484
USC00361234,1955,13.43695652173913,14.359999999999998,12.632967032967032,13.829032258064515
USC00361234,1956,10.593478260869565,10.476666666666667,12.466483516483514,13.004838709677419
USC00361234,1957,12.632065217391306,13.263333333333332,13.214285714285714,12.0
USC00361234,1958,11.104347826086956,12.578333333333335,13.178571428571425,12.558064516129035
USC00361234,1959,11.98858695652174,12.903333333333332,13.201648351648354,13.856451612903227
USC00361234,1960,9.997826086956522,14.168333333333333,12.60054945054945,11.911290322580646
USC00361234,1961,9.553804347826087,8.436666666666667,14.87967032967033,14.356451612903227
USC00361234,1962,11.716847826086957,11.833333333333332,11.436263736263736,12.79516129032258
USC00361234,1963,11.108152173913043,11.821666666666665,13.760989010989013,15.227419354838709
USC00361234,1964,11.196739130434782,10.16,12.369780219780221,10.846774193548388
USC00361234,1965,10.447282608695652,9.49,13.7510989010989,12.708064516129031
USC00361234,1966,10.792934782608697,9.075,12.93131868131868,12.098387096774193
USC00361234,1967,8.958695652173912,11.323333333333332,11.414285714285715,12.116129032258065
USC00361234,1968,11.402173913043475,12.736666666666668,18.55819672131148,15.543548387096774
USC00361234,1969,10.932417582417584,12.06,12.53131868131868,12.56774193548387
USC00361234,1970,10.665760869565217,10.751666666666667,14.087362637362636,14.116129032258065
USC00361234,1971,8.969565217391304,9.469999999999999,15.489560439560439,16.675806451612903
USC00361234,1972,9.382065217391306,8.611666666666666,12.758241758241759,11.716129032258063
USC00361234,1973,11.192934782608695,11.003333333333332,13.781868131868134,13.488709677419354
USC00361234,1974,11.822527472527472,12.933333333333332,12.054945054945058,11.064516129032258
USC00361234,1975,10.478804347826086,8.883333333333333,13.741208791208795,14.062903225806453
USC00361234,1976,11.73695652173913,12.865000000000002,10.521428571428572,10.011290322580644
USC00361234,1977,12.53532608695652,12.251666666666669,13.130769230769232,11.55483870967742
USC00361234,1978,9.504878048780487,10.852272727272728,12.804395604395605,11.379032258064516
USC00361324,1896,9.404945054945054,11.898275862068965,11.133516483516484,8.611290322580645
USC00361324,1897,8.930978260869566,9.219999999999999,11.102197802197804,11.35483870967742
USC00361324,1898,9.353260869565217,7.243333333333334,11.134065934065935,11.516129032258066
USC00361324,1899,8.468604651162792,9.774074074074074,11.085714285714287,12.158064516129032
USC00361324,1903,11.410326086956522,9.473333333333336,10.346153846153847,10.69516129032258
USC00361324,1905,9.632065217391304,9.216666666666667,10.452197802197803,11.998387096774191
USC00361324,1906,7.204945054945055,8.961666666666668,10.291208791208792,9.083870967741936
USC00361324,1909,7.581318681318681,8.158620689655173,10.574175824175825,8.251612903225807
USC00361324,1910,10.261413043478262,10.673333333333334,9.954395604395605,11.408064516129032
USC00361324,1911,8.5125,7.018333333333333,9.524444444444443,9.838333333333335
USC00361324,1912,8.317391304347826,9.153333333333332,11.423076923076923,11.261290322580647
USC00361324,1914,8.649999999999999,8.036666666666667,11.450581395348838,14.04423076923077
USC00361324,1917,8.046153846153846,9.612068965517244,8.383516483516484,7.864516129032257
USC00361324,1918,11.281521739130433,9.263333333333334,10.036263736263736,11.691935483870969
USC00361324,1921,12.07336956521739,12.42,15.171311475409837,11.100000000000003
USC00361324,1922,9.072282608695652,8.775,,
USC00361324,1924,4.452459016393442,7.2333333333333325,10.885714285714286,12.051612903225807
USC00361324,1926,7.5260869565217385,7.636666666666667,9.93956043956044,10.208064516129031
USC00361324,1928,7.275,6.738333333333333,10.113186813186813,11.333870967741937
USC00361324,1929,9.293478260869565,10.038333333333332,10.475842696629213,10.285483870967742
USC00361324,1930,8.028804347826087,7.711666666666667,11.486263736263735,10.330645161290324
USC00361324,1931,7.091758241758242,7.491666666666665,13.042307692307693,12.200000000000001
USC00361324,1932,6.800609756097561,6.8516666666666675,13.311475409836063,10.025806451612905
USC00361324,1933,7.976612903225806,,9.444505494505496,9.335483870967742
USC00361324,1934,7.680434782608696,8.001666666666667,10.790555555555555,10.175
USC00361324,1935,6.785869565217389,6.305000000000001,11.797093023255814,11.948387096774193
USC00361324,1936,9.272222222222222,6.638333333333333,11.30777777777778,11.285
USC00361324,1937,8.025,8.239999999999998,9.988333333333333,9.879032258064514
USC00361324,1938,10.177528089887641,10.453448275862069,11.186263736263738,12.170967741935483
USC00361324,1939,9.63967391304348,8.096666666666668,11.892777777777779,12.119354838709677
USC00361324,1940,8.873369565217393,8.053333333333333,11.32666666666667,
USC00361324,1941,9.49945652173913,12.31,12.743956043956045,13.77741935483871
USC00361350,1978,7.36358695652174,8.385,10.557692307692308,8.608064516129033
USC00361350,1979,8.833152173913044,8.768333333333334,10.401098901098901,9.235483870967743
USC00361350,1980,8.191304347826087,8.503333333333334,9.303846153846154,8.024193548387096
USC00361350,1981,8.432065217391306,10.953333333333331,9.130769230769232,8.87741935483871
USC00361350,1982,8.873913043478261,6.861666666666666,10.562637362637362,10.69193548387097
USC00361350,1983,7.805434782608696,7.388333333333334,9.2510989010989,9.412903225806456
USC00361350,1984,6.656521739130436,8.398333333333333,10.223076923076924,13.451612903225806
USC00361350,1985,10.072282608695653,10.883333333333335,12.044505494505493,11.958064516129033
USC00361350,1986,9.742391304347827,10.455000000000002,11.043956043956044,11.179032258064515
USC00361350,1987,9.116304347826086,8.278333333333332,10.168131868131868,8.191935483870969
USC00361350,1988,8.844565217391304,8.473333333333334,8.724725274725275,6.041935483870966
USC00361350,1989,8.010869565217392,7.421666666666666,10.372527472527473,10.401612903225805
USC00361350,1990,8.355434782608697,8.426666666666668,10.853846153846153,11.482258064516131
USC00361350,1991,10.765760869565218,10.648333333333335,9.790109890109889,10.262903225806449
USC00361350,1992,8.160869565217391,9.485000000000001,9.507142857142856,8.627419354838711
USC00361350,1993,8.329347826086956,9.013333333333334,9.812087912087911,9.524193548387096
USC00361350,1994,8.366304347826086,11.520000000000001,10.719780219780219,9.898387096774194
USC00361350,1995,9.094021739130435,8.321666666666667,9.314835164835165,11.516129032258066
USC00361350,1996,7.996195652173914,9.511666666666665,9.368681318681318,10.432258064516128
USC00361350,1997,7.994021739130435,7.295000000000001,9.201648351648354,9.859677419354837
USC00361350,1998,10.91141304347826,10.333333333333334,11.707142857142854,11.14516129032258
USC00361350,1999,8.565760869565217,10.186666666666666,10.850549450549451,9.87741935483871
USC00361350,2000,10.122282608695654,8.898333333333333,9.794505494505495,11.091935483870964
USC00361350,2001,8.644565217391303,11.503333333333332,11.216483516483517,10.648387096774194
USC00361350,2002,9.586956521739129,10.52833333333333,10.313736263736265,9.662903225806451
USC00361350,2003,9.472826086956522,10.39666666666667,10.543956043956044,9.443548387096774
USC00361350,2004,10.515760869565218,9.746666666666668,11.476373626373627,10.851612903225806
USC00361350,2005,7.492934782608694,9.823333333333334,11.318131868131866,10.511290322580646
USC00361350,2006,9.107065217391305,10.984999999999998,10.282417582417581,9.608064516129033
USC00361350,2007,9.366304347826087,7.385000000000001,12.00934065934066,13.630645161290325
USC00361350,2008,8.844565217391306,10.914999999999997,9.485714285714286,9.046774193548387
USC00361350,2009,8.342045454545454,7.885,9.822093023255816,7.4709677419354845
USC00361350,2010,8.863186813186813,9.920689655172415,8.918023255813955,8.978846153846153
USC00361350,2011,8.600588235294119,8.416666666666666,10.128658536585366,8.688461538461539
USC00361350,2012,10.722093023255814,7.11896551724138,7.976162790697675,8.95892857142857
USC00361350,2013,7.035714285714286,9.035185185185187,8.408139534883722,10.06111111111111
USC00361350,2014,7.266883116883115,7.95625,8.528409090909092,9.46896551724138
USC00361354,1894,10.637912087912088,9.011666666666667,12.052222222222223,12.275806451612901
USC00361354,1895,9.200595238095238,9.36304347826087,7.357377049180327,8.837096774193547
USC00361354,1896,10.379444444444443,12.030000000000001,11.395054945054946,9.00483870967742
USC00361354,1897,9.342934782608696,9.303333333333333,11.09864864864865,11.375925925925925
USC00361354,1898,11.630985915492957,8.141666666666667,11.808333333333334,12.325000000000005
USC00361354,1900,9.311413043478263,10.224999999999998,14.329120879120877,14.853225806451617
USC00361354,1917,9.564130434782609,10.815,9.97857142857143,9.014516129032257
USC00361354,1921,13.067934782608695,13.553333333333335,12.990109890109892,11.666129032258063
USC00361354,1922,11.404347826086957,11.115000000000002,13.264835164835164,13.361290322580647
USC00361354,1923,9.709239130434783,9.996666666666666,11.762087912087914,11.266129032258062
USC00361354,1924,8.87608695652174,9.225,11.044505494505493,12.319354838709677
USC00361354,1925,10.602717391304349,12.276666666666667,11.637912087912085,8.911290322580646
USC00361354,1926,9.138043478260869,9.023333333333333,11.636813186813187,11.816129032258067
USC00361354,1927,10.407065217391304,9.151666666666666,13.439010989010987,13.556451612903228
USC00361354,1928,9.308988764044944,8.375,11.938461538461539,12.791935483870969
USC00361354,1929,11.293478260869565,11.676666666666668,12.09230769230769,10.75
USC00361354,1930,10.60820895522388,,13.169078947368419,11.586000000000002
USC00361354,1931,10.66195652173913,10.706666666666669,15.915625,14.510344827586207
USC00361354,1932,10.032065217391304,10.261666666666667,11.938505747126438,12.519354838709678
USC00361354,1933,11.098369565217393,11.576666666666664,11.962087912087915,11.298387096774196
USC00361354,1934,10.690217391304348,11.136666666666667,11.813492063492063,12.126
USC00361354,1935,10.816483516483515,9.598275862068965,13.060989010989008,12.933870967741933
USC00361354,1936,11.88967391304348,9.558333333333334,13.505421686746988,14.891304347826084
USC00361354,1938,11.258928571428571,10.70925925925926,12.787912087912089,13.366129032258064
USC00361354,1939,11.36358695652174,9.905000000000001,13.562658227848102,14.477499999999997
USC00361354,1940,9.045555555555556,8.7,11.77197802197802,10.798387096774192
USC00361354,1941,11.443406593406593,14.071666666666664,14.484615384615383,15.199999999999998
USC00361354,1942,12.789130434782608,13.093333333333332,12.949431818181818,12.640000000000002
USC00361354,1944,10.060588235294118,8.776785714285714,11.679545454545455,11.425806451612901
USC00361354,1945,12.210326086956524,12.17,12.451648351648354,11.64193548387097
USC00361354,1946,11.437640449438202,9.776666666666666,12.73253012048193,13.654838709677419
USC00361354,1947,9.316847826086956,10.983333333333336,12.980219780219784,15.175806451612905
USC00361354,1948,11.063586956521739,11.153333333333332,12.412637362637362,10.917741935483871
USC00361354,1949,10.365760869565216,9.850000000000001,12.439010989010987,14.691935483870967
USC00361354,1950,8.879347826086956,8.296666666666669,11.589560439560438,12.946774193548388
USC00361354,1951,10.205434782608695,10.094999999999999,11.907692307692306,13.548387096774194
USC00361354,1952,9.725543478260871,11.068333333333333,11.315934065934064,9.803225806451612
USC00361354,1953,11.259782608695653,10.086666666666666,12.429670329670332,13.11774193548387
USC00361354,1954,10.47391304347826,12.654999999999998,12.509890109890108,13.416129032258064
USC00361354,1955,11.713043478260872,12.21,11.71923076923077,12.743548387096775
USC00361354,1956,9.066847826086956,9.120000000000001,11.574725274725274,12.379032258064516
USC00361354,1957,10.984782608695653,11.963333333333333,12.163186813186812,10.743548387096773
USC00361354,1958,9.575,10.88833333333333,12.036813186813188,11.574193548387099
USC00361354,1959,10.982065217391305,11.671666666666665,12.6489010989011,13.70483870967742
USC00361354,1960,8.875000000000002,12.923333333333336,12.226373626373627,11.532258064516126
USC00361354,1961,9.082065217391305,8.19,13.682777777777778,13.145000000000001
USC00361354,1962,10.520652173913044,10.568333333333332,10.792307692307693,12.261290322580644
USC00361354,1963,10.306521739130437,10.659999999999998,12.647802197802198,13.80806451612903
USC00361354,1964,10.381521739130434,9.209999999999999,11.885714285714284,10.129032258064518
USC00361354,1965,10.05108695652174,9.251666666666667,12.012637362637365,10.782258064516132
USC00361354,1966,9.469565217391304,7.836666666666667,8.436885245901639,10.837096774193546
USC00361354,1967,9.258695652173914,11.215,10.33241758241758,10.822580645161288
USC00361354,1968,8.655737704918032,11.238333333333333,12.445054945054945,12.441935483870967
USC00361354,1969,10.65108695652174,11.916666666666666,11.430219780219781,11.17741935483871
USC00361354,1970,10.296739130434782,10.67666666666667,13.15879120879121,13.272580645161293
USC00361354,1971,8.857608695652173,9.316666666666666,12.871978021978023,14.214516129032257
USC00361354,1972,9.566304347826087,9.21,10.22857142857143,8.891935483870967
USC00361354,1973,10.322282608695653,9.923333333333334,12.9675,
USC00361354,1974,11.081521739130435,12.113333333333335,11.483516483516485,10.558064516129031
USC00361354,1975,9.779347826086957,8.023333333333333,13.006593406593408,13.725806451612904
USC00361354,1976,11.3875,12.278333333333332,10.048901098901098,9.588709677419356
USC00361354,1977,13.121739130434786,12.595,12.753888888888891,10.969354838709679
USC00361354,1978,9.217934782608696,10.075,12.351098901098904,10.667741935483871
USC00361354,1979,10.87228260869565,10.226666666666667,12.639560439560437,11.591935483870971
USC00361354,1980,10.552717391304348,11.263333333333332,11.906043956043954,11.056451612903226
USC00361354,1981,10.67554347826087,12.538333333333334,11.335714285714285,9.987096774193548
USC00361354,1982,10.242391304347827,8.925,12.632417582417581,11.990322580645161
USC00361354,1983,10.063186813186814,9.583333333333332,12.878021978021977,12.648387096774194
USC00361354,1984,8.95217391304348,9.868333333333334,12.357142857142858,15.348387096774193
USC00361354,1985,12.48315217391304,13.308333333333334,13.575274725274726,12.832258064516127
USC00361354,1986,11.534239130434784,11.210000000000003,11.819230769230769,12.248387096774193
USC00361354,1987,10.904347826086957,10.131666666666668,11.345604395604393,9.103225806451613
USC00361354,1988,10.631521739130434,9.921666666666665,10.495,9.198333333333332
USC00361354,1989,8.786956521739132,8.875,11.180769230769231,11.217741935483868
USC00361354,1990,11.347826086956522,11.576666666666664,13.08131868131868,13.666129032258064
USC00361354,1991,12.554347826086953,11.741666666666667,11.524725274725276,11.97741935483871
USC00361354,1994,10.034782608695652,13.311666666666667,11.825274725274724,10.391935483870967
USC00361354,1995,11.392391304347827,10.321666666666665,11.876373626373626,14.235483870967743
USC00361354,1996,9.67554347826087,11.385,11.513333333333332,12.15
USC00361354,1997,10.210869565217392,10.148333333333335,11.642777777777777,12.461290322580645
USC00361354,1998,12.328260869565218,12.001666666666665,14.198333333333334,
USC00361354,1999,10.618478260869566,10.873333333333335,12.964835164835167,11.21935483870968
USC00361354,2000,12.4,10.469999999999999,11.259322033898306,
USC00361354,2001,10.164444444444444,11.382758620689655,12.372222222222222,12.579032258064517
USC00361354,2002,11.153260869565216,12.446666666666664,12.265934065934067,11.114516129032259
USC00361354,2003,10.216304347826087,10.768333333333334,12.426923076923078,10.80967741935484
USC00361354,2004,12.417391304347825,11.195000000000002,12.883516483516482,11.83064516129032
USC00361354,2005,9.66467391304348,11.846666666666664,13.854395604395602,13.530645161290321
USC00361354,2006,11.585869565217392,12.973333333333331,12.536111111111108,12.128333333333337
USC00361354,2007,11.632065217391302,9.908333333333333,14.247802197802198,16.229032258064514
USC00361354,2008,10.857065217391305,12.35,12.058241758241754,11.18064516129032
USC00361354,2009,11.227717391304346,11.413333333333334,12.775274725274725,11.64838709677419
USC00361354,2010,13.410326086956522,14.57,13.220879120879122,13.035483870967743
USC00361354,2011,12.243478260869566,12.870000000000003,13.2510989010989,11.575806451612905
USC00361354,2012,13.98858695652174,11.688333333333333,11.959340659340656,12.398387096774194
USC00361354,2013,10.645108695652173,11.626666666666669,12.260439560439558,13.608064516129033
USC00361354,2014,10.19782608695652,10.551666666666666,12.348351648351649,13.441935483870969
USC00361354,2015,11.293506493506493,10.120000000000001,13.84175824175824,11.803225806451612
USC00361354,2016,11.58641304347826,10.436666666666666,14.154395604395605,13.874193548387098
USC00361354,2017,11.466304347826087,14.438333333333333,13.064835164835166,15.085483870967739
USC00361354,2020,10.959239130434783,9.438333333333333,13.781868131868134,13.532258064516132
USC00361354,2023,12.033695652173915,13.718333333333334,13.323076923076924,14.017741935483873
USC00361354,2024,13.560326086956522,13.438333333333333,14.106593406593406,13.996774193548388
USC00361485,1944,8.598369565217393,6.5583333333333345,10.337912087912088,9.898387096774192
USC00361485,1945,10.329891304347827,10.825,11.025842696629216,9.785
USC00361485,1946,9.984239130434782,7.968333333333333,12.026923076923074,12.538709677419355
USC00361485,1947,6.552173913043478,9.143333333333333,11.221978021978023,13.879032258064516
USC00361485,1948,9.020652173913044,10.261666666666665,10.55054945054945,9.001612903225805
USC00361485,1949,7.779347826086957,6.8133333333333335,9.790555555555555,12.235483870967744
USC00361485,1950,5.961413043478261,4.911666666666666,9.197252747252747,10.937096774193549
USC00361485,1951,7.70054347826087,7.018333333333334,8.667582417582418,10.943548387096772
USC00361485,1952,6.854395604395603,7.999999999999999,9.002197802197802,6.695161290322581
USC00361485,1953,8.230978260869565,6.385,8.842105263157896,9.656451612903227
USC00361485,1954,7.491847826086956,10.476666666666668,10.1010989010989,10.901612903225807
USC00361485,1955,9.194565217391304,11.023333333333332,9.493956043956045,10.087096774193547
USC00361485,1956,7.441847826086956,7.593333333333333,10.66043956043956,11.972580645161289
USC00361485,1957,9.42967032967033,9.929999999999998,10.155494505494504,9.137096774193548
USC00361485,1958,7.501630434782609,8.868333333333334,10.264285714285714,9.974193548387097
USC00361485,1959,8.533695652173913,8.596666666666668,10.39120879120879,11.375806451612902
USC00361485,1960,5.897282608695653,10.458333333333334,10.58,9.38225806451613
USC00361485,1961,4.8130434782608695,3.2283333333333335,5.393442622950818,9.040322580645164
USC00361485,1962,5.364130434782609,4.333333333333333,9.671978021978022,11.116129032258065
USC00361485,1963,8.230434782608697,8.315,10.998901098901099,12.577419354838712
USC00361485,1964,8.595652173913043,8.503333333333334,9.507777777777779,8.218333333333332
USC00361485,1965,3.131147540983607,7.17,9.995054945054946,8.404838709677417
USC00361485,1966,7.030978260869565,6.368333333333335,9.245604395604394,8.709677419354836
USC00361485,1967,7.039130434782609,9.373333333333333,8.752197802197802,10.06451612903226
USC00361485,1968,8.681521739130435,10.133333333333333,10.846629213483146,10.673333333333336
USC00361485,1969,7.639560439560439,9.276666666666667,9.034615384615384,9.266129032258064
USC00361485,1970,7.694021739130435,8.544999999999998,11.937362637362638,11.867741935483869
USC00361485,1971,6.508152173913044,6.733333333333333,11.157142857142857,12.64032258064516
USC00361485,1972,6.822282608695651,6.616666666666665,8.996703296703297,8.391935483870967
USC00361485,1973,,,10.78779069767442,10.95483870967742
USC00361485,1974,9.020108695652175,9.639999999999999,9.997252747252746,9.143548387096775
USC00361485,1975,7.919565217391306,5.653333333333333,11.420879120879118,12.058064516129033
USC00361485,1976,9.502717391304346,9.773333333333333,7.787362637362637,7.925806451612902
USC00361485,1977,10.821195652173913,9.803333333333333,11.151648351648353,9.622580645161289
USC00361485,1978,7.725,8.163333333333334,11.113186813186811,9.91451612903226
USC00361485,1979,8.790760869565219,7.991666666666669,10.981460674157304,10.167741935483871
USC00361485,1980,8.657608695652174,9.05,10.143956043956043,9.167741935483871
USC00361485,1981,9.126630434782609,10.906666666666666,8.995604395604396,8.708064516129031
USC00361485,1982,7.943956043956042,5.968333333333334,10.559890109890109,10.70806451612903
USC00361485,1983,7.2380434782608685,6.790000000000001,10.184065934065934,10.26774193548387
USC00361485,1984,5.769021739130435,8.025,10.365934065934066,13.101612903225806
USC00361485,1985,9.859239130434782,10.983333333333333,11.48571428571429,11.083870967741936
USC00361485,1986,9.677717391304347,10.148333333333332,10.21611111111111,10.688709677419357
USC00361485,1987,9.465760869565218,9.579999999999997,9.732967032967032,7.62258064516129
USC00361485,1988,8.731521739130436,8.09,9.670879120879123,7.356451612903225
USC00361485,1989,7.7505555555555565,6.941379310344828,10.284444444444444,10.849999999999998
USC00361485,1990,9.172131147540986,,11.717032967032967,11.956451612903225
USC00361485,1991,11.549999999999999,10.673333333333336,11.268131868131869,11.709677419354838
USC00361485,1992,8.695108695652175,9.235000000000001,10.421978021978022,8.893548387096773
USC00361485,1993,8.829891304347827,9.414999999999997,10.1,9.632258064516131
USC00361485,1995,7.5896739130434785,6.026666666666667,9.702747252747251,12.064516129032258
USC00361485,1996,6.116483516483515,6.826666666666667,9.271428571428572,10.198387096774193
USC00361485,1997,5.76141304347826,5.2716666666666665,9.042307692307691,10.075806451612902
USC00361485,1998,9.40108695652174,8.923333333333336,10.928571428571429,10.795161290322577
USC00361485,1999,7.871195652173912,9.45,10.907142857142857,9.470967741935484
USC00361485,2000,9.222282608695652,7.698333333333334,9.747802197802198,10.801612903225807
USC00361485,2001,7.672826086956522,9.268333333333333,11.210439560439559,10.677419354838708
USC00361485,2002,7.659782608695653,9.041666666666666,10.475824175824176,9.432258064516128
USC00361485,2003,8.080978260869566,8.776666666666667,10.15056179775281,8.389999999999999
USC00361485,2004,9.25108695652174,8.183333333333334,10.985555555555557,10.273333333333333
USC00361485,2005,6.412637362637362,9.421666666666665,11.253846153846155,11.04516129032258
USC00361485,2006,8.056666666666665,9.766666666666664,9.84375,8.786666666666667
USC00361485,2007,7.2120481927710856,6.200000000000002,11.381666666666666,13.429032258064515
USC00361485,2008,6.945402298850576,9.767241379310343,9.423626373626375,8.275806451612903
USC00361485,2009,7.685393258426966,7.886666666666668,9.980681818181818,7.64
USC00361485,2010,9.250000000000002,9.60714285714286,9.623626373626374,9.293548387096775
USC00361485,2011,8.146703296703297,8.211666666666668,10.663483146067417,9.233333333333333
USC00361485,2012,10.435164835164835,6.7379310344827585,9.325000000000001,10.128333333333332
USC00361485,2013,6.956666666666667,7.546666666666666,9.137500000000001,10.69
USC00361512,1905,11.314673913043482,9.878333333333332,11.39010989010989,11.875806451612904
USC00361512,1906,9.47717391304348,11.038333333333332,12.450549450549453,11.822580645161292
USC00361512,1907,9.64891304347826,7.084999999999999,10.452747252747253,8.988709677419356
USC00361512,1908,12.001630434782607,11.65,12.344505494505496,12.612903225806452
USC00361512,1909,9.727173913043481,10.850000000000001,12.326923076923077,9.490322580645163
USC00361512,1910,12.08695652173913,11.865000000000002,12.290109890109889,14.338709677419356
USC00361512,1911,11.032065217391304,9.425,12.32747252747253,12.567741935483872
USC00361512,1912,10.923913043478262,12.523333333333333,13.4978021978022,13.432258064516132
USC00361512,1913,11.090760869565216,10.821666666666665,12.112087912087915,12.337096774193549
USC00361512,1914,9.952717391304347,10.438333333333333,12.26923076923077,14.198387096774193
USC00361512,1915,9.385326086956523,12.598333333333333,13.335955056179774,12.920967741935483
USC00361512,1916,9.33641304347826,9.195,11.806593406593406,11.451612903225806
USC00361512,1917,9.093478260869565,10.148333333333335,9.652777777777777,9.087096774193547
USC00361512,1918,12.230978260869565,9.748333333333335,11.601648351648354,14.138709677419353
USC00361512,1919,10.596739130434782,10.32,13.584065934065933,15.683870967741933
USC00361512,1920,10.072826086956523,8.923333333333336,12.920329670329668,14.616129032258064
USC00361512,1921,13.53913043478261,13.764999999999999,13.468131868131865,11.932258064516128
USC00361512,1923,9.697826086956521,9.611666666666668,11.585164835164832,10.520967741935484
USC00361512,1924,8.507142857142858,10.075000000000001,11.559340659340657,12.556451612903228
USC00361512,1925,10.48695652173913,12.383333333333331,11.21923076923077,8.401612903225805
USC00361512,1926,8.485326086956523,7.693333333333332,12.559340659340661,12.309677419354838
USC00361512,1927,11.478804347826086,10.836666666666666,14.538461538461538,14.624193548387098
USC00361512,1928,9.444565217391304,8.871666666666666,12.436263736263736,14.545161290322582
USC00361512,1929,12.207065217391307,12.223333333333331,11.895054945054946,11.348387096774193
USC00361512,1930,10.9125,11.305,12.258241758241759,10.219354838709675
USC00361512,1931,9.339673913043478,9.75333333333333,15.219230769230768,13.851612903225806
USC00361512,1932,9.43695652173913,9.783333333333335,12.537912087912085,13.25483870967742
USC00361512,1933,11.116847826086957,11.646666666666668,12.461538461538462,12.051612903225806
USC00361512,1934,10.585869565217392,11.033333333333331,13.578021978021978,12.13709677419355
USC00361512,1935,10.663586956521739,8.923333333333336,12.37857142857143,12.361290322580647
USC00361512,1936,10.851086956521739,7.9449999999999985,12.768681318681319,13.180645161290322
USC00361512,1937,9.208152173913044,9.630000000000003,10.989010989010987,11.185483870967744
USC00361512,1938,12.032065217391303,11.985000000000001,12.325274725274726,12.53709677419355
USC00361512,1939,10.209782608695653,8.315000000000001,13.379444444444449,12.863333333333335
USC00361512,1940,8.067391304347828,7.905000000000001,10.62032967032967,11.241935483870968
USC00361512,1941,9.29836956521739,12.42166666666667,13.458791208791212,14.380645161290325
USC00361512,1942,11.406111111111112,11.689285714285715,10.90934065934066,11.443548387096776
USC00361512,1943,7.634782608695652,5.9350000000000005,9.256593406593405,9.399999999999997
USC00361512,1944,9.0875,7.583333333333333,10.846666666666666,10.146774193548385
USC00361512,1945,10.68913043478261,11.143333333333334,11.685714285714287,10.10967741935484
USC00361512,1946,10.307608695652174,8.223333333333334,12.77032967032967,13.082258064516129
USC00361512,1947,7.728804347826087,9.851666666666667,12.695054945054947,15.380645161290321
USC00361512,1948,11.341847826086957,12.758333333333333,11.75164835164835,9.504838709677419
USC00361512,1949,9.883695652173913,8.968333333333332,11.523626373626374,14.333870967741934
USC00361512,1950,8.406521739130435,7.578333333333334,10.662637362637364,12.83548387096774
USC00361512,1951,10.044767441860465,9.061666666666666,9.812087912087911,11.546774193548389
USC00361512,1952,9.342934782608696,9.935000000000002,9.757142857142856,7.753225806451613
USC00361512,1953,10.60054347826087,8.856666666666666,10.713186813186812,10.716129032258063
USC00361512,1954,9.675543478260868,12.866666666666667,11.569230769230769,12.390322580645162
USC00361512,1955,10.980434782608695,12.345,10.813736263736264,10.595161290322581
USC00361512,1957,10.393478260869564,11.353333333333335,10.687912087912087,8.866129032258064
USC00361512,1958,8.682608695652176,10.043333333333333,11.147126436781608,10.383928571428573
USC00361512,1959,10.220108695652176,10.2,11.382417582417585,11.685483870967742
USC00361512,1960,7.4,11.795,11.476373626373626,10.832258064516129
USC00361512,1961,8.467222222222222,6.6875,12.789010989010988,12.288709677419357
USC00361512,1962,9.832065217391303,8.608333333333333,10.605494505494505,11.922580645161293
USC00361512,1963,9.629347826086958,9.081666666666667,11.569444444444446,12.854999999999997
USC00361512,1964,10.35054347826087,10.916666666666664,10.83076923076923,8.9
USC00361512,1965,9.684782608695652,9.316666666666668,11.529670329670333,9.912903225806454
USC00361512,1966,8.848369565217391,8.795,9.913186813186815,8.891935483870967
USC00361512,1967,9.304347826086957,10.589999999999998,9.540109890109889,10.995161290322578
USC00361512,1968,9.706521739130434,10.543333333333333,11.877472527472529,11.70322580645161
USC00361512,1969,9.200000000000001,10.816666666666666,10.548351648351648,10.964516129032258
USC00361512,1970,10.257065217391304,11.053333333333336,13.268131868131867,12.95322580645161
USC00361524,1909,5.081967213114754,8.896666666666667,10.715384615384616,7.862903225806453
USC00361524,1914,8.66032608695652,7.823333333333332,11.92032967032967,14.3
USC00361524,1915,8.106593406593406,11.194827586206898,11.87032967032967,11.766129032258066
USC00361524,1916,7.395108695652173,8.126666666666667,11.124444444444444,10.824193548387095
USC00361524,1917,7.570224719101125,8.8,8.83956043956044,7.761290322580645
USC00361524,1918,10.529444444444444,9.133333333333335,10.041758241758243,11.769354838709676
USC00361524,1919,9.056521739130435,8.365,12.010674157303368,13.779310344827586
USC00361524,1920,8.201086956521738,7.076666666666665,12.47197802197802,14.893548387096777
USC00361524,1921,12.420108695652175,12.66,12.934615384615382,12.179032258064517
USC00361524,1922,10.646739130434781,9.991666666666669,12.76758241758242,12.73225806451613
USC00361524,1923,8.818478260869565,8.748333333333333,11.028021978021977,10.159677419354841
USC00361524,1924,7.659782608695653,7.875000000000001,11.037912087912087,12.604838709677418
USC00361524,1926,7.493333333333334,6.642857142857143,11.243406593406595,11.579032258064515
USC00361524,1927,9.571739130434782,8.868333333333336,10.739344262295084,13.195161290322583
USC00361524,1928,8.264942528735633,7.62,11.121666666666668,12.62258064516129
USC00361524,1929,10.276666666666667,10.586666666666668,11.370689655172415,10.172580645161291
USC00361524,1930,9.298369565217392,8.991666666666667,11.843956043956041,10.61774193548387
USC00361524,1931,8.145652173913044,7.796666666666666,14.705494505494507,12.858064516129033
USC00361524,1932,7.7967391304347835,8.148333333333333,11.086263736263737,11.71774193548387
USC00361524,1934,8.469565217391304,8.381666666666666,11.823033707865166,10.14516129032258
USC00361524,1935,8.45,8.190000000000001,10.758241758241759,10.814516129032258
USC00361524,1936,9.257608695652173,7.136666666666668,11.54,12.766666666666667
USC00361524,1937,7.7423913043478265,7.675,10.2,9.704838709677421
USC00361524,1939,9.23068181818182,7.525925925925925,10.613736263736266,10.893548387096772
USC00361524,1940,6.299456521739132,6.2333333333333325,9.174175824175826,8.882258064516128
USC00361524,1941,8.690217391304348,11.903333333333334,11.859890109890108,12.561290322580644
USC00361524,1942,10.36086956521739,11.245,10.907692307692308,11.395161290322578
USC00361534,1961,5.684782608695652,4.326666666666667,10.636263736263736,10.21774193548387
USC00361534,1962,6.303260869565217,6.186666666666667,7.589560439560439,9.27258064516129
USC00361534,1963,5.633152173913044,5.1433333333333335,8.811538461538461,10.161290322580648
USC00361534,1964,6.399450549450551,5.622413793103448,7.979670329670331,6.543548387096774
USC00361534,1965,5.2188888888888885,4.196666666666666,9.28076923076923,8.051612903225806
USC00361534,1966,5.491304347826087,4.636666666666667,7.82912087912088,7.261290322580645
USC00361534,1967,5.0076086956521735,7.280000000000001,10.995901639344263,9.083870967741936
USC00361534,1968,6.957065217391304,8.216666666666667,9.354395604395604,9.643548387096773
USC00361534,1969,6.26141304347826,8.111666666666666,11.12295081967213,8.033870967741937
USC00361534,1970,6.4875,6.991666666666668,10.52967032967033,10.879032258064516
USC00361534,1971,4.605434782608696,4.963333333333333,10.902747252747252,12.435483870967742
USC00361534,1972,5.51304347826087,5.02,7.61923076923077,6.174193548387096
USC00361534,1973,7.66467391304348,7.373333333333334,9.843956043956043,9.962903225806448
USC00361534,1974,6.770652173913043,7.558333333333335,7.754945054945056,6.833870967741936
USC00361534,1975,5.519021739130435,2.988333333333333,9.52802197802198,10.016129032258064
USC00361534,1976,7.45054347826087,7.461666666666667,6.182417582417583,6.156451612903224
USC00361534,1977,8.252173913043478,7.696666666666667,9.368131868131869,7.533870967741937
USC00361534,1978,5.157065217391304,5.586666666666667,8.620879120879122,7.558064516129033
USC00361534,1979,7.133152173913045,6.206666666666667,9.117582417582415,8.619354838709679
USC00361534,1980,6.480978260869565,6.761666666666666,7.325903614457831,6.862903225806454
USC00361534,1981,10.311475409836063,8.754999999999999,8.085714285714287,7.904838709677419
USC00361534,1982,6.430434782608696,4.91,9.695604395604393,9.108064516129032
USC00361534,1983,6.469565217391303,5.793333333333334,9.491208791208793,9.746774193548386
USC00361534,1984,4.841847826086957,6.913333333333332,9.013736263736265,11.56451612903226
USC00361534,1985,8.054347826086957,9.051666666666668,10.342857142857142,9.775806451612901
USC00361534,1986,8.3,8.151666666666666,9.042857142857141,9.562903225806451
USC00361534,1987,8.267934782608695,8.695,8.568131868131868,6.785483870967742
USC00361534,1988,7.066847826086956,7.0100000000000025,8.275274725274725,6.369354838709678
USC00361534,1989,6.308695652173912,5.6066666666666665,8.8478021978022,9.232258064516131
USC00361534,1990,7.506521739130436,8.348333333333333,10.08791208791209,10.595161290322581
USC00361534,1991,9.32119565217391,8.931666666666667,8.928571428571429,9.90322580645161
USC00361534,1996,5.82336956521739,6.808333333333333,8.176373626373627,9.204838709677418
USC00361534,1997,5.880978260869565,5.463333333333334,8.05879120879121,8.529032258064515
USC00361534,1998,8.679891304347825,7.936666666666668,9.790109890109889,9.401612903225804
USC00361589,1894,11.211413043478261,9.708333333333334,12.380219780219782,13.038709677419353
USC00361589,1895,9.601648351648352,9.925,14.98360655737705,9.175806451612901
USC00361589,1896,10.840760869565218,12.173333333333334,12.389999999999997,9.920967741935483
USC00361589,1897,10.92282608695652,10.695000000000002,13.171428571428573,13.370967741935484
USC00361589,1898,11.310326086956522,9.518333333333334,13.23021978021978,13.264516129032257
USC00361589,1899,10.773076923076921,10.970000000000002,13.12857142857143,13.851612903225806
USC00361589,1900,10.234239130434782,11.141666666666664,15.528021978021977,16.232258064516127
USC00361589,1901,10.232967032967034,9.751666666666667,12.35421686746988,12.99423076923077
USC00361589,1902,10.639873417721518,10.051923076923078,14.274050632911393,13.061111111111112
USC00361589,1903,12.58181818181818,10.685185185185185,12.440109890109893,13.45161290322581
USC00361589,1904,9.822826086956523,8.64166666666667,11.54010989010989,11.12258064516129
USC00361589,1905,10.805434782608696,10.474999999999998,9.209016393442623,12.993548387096775
USC00361589,1906,9.99,11.50344827586207,13.3,12.230645161290322
USC00361589,1907,9.191304347826087,7.66,11.903932584269661,9.865517241379306
USC00361589,1908,11.684239130434783,11.608333333333333,13.15274725274725,14.314516129032258
USC00361589,1909,10.222826086956522,10.571666666666665,12.484065934065937,10.69032258064516
USC00361589,1910,12.348913043478257,12.973333333333333,12.946153846153848,14.148387096774194
USC00361589,1911,10.643478260869566,8.918333333333333,12.536813186813186,12.770967741935484
USC00361589,1912,10.438586956521739,10.93,13.80989010989011,14.154838709677415
USC00361589,1913,11.828260869565218,11.604999999999999,13.588333333333331,14.195161290322579
USC00361589,1914,10.121195652173913,9.958333333333334,12.93626373626374,14.866129032258065
USC00361589,1915,9.995652173913044,13.33166666666667,13.469444444444447,13.675806451612903
USC00361589,1916,9.428804347826087,10.341666666666665,12.62912087912088,12.611290322580645
USC00361589,1917,9.432608695652174,11.15,10.941758241758242,10.216129032258063
USC00361589,1918,12.288043478260867,10.703333333333335,12.9510989010989,14.643548387096773
USC00361589,1919,11.726630434782608,10.493333333333338,13.975274725274728,15.737096774193546
USC00361589,1920,9.760869565217392,9.818333333333332,13.752747252747254,15.624193548387094
USC00361589,1921,13.791847826086956,14.153333333333334,13.314835164835163,12.062903225806451
USC00361589,1922,11.397826086956524,10.851666666666665,12.601648351648352,12.95483870967742
USC00361589,1923,9.67554347826087,9.985000000000001,11.669780219780218,11.153225806451614
USC00361589,1924,8.494021739130435,8.440000000000001,10.776404494382021,11.860344827586205
USC00361589,1925,10.154891304347826,10.984999999999996,10.717032967032967,8.412903225806453
USC00361589,1926,8.193478260869567,8.125,10.933516483516485,10.649999999999999
USC00361589,1927,10.256521739130434,9.713333333333335,13.06098901098901,12.770967741935483
USC00361589,1928,8.997826086956524,8.395,12.070879120879123,12.688709677419354
USC00361589,1929,11.191758241758242,11.20333333333333,12.076923076923077,10.459677419354838
USC00361589,1930,10.043478260869565,8.753333333333332,12.966483516483514,11.4241935483871
USC00361589,1931,10.12336956521739,10.19833333333333,15.447802197802197,14.420967741935483
USC00361589,1932,9.128260869565219,9.181666666666667,12.542307692307691,12.943548387096774
USC00361589,1933,10.740217391304348,10.865,12.234065934065937,11.908064516129032
USC00361589,1934,10.02967032967033,10.008620689655173,12.91043956043956,11.001612903225807
USC00361589,1935,10.33586956521739,9.659999999999998,12.728571428571428,12.491935483870968
USC00361589,1936,11.476086956521739,9.203333333333335,11.526923076923074,12.246774193548388
USC00361589,1937,8.396153846153847,8.606666666666666,11.322527472527474,11.206451612903225
USC00361589,1938,10.701086956521738,11.504999999999999,12.274175824175828,12.648387096774192
USC00361589,1939,9.847282608695652,8.708333333333336,11.575824175824177,11.638709677419357
USC00361589,1940,7.769021739130434,7.048333333333332,10.514835164835166,9.925806451612903
USC00361589,1941,10.684239130434781,13.365,14.823076923076924,15.625806451612902
USC00361589,1942,12.678260869565221,13.063333333333334,13.063736263736264,13.233870967741936
USC00361589,1943,10.066847826086958,8.163333333333334,12.20989010989011,11.683870967741935
USC00361589,1944,11.061413043478261,9.595,12.929670329670332,12.045161290322582
USC00361589,1945,13.168681318681317,13.016666666666667,13.616111111111111,12.540322580645164
USC00361589,1946,11.556521739130437,9.76,14.02134831460674,14.770689655172415
USC00361589,1947,8.965000000000002,9.985714285714284,12.793333333333331,15.058064516129033
USC00361589,1948,10.252717391304346,10.246666666666666,12.515384615384614,11.00322580645161
USC00361589,1949,10.044565217391305,9.601666666666665,12.23021978021978,14.641935483870967
USC00361589,1950,8.04945652173913,8.086666666666666,12.237362637362637,13.443548387096774
USC00361589,1951,10.222826086956522,10.218333333333334,11.927472527472528,13.729032258064516
USC00361589,1952,9.772282608695651,11.274999999999999,11.429120879120877,10.196774193548384
USC00361589,1953,10.996739130434783,10.393333333333334,12.905494505494506,13.430645161290327
USC00361589,1954,9.996739130434781,11.761666666666665,12.64120879120879,14.175806451612903
USC00361589,1955,11.225,11.698333333333332,12.117032967032966,13.041935483870967
USC00361589,1956,8.360326086956523,8.741666666666665,11.634615384615381,11.970967741935485
USC00361589,1957,10.575543478260869,11.448333333333334,12.201648351648354,10.625806451612902
USC00361589,1958,9.818478260869567,11.171666666666669,11.926923076923078,11.296774193548389
USC00361589,1959,11.282608695652174,11.856666666666664,13.487777777777776,14.167741935483873
USC00361589,1960,9.306521739130435,13.155,12.586813186813188,11.861290322580645
USC00361589,1961,9.37336956521739,8.586666666666666,14.255494505494505,13.014516129032259
USC00361589,1962,10.781521739130435,11.011666666666667,11.293956043956042,12.591935483870968
USC00361589,1963,10.406521739130437,10.875,12.757142857142856,13.935483870967746
USC00361589,1964,10.384782608695655,8.87,12.258241758241756,10.396774193548387
USC00361589,1965,10.041304347826086,9.004999999999999,12.256593406593408,10.84354838709677
USC00361589,1966,9.436413043478261,8.058333333333334,11.718681318681321,11.117741935483872
USC00361589,1967,8.71304347826087,10.568333333333333,10.946703296703298,11.303225806451614
USC00361589,1968,10.334239130434785,11.6,13.224725274725278,13.451612903225806
USC00361589,1969,10.236413043478262,11.326666666666664,11.756043956043955,11.419354838709678
USC00361589,1970,9.553260869565218,9.578333333333331,13.506593406593405,13.287096774193547
USC00361589,1971,8.782608695652174,9.001666666666665,13.463736263736262,14.935483870967742
USC00361589,1972,8.870108695652174,8.268333333333334,10.788461538461538,9.312903225806451
USC00361589,1973,10.282608695652174,10.343333333333332,12.55989010989011,12.445161290322579
USC00361589,1974,9.454891304347827,9.990000000000002,11.113736263736264,9.606451612903227
USC00361589,1975,8.57717391304348,6.576666666666667,12.467032967032967,13.506451612903225
USC00361589,1976,10.78804347826087,11.751666666666669,9.692307692307692,9.375806451612904
USC00361589,1977,11.670108695652173,11.463333333333333,12.343406593406593,10.911290322580644
USC00361589,1978,8.556521739130435,9.313333333333334,11.672527472527474,10.619354838709677
USC00361589,1979,10.445604395604397,9.46551724137931,12.787362637362639,11.443548387096776
USC00361589,1980,10.025543478260868,10.878333333333332,11.725824175824176,10.866129032258067
USC00361589,1981,9.801630434782608,11.396666666666667,11.08076923076923,9.856451612903227
USC00361589,1982,9.409239130434782,8.336666666666668,12.572527472527474,11.812903225806451
USC00361652,1917,8.505978260869567,9.85,9.006043956043957,8.491935483870966
USC00361652,1918,11.08804347826087,9.328333333333331,11.326923076923075,13.275806451612903
USC00361652,1919,10.208152173913044,9.328333333333337,12.522777777777778,13.658064516129034
USC00361652,1920,8.770108695652175,8.598333333333333,12.653846153846152,14.238709677419354
USC00361652,1921,12.997826086956518,13.436666666666666,12.68956043956044,11.651612903225805
USC00361652,1922,10.803804347826087,10.403333333333334,12.835714285714285,13.095161290322581
USC00361652,1923,9.214130434782607,9.580000000000002,11.412087912087912,11.119354838709677
USC00361652,1924,8.193478260869565,8.44,10.785714285714286,11.595161290322578
USC00361652,1925,9.521195652173912,10.575,10.670879120879121,8.024193548387096
USC00361652,1926,7.972527472527473,7.315517241379309,11.175555555555555,10.808064516129033
USC00361652,1927,9.247802197802198,8.125862068965516,13.154395604395607,13.158064516129032
USC00361652,1928,8.695604395604395,8.263333333333334,10.094285714285714,11.582692307692307
USC00361652,1929,10.084705882352942,11.011666666666665,11.13626373626374,9.991935483870966
USC00361652,1930,9.317934782608694,8.333333333333334,12.05989010989011,10.54032258064516
USC00361652,1931,9.18967391304348,9.208333333333334,14.052197802197805,12.887096774193546
USC00361652,1932,8.014673913043477,8.043333333333333,11.136813186813185,11.525806451612903
USC00361652,1933,9.425543478260868,9.696666666666667,10.487362637362638,10.091935483870968
USC00361652,1934,8.72554347826087,9.146666666666667,11.598351648351649,9.995161290322581
USC00361652,1935,8.774444444444445,8.443103448275862,11.379670329670331,11.269354838709678
USC00361652,1936,10.223369565217393,7.929999999999999,11.024175824175824,11.843548387096773
USC00361652,1937,8.447282608695652,8.694999999999999,10.18235294117647,10.138333333333332
USC00361652,1938,9.867934782608696,10.37166666666667,11.103846153846153,11.438709677419356
USC00361652,1939,9.736413043478262,8.428333333333333,11.396703296703295,11.780645161290325
USC00361652,1940,7.83641304347826,7.251666666666666,10.033516483516484,9.133870967741938
USC00361652,1941,9.971195652173913,13.13833333333333,13.237912087912086,14.140322580645162
USC00361652,1942,11.196153846153846,11.938333333333334,11.985164835164834,12.46451612903226
USC00361705,1947,7.682608695652173,10.153333333333334,11.993406593406595,14.5
USC00361705,1948,10.057692307692308,11.116666666666667,11.223626373626374,9.808064516129033
USC00361705,1949,8.471739130434784,8.4,11.05879120879121,13.953225806451613
USC00361705,1950,7.48913043478261,6.921666666666668,10.694505494505494,12.419354838709678
USC00361705,1951,8.6375,8.213333333333333,9.824175824175825,12.11774193548387
USC00361705,1952,8.13804347826087,8.944999999999999,10.492777777777777,8.23709677419355
USC00361705,1953,9.332065217391305,7.334999999999999,10.844505494505494,11.569354838709677
USC00361705,1954,8.483695652173912,11.103333333333332,11.127472527472527,11.920967741935483
USC00361705,1955,10.095108695652176,11.136666666666667,10.656593406593407,11.325806451612904
USC00361705,1956,7.814673913043479,7.643333333333333,11.093406593406595,12.379032258064516
USC00361705,1957,9.38804347826087,10.326666666666666,10.285164835164835,8.258064516129032
USC00361705,1958,7.601630434782609,9.181666666666668,11.38625,10.117741935483869
USC00361705,1959,9.190760869565219,9.71,11.322527472527474,11.659677419354837
USC00361705,1960,6.192934782608695,10.248333333333335,11.437912087912087,10.780645161290321
USC00361705,1961,7.297282608695654,5.7433333333333305,12.427472527472528,11.84032258064516
USC00361705,1962,8.871739130434783,7.719999999999999,9.893956043956043,11.149999999999999
USC00361705,1963,8.366304347826086,8.49,11.252197802197802,12.643548387096775
USC00361705,1964,9.178804347826086,9.091666666666667,10.365384615384617,8.543548387096775
USC00361705,1965,8.628260869565219,8.068333333333332,10.796153846153846,9.317741935483872
USC00361705,1966,7.811956521739131,7.373333333333333,9.409340659340659,8.44516129032258
USC00361705,1967,8.111413043478262,9.731666666666667,8.976373626373627,9.74032258064516
USC00361705,1968,8.395604395604396,9.538333333333334,11.062637362637362,10.869354838709677
USC00361705,1969,8.071195652173913,9.564999999999998,10.129120879120878,10.011290322580647
USC00361705,1970,8.53804347826087,9.330000000000002,12.524725274725277,12.446774193548388
USC00361705,1971,6.617934782608696,6.879999999999999,12.778021978021975,14.348387096774195
USC00361705,1972,8.214673913043478,8.221666666666666,9.794505494505493,8.419354838709676
USC00361705,1973,9.292934782608695,8.373333333333333,12.06043956043956,12.595161290322581
USC00361705,1974,8.916304347826088,8.423333333333334,10.023626373626374,8.816129032258063
USC00361705,1975,8.022282608695653,5.8566666666666665,11.437912087912089,12.32741935483871
USC00361705,1976,9.388586956521738,9.621666666666666,7.98021978021978,7.511290322580646
USC00361705,1977,10.636413043478262,10.014999999999997,11.11373626373626,9.088709677419354
USC00361705,1978,7.179347826086956,8.206666666666665,11.215934065934066,9.264516129032256
USC00361705,1979,8.312499999999998,8.13,9.231147540983606,11.059677419354838
USC00361705,1980,8.853260869565217,9.701666666666666,10.198275862068966,8.617857142857144
USC00361705,1981,7.657471264367814,10.0625,9.389204545454545,8.406451612903227
USC00361705,1982,8.708152173913044,6.423333333333334,11.865934065934065,11.806451612903228
USC00361705,1983,8.298369565217392,7.79,11.386263736263738,11.272580645161291
USC00361705,1984,6.615217391304348,7.984999999999999,10.514285714285714,13.732258064516127
USC00361705,1985,9.98532608695652,10.906666666666666,12.544505494505497,11.719354838709679
USC00361705,1986,9.131521739130434,10.138333333333334,10.675274725274726,11.164516129032258
USC00361705,1987,9.265760869565216,8.418333333333333,10.909890109890108,8.620967741935484
USC00361705,1988,9.176086956521738,9.04,10.04945054945055,8.075806451612904
USC00361705,1989,7.872282608695652,6.906666666666667,10.975274725274724,11.259677419354837
USC00361705,1990,9.609782608695653,9.661666666666665,12.208241758241757,12.26774193548387
USC00361705,1991,11.313586956521737,10.49,10.645054945054945,11.153225806451612
USC00361705,1992,8.578804347826088,9.636666666666667,10.337362637362638,9.358064516129032
USC00361705,1993,7.593478260869565,7.885,9.502747252747254,8.729032258064516
USC00361705,1994,7.066847826086959,9.81,9.665934065934067,8.548387096774194
USC00361705,1995,9.326086956521738,8.346666666666668,9.59725274725275,11.822580645161292
USC00361705,1996,7.247282608695652,8.371666666666666,9.28901098901099,10.051612903225807
USC00361705,1997,7.956521739130436,7.061666666666667,10.035714285714286,10.511290322580646
USC00361705,1998,10.593478260869565,10.06,11.564285714285715,10.774193548387094
USC00361705,1999,8.78804347826087,10.043333333333335,11.453296703296703,10.003225806451614
USC00361705,2000,10.441304347826087,9.061666666666666,10.645054945054945,12.317741935483873
USC00361705,2001,9.251086956521739,11.485000000000001,11.43956043956044,10.325806451612902
USC00361705,2002,9.007065217391306,10.305000000000001,11.084065934065933,10.788709677419357
USC00361705,2003,9.045652173913043,9.756666666666664,11.159890109890108,9.75
USC00361705,2004,10.531521739130435,9.095,12.087912087912088,11.375806451612902
USC00361705,2005,7.596739130434782,10.073333333333334,11.828888888888885,11.703225806451615
USC00361705,2006,8.611413043478262,10.345,10.352222222222222,9.409999999999998
USC00361705,2007,8.48532608695652,6.781666666666668,12.426373626373627,14.170967741935486
USC00361705,2008,8.574456521739132,10.716666666666665,10.131111111111112,9.903333333333332
USC00361705,2009,9.058695652173913,8.608333333333333,10.973076923076924,8.845161290322583
USC00361705,2010,9.891847826086957,10.569999999999999,10.667582417582416,10.58548387096774
USC00361705,2011,9.737499999999997,10.139999999999997,11.595054945054946,10.335483870967742
USC00361705,2012,11.621195652173913,8.465,10.092307692307692,10.783870967741938
USC00361705,2013,7.9820652173913045,9.503333333333332,10.098901098901099,11.60967741935484
USC00361705,2014,7.7576086956521735,8.740000000000002,10.100549450549451,11.130645161290323
USC00361705,2015,9.06521739130435,9.613333333333332,12.173626373626373,10.316129032258065
USC00361705,2016,10.074456521739132,9.093333333333334,12.80769230769231,12.551612903225807
USC00361705,2017,10.282608695652176,12.838333333333335,11.806043956043952,13.709677419354838
USC00361705,2018,9.69836956521739,7.881666666666665,11.770879120879119,12.019354838709676
USC00361705,2019,10.390760869565218,11.183333333333335,11.665384615384617,12.625806451612904
USC00361705,2020,9.555978260869566,7.981666666666668,11.711538461538463,11.159677419354841
USC00361705,2021,9.034239130434784,9.061666666666667,12.846710526315789,14.296153846153846
USC00361705,2022,9.045652173913043,7.825,10.224175824175825,8.793548387096774
USC00361705,2023,8.373913043478263,9.636666666666667,10.92142857142857,11.958064516129031
USC00361705,2024,10.814130434782609,10.310000000000002,11.721978021978023,11.293548387096772
USC00361705,2025,9.909782608695654,9.716666666666669,10.724725274725275,10.309677419354841
USC00361710,1897,9.269565217391303,9.345,11.241758241758243,11.695161290322583
USC00361710,1898,9.450543478260869,5.460000000000002,9.844505494505494,11.485483870967741
USC00361710,1899,9.968131868131866,9.751666666666667,11.692857142857145,12.883870967741935
USC00361710,1900,7.721195652173911,7.808333333333334,13.54,14.709677419354842
USC00361726,2014,9.25611111111111,10.344827586206899,11.75813953488372,12.630357142857145
USC00361726,2015,10.768131868131869,11.670689655172412,13.937912087912089,12.148387096774195
USC00361726,2016,11.66923076923077,10.686666666666667,14.277472527472527,14.475806451612902
USC00361726,2017,11.38409090909091,13.261666666666667,13.03095238095238,15.10483870967742
USC00361726,2018,9.634239130434784,7.468333333333332,12.963186813186816,12.846774193548386
USC00361726,2019,11.219318181818181,12.418333333333333,13.0375,14.214285714285714
USC00361726,2020,10.265555555555554,8.351666666666667,13.415384615384616,13.045161290322582
USC00361726,2021,10.56951219512195,10.708,13.442352941176475,15.799999999999999
USC00361726,2022,11.635333333333334,10.674999999999999,12.687209302325586,10.73709677419355
USC00361726,2023,10.07,11.361666666666666,12.641477272727274,13.898333333333332
USC00361726,2024,13.441208791208792,13.001666666666667,12.6984375,12.583333333333334
USC00361790,1917,6.346739130434782,6.999999999999999,7.311111111111111,6.333333333333332
USC00361790,1921,10.839130434782607,11.41333333333333,10.964835164835165,10.30322580645161
USC00361790,1922,8.624999999999998,8.243333333333334,10.78956043956044,11.191935483870967
USC00361790,1923,6.129347826086957,6.495000000000001,9.903296703296704,8.920967741935483
USC00361790,1924,5.41304347826087,6.116666666666666,9.346153846153847,10.264516129032259
USC00361790,1925,6.645652173913042,8.511666666666665,8.579670329670328,5.488709677419355
USC00361790,1926,4.675,4.1850000000000005,9.892307692307693,9.709677419354835
USC00361790,1927,8.080434782608695,7.393333333333334,12.101648351648354,12.401612903225805
USC00361790,1928,5.983695652173913,5.668333333333333,11.292682926829269,13.652083333333332
USC00361790,1929,8.754891304347826,8.54,9.775274725274725,9.390322580645162
USC00361790,1930,6.919230769230769,7.488333333333332,9.74080459770115,8.677419354838712
USC00361790,1931,7.2331521739130435,7.614999999999999,12.956818181818182,11.80166666666667
USC00361790,1932,5.9358695652173905,6.298333333333334,10.078021978021978,11.15322580645161
USC00361790,1933,8.374456521739132,9.979999999999999,9.143333333333333,9.368333333333334
USC00361790,1934,7.033695652173913,6.973333333333334,11.279120879120878,9.938709677419356
USC00361790,1935,6.567391304347825,5.7366666666666655,9.701098901098902,10.243548387096773
USC00361790,1936,7.429347826086956,5.276666666666667,10.134065934065935,10.77096774193548
USC00361790,1937,6.45217391304348,6.3549999999999995,9.021428571428574,8.796774193548385
USC00361790,1938,8.977472527472527,8.858333333333333,10.014285714285714,10.862903225806454
USC00361790,1939,6.875,5.488333333333333,10.361538461538462,11.001612903225807
USC00361790,1940,5.326630434782608,5.2716666666666665,8.943406593406593,8.48709677419355
USC00361790,1941,6.96358695652174,10.635,10.843406593406591,11.18225806451613
USC00361790,1945,9.491304347826087,10.103333333333332,9.775,8.904838709677419
USC00361790,1946,8.867934782608694,6.418333333333334,11.276373626373625,11.751612903225809
USC00361790,1947,5.971739130434782,7.828333333333335,11.553846153846155,14.130645161290325
USC00361790,1948,8.92445652173913,10.831666666666669,10.771978021978022,8.79516129032258
USC00361790,1949,7.971195652173913,7.248333333333333,10.228571428571428,12.719354838709675
USC00361790,1950,6.625,4.936666666666667,10.028021978021979,12.020967741935483
USC00361790,1951,8.148369565217392,7.739999999999999,9.292857142857144,12.274193548387096
USC00361790,1952,7.351630434782609,8.915,9.882417582417581,7.659677419354838
USC00361790,1953,8.124456521739132,6.621666666666667,10.853296703296705,10.870967741935486
USC00361790,1954,7.967934782608695,11.415,11.042307692307691,11.833870967741932
USC00361790,1955,9.791758241758242,11.746666666666664,10.229120879120877,11.32258064516129
USC00361790,1956,5.88641304347826,5.821666666666667,9.933516483516485,11.612903225806452
USC00361790,1957,7.946739130434781,8.606666666666666,9.738461538461538,8.791935483870967
USC00361790,1958,7.279891304347825,8.803333333333333,10.534065934065934,10.346774193548388
USC00361790,1959,8.177173913043477,8.52,10.612777777777778,10.966129032258063
USC00361790,1960,5.805434782608697,10.209999999999999,10.857692307692309,9.441935483870969
USC00361790,1961,6.325000000000001,4.948333333333334,11.704945054945053,11.985483870967741
USC00361790,1962,7.91141304347826,7.238333333333333,9.36868131868132,10.882258064516128
USC00361790,1963,7.447826086956524,7.629999999999999,10.593406593406593,12.850000000000001
USC00361790,1964,8.142391304347827,8.081666666666667,9.878571428571428,8.412903225806451
USC00361790,1965,6.444565217391306,5.245,9.959340659340658,8.52258064516129
USC00361790,1966,6.397282608695652,6.093333333333334,9.270879120879123,8.874193548387096
USC00361790,1967,6.0105555555555545,8.178333333333335,8.54835164835165,10.20483870967742
USC00361790,1968,7.434782608695652,9.381666666666666,10.634615384615385,10.911290322580646
USC00361790,1969,7.1070652173913045,9.0,9.613186813186815,10.070967741935483
USC00361790,1970,7.565760869565218,8.136666666666667,11.446703296703292,11.711290322580645
USC00361790,1971,5.352173913043478,5.428333333333334,11.764835164835164,14.05161290322581
USC00361790,1972,6.3733695652173905,5.878333333333334,8.973626373626372,7.909677419354838
USC00361790,1973,8.748369565217391,8.339999999999998,11.113736263736264,11.66290322580645
USC00361790,1974,7.6429347826086955,8.696666666666665,8.94065934065934,8.385483870967741
USC00361790,1975,6.68804347826087,4.043333333333334,10.72252747252747,11.183870967741937
USC00361790,1976,7.965384615384615,8.194999999999999,7.012087912087914,7.3
USC00361790,1977,9.54945652173913,8.528333333333332,9.785294117647057,9.02741935483871
USC00361790,1978,6.164130434782609,6.601666666666666,10.103846153846154,8.937096774193549
USC00361790,1979,7.889130434782608,6.7266666666666675,10.497802197802198,9.630645161290321
USC00361790,1980,7.134782608695653,7.441666666666667,9.07967032967033,7.975806451612903
USC00361790,1981,7.160869565217391,8.566666666666666,9.026373626373626,8.696774193548388
USC00361790,1982,7.392934782608694,5.461666666666667,10.647252747252749,10.662903225806453
USC00361790,1983,7.238461538461539,6.425,10.621978021978023,10.572580645161288
USC00361790,1984,5.505978260869565,8.136666666666667,10.486263736263735,12.961290322580645
USC00361790,1985,9.096195652173913,10.465,11.34230769230769,11.02258064516129
USC00361790,1986,9.06195652173913,9.443333333333332,9.92802197802198,10.40967741935484
USC00361790,1987,8.952173913043477,9.338333333333333,9.569230769230769,7.429032258064516
USC00361790,1988,7.628260869565218,7.171666666666667,9.108241758241757,6.767741935483872
USC00361790,1989,6.910326086956523,5.628333333333334,9.356593406593406,10.195161290322583
USC00361790,1990,8.223369565217391,8.426666666666666,10.972527472527473,11.34677419354839
USC00361790,1991,10.428804347826086,10.321666666666667,10.290109890109889,11.790322580645162
USC00361790,1992,6.908695652173913,6.85,9.373076923076923,8.180645161290323
USC00361790,1993,7.214673913043477,8.776666666666667,9.008241758241759,9.00483870967742
USC00361790,1994,6.92608695652174,9.34,10.692857142857141,10.275806451612903
USC00361790,1995,7.882777777777778,6.118333333333334,10.316483516483517,12.32741935483871
USC00361790,1996,7.716304347826087,9.278333333333334,9.948888888888888,11.508064516129032
USC00361804,1904,5.830434782608696,4.108333333333333,8.267032967032966,7.920967741935483
USC00361804,1929,8.700543478260867,8.841666666666669,9.668131868131868,8.76290322580645
USC00361804,1930,7.559239130434783,7.738333333333333,10.07967032967033,8.853225806451613
USC00361804,1931,6.965760869565217,7.053333333333333,12.179670329670328,10.722580645161294
USC00361804,1932,5.488586956521739,5.331666666666667,9.213186813186812,10.230645161290324
USC00361804,1933,6.605000000000001,8.201923076923077,7.9624999999999995,7.578125
USC00361804,1937,6.461413043478261,6.715,7.627472527472526,7.269354838709677
USC00361804,1938,8.044565217391304,7.920000000000001,9.175274725274724,10.366129032258065
USC00361804,1939,7.264130434782611,5.916666666666666,9.486263736263735,9.893548387096773
USC00361804,1940,4.859782608695652,4.713333333333333,7.623626373626375,6.812903225806452
USC00361804,1941,8.91195652173913,13.303333333333335,10.113736263736264,11.312903225806451
USC00361804,1942,8.154891304347826,8.469999999999999,9.584615384615384,10.466129032258062
USC00361804,1943,6.092391304347827,3.951666666666667,7.881318681318683,8.035483870967742
USC00361804,1945,9.075,9.703333333333335,9.714285714285714,8.962903225806452
USC00361804,1946,8.675543478260868,6.898333333333335,10.883522727272727,11.246774193548388
USC00361804,1947,5.747282608695652,7.3149999999999995,10.018681318681319,12.543548387096774
USC00361804,1948,7.667241379310345,9.971666666666668,9.776373626373625,8.248387096774193
USC00361804,1949,7.060344827586208,7.267307692307693,9.15,11.772580645161293
USC00361804,1953,7.594021739130435,5.878333333333334,9.563736263736264,9.69032258064516
USC00361806,1957,6.190217391304347,7.075000000000001,7.709340659340659,6.959677419354839
USC00361806,1958,5.194021739130435,6.27,8.0989010989011,7.729032258064515
USC00361806,1959,6.016847826086955,6.476666666666666,8.437912087912089,8.811290322580646
USC00361806,1960,3.8570652173913045,8.43,8.268681318681319,6.930645161290323
USC00361806,1961,4.6451086956521745,3.416666666666666,9.343333333333334,9.373333333333335
USC00361806,1962,5.656043956043956,5.329999999999999,6.5818681318681325,8.498387096774193
USC00361806,1963,5.554945054945056,5.643333333333332,8.373076923076923,10.261290322580646
USC00361806,1964,6.054347826086956,5.406666666666667,8.20934065934066,6.925806451612904
USC00361806,1965,5.407608695652173,3.818333333333334,8.228021978021976,7.079032258064517
USC00361806,1966,5.0989130434782615,4.843333333333333,7.539560439560439,7.15483870967742
USC00361806,1967,4.642391304347825,7.046666666666667,6.150549450549451,7.503225806451613
USC00361806,1968,6.372282608695652,8.008333333333333,8.164285714285713,8.748387096774195
USC00361806,1969,5.592934782608695,7.361666666666666,7.245054945054944,7.437096774193549
USC00361806,1970,5.542934782608696,6.260000000000001,9.563736263736262,10.09032258064516
USC00361806,1971,4.9994565217391305,5.453333333333334,10.789010989010988,12.909677419354841
USC00361806,1972,5.111956521739129,4.551666666666666,7.090109890109891,5.800000000000001
USC00361806,1973,7.41195652173913,7.883333333333335,9.14835164835165,9.685483870967742
USC00361806,1974,6.483695652173912,8.139999999999999,7.899450549450548,7.690322580645162
USC00361806,1975,5.553260869565217,3.0133333333333336,9.978571428571428,10.785483870967742
USC00361806,1976,7.13804347826087,7.7283333333333335,5.937912087912088,5.585483870967742
USC00361806,1977,8.809782608695652,8.316666666666666,8.724725274725275,7.596774193548388
USC00361806,1978,4.960326086956521,4.911666666666666,8.615384615384615,8.182258064516128
USC00361806,1979,6.774725274725275,5.439655172413792,9.037912087912085,8.459677419354838
USC00361806,1980,6.153296703296704,6.923333333333334,6.996703296703296,6.193548387096774
USC00361806,1981,6.539130434782607,7.986666666666667,7.592857142857143,7.517741935483872
USC00361806,1982,6.654891304347827,5.196666666666667,9.557142857142857,9.656451612903227
USC00361806,1983,5.853804347826087,5.121666666666668,8.978021978021976,8.670967741935486
USC00361806,1984,4.769565217391304,7.208333333333334,9.371428571428572,12.045161290322579
USC00361806,1985,8.229891304347827,9.621666666666668,10.41923076923077,10.208064516129035
USC00361806,1986,8.538586956521739,8.44,8.64010989010989,9.29516129032258
USC00361838,1994,5.279891304347827,7.368333333333333,9.303932584269662,8.191935483870969
USC00361838,1995,5.699456521739131,4.1899999999999995,6.7266666666666675,
USC00361838,1996,5.316304347826088,6.246666666666667,8.883888888888887,9.52741935483871
USC00361838,1997,5.305434782608695,5.21,8.846153846153847,9.008064516129032
USC00361838,1998,8.942934782608695,8.116666666666667,10.483333333333333,
USC00361838,1999,7.303260869565219,7.851666666666666,11.070329670329668,9.212903225806452
USC00361838,2000,8.767934782608695,7.325,9.497802197802198,10.058064516129033
USC00361838,2001,7.07611111111111,7.473333333333334,10.857142857142858,10.416129032258064
USC00361838,2002,7.1755434782608685,8.393333333333334,9.840659340659343,8.708064516129031
USC00361838,2003,6.352173913043478,6.138333333333333,10.2,8.419354838709678
USC00361838,2004,8.692934782608695,7.211666666666668,10.74065934065934,9.858064516129035
USC00361838,2005,5.265217391304348,7.8116666666666665,10.997252747252746,10.206451612903226
USC00361838,2006,7.219021739130435,8.125,9.735714285714288,8.361290322580645
USC00361838,2007,6.349456521739131,5.385000000000001,11.370879120879119,13.043548387096774
USC00361838,2008,6.41467391304348,9.094999999999999,9.536263736263736,8.508064516129032
USC00361838,2009,7.461956521739129,7.786666666666667,9.735555555555555,8.069354838709678
USC00361838,2010,9.199456521739132,10.038333333333332,9.877472527472527,10.130645161290321
USC00361838,2011,7.171195652173914,6.786666666666667,11.133516483516484,9.708064516129031
USC00361838,2012,10.152717391304348,6.381666666666666,9.466483516483514,10.772580645161291
USC00361838,2013,6.985326086956522,7.1000000000000005,9.345604395604395,11.448387096774193
USC00361838,2014,5.779347826086957,6.673333333333333,9.416483516483517,10.714516129032258
USC00361838,2015,6.656521739130436,6.551666666666667,11.38736263736264,9.430645161290323
USC00361838,2016,7.626086956521741,5.618333333333334,11.266483516483516,11.016129032258062
USC00361838,2017,7.5065217391304335,10.223333333333334,10.882967032967034,12.772580645161291
USC00361838,2018,6.492934782608694,3.961666666666667,9.798351648351648,9.772580645161291
USC00361838,2019,6.98586956521739,8.051666666666668,9.790109890109889,10.956451612903225
USC00361838,2020,7.265760869565219,5.33,10.514285714285714,10.195161290322577
USC00361838,2021,7.773076923076923,7.916666666666666,11.446703296703298,13.975806451612904
USC00361838,2022,7.830434782608694,6.991666666666666,10.25164835164835,9.248387096774195
USC00361838,2023,7.58641304347826,9.728333333333332,10.537362637362639,11.814516129032258
USC00361838,2024,9.439673913043478,8.738333333333333,11.095604395604395,10.614516129032259
USC00361838,2025,8.341304347826087,8.023333333333333,10.107692307692309,10.395161290322578
USC00361920,1874,7.824456521739131,5.446666666666668,11.117032967032968,11.030645161290321
USC00361920,1875,7.404838709677419,,9.695604395604398,10.096774193548386
USC00361920,2008,10.067934782608694,11.901666666666669,12.067032967032969,11.166129032258064
USC00361920,2009,10.434239130434783,11.015000000000002,12.636813186813187,11.183870967741935
USC00361920,2010,12.579347826086956,12.646666666666667,12.875274725274727,12.779032258064515
USC00361920,2011,11.473913043478264,11.778333333333332,13.010555555555554,11.816129032258067
USC00361920,2012,12.876086956521737,10.419999999999998,11.467582417582417,12.26935483870968
USC00361920,2013,9.695652173913043,10.629999999999999,11.784065934065934,13.103225806451613
USC00361920,2014,8.864130434782608,9.888333333333332,11.714285714285717,13.016129032258064
USC00361920,2015,10.196195652173913,10.405,13.205494505494507,11.316129032258067
USC00361920,2016,10.78967391304348,9.806666666666668,13.622527472527473,13.00806451612903
USC00361920,2017,10.482065217391304,13.163333333333334,12.869230769230771,14.716129032258062
USC00361920,2018,9.336413043478263,7.748333333333333,12.656043956043954,13.120967741935486
USC00361920,2019,10.998369565217391,12.2,12.425274725274726,13.348387096774196
USC00361920,2020,10.190760869565219,8.788333333333332,12.865384615384615,12.633870967741935
USC00361920,2021,10.887500000000003,11.020000000000001,13.497252747252746,15.667741935483871
USC00361920,2022,10.681521739130433,9.423333333333336,12.094444444444445,10.741935483870966
USC00361920,2023,10.675,12.251666666666663,12.669444444444444,13.53225806451613
USC00361920,2024,12.28913043478261,11.988333333333332,13.008791208791209,12.506451612903227
USC00361920,2025,11.763736263736265,11.65,12.291208791208792,11.701612903225804
USC00362108,1898,10.967934782608696,7.628333333333332,12.609890109890108,13.53709677419355
USC00362108,1899,11.428804347826086,11.941666666666666,12.713483146067416,13.829032258064517
USC00362108,1900,8.847826086956523,8.476666666666667,15.010439560439558,16.229032258064514
USC00362108,1902,9.861111111111112,6.215789473684212,13.257777777777779,13.143333333333333
USC00362108,1903,12.5070652173913,10.155,11.022777777777778,12.233333333333333
USC00362108,1904,9.591304347826087,7.361666666666667,11.404395604395601,11.479032258064517
USC00362108,1905,10.691304347826087,8.92,11.351111111111111,11.715
USC00362108,1906,9.324456521739132,10.756666666666666,13.458791208791208,12.646774193548387
USC00362108,1907,9.714130434782609,7.34,10.832386363636363,9.453333333333337
USC00362108,1908,11.339204545454548,10.861666666666666,13.301123595505617,14.6258064516129
USC00362108,1909,9.51086956521739,10.108333333333333,12.084615384615383,9.196774193548386
USC00362108,1910,11.729120879120877,11.429999999999998,12.151136363636367,13.751666666666665
USC00362108,1911,10.494565217391306,8.698333333333332,12.553508771929824,
USC00362108,1912,10.43,11.282758620689657,12.713218390804597,11.403703703703703
USC00362108,1913,10.652197802197803,10.076666666666666,12.036470588235295,13.353703703703703
USC00362108,1914,9.27087912087912,9.444999999999999,12.129213483146067,13.924193548387098
USC00362108,1915,9.14945652173913,12.574999999999998,12.955555555555557,12.958333333333336
USC00362108,1916,9.120108695652174,9.081666666666669,12.147802197802198,12.358064516129033
USC00362108,1917,8.776373626373626,9.723333333333331,6.077049180327868,8.938709677419356
USC00362108,1918,11.80163043478261,9.616666666666669,11.204395604395604,13.346774193548386
USC00362108,1919,9.708695652173915,9.933333333333332,12.980337078651685,15.230645161290322
USC00362108,1920,8.954347826086956,7.955000000000001,12.004395604395603,13.7
USC00362108,1921,12.57717391304348,12.725000000000001,12.609890109890108,11.27903225806452
USC00362108,1922,10.56195652173913,10.436666666666667,12.226666666666665,
USC00362108,1923,9.43695652173913,9.436666666666667,11.675824175824175,10.566129032258067
USC00362108,1924,8.114673913043477,9.03,11.503296703296705,12.611290322580645
USC00362108,1925,10.420108695652173,12.286666666666669,10.850555555555555,8.01290322580645
USC00362108,1926,8.307608695652174,7.803333333333334,12.096703296703296,11.796774193548385
USC00362108,1927,10.765217391304347,9.705000000000002,13.893406593406596,13.858064516129032
USC00362108,1928,8.453260869565216,7.9333333333333345,11.497802197802198,13.491935483870968
USC00362108,1929,11.075,11.358333333333333,11.088461538461537,10.098387096774195
USC00362108,1930,9.924999999999999,10.303333333333333,11.69120879120879,9.943548387096776
USC00362108,1931,7.714516129032258,,13.839444444444446,11.866129032258065
USC00362108,1932,8.216304347826087,8.773333333333333,11.253296703296705,12.235483870967743
USC00362108,1933,9.890760869565215,10.441666666666668,11.62142857142857,11.638709677419357
USC00362108,1934,10.3875,10.488333333333335,13.439560439560442,12.291935483870967
USC00362108,1935,10.484782608695651,9.076666666666666,12.368131868131869,12.420967741935486
USC00362108,1936,10.545652173913044,7.5983333333333345,12.535164835164839,13.108064516129033
USC00362108,1937,8.955494505494503,9.19,11.293956043956044,11.593548387096776
USC00362108,1938,11.915217391304346,11.870000000000001,12.631318681318682,12.956451612903221
USC00362108,1939,10.664673913043478,8.891666666666667,13.105494505494505,13.850000000000003
USC00362108,1940,8.216304347826087,8.161666666666667,11.037912087912087,10.945161290322583
USC00362108,1941,9.846739130434784,13.55,14.047252747252749,14.864516129032259
USC00362108,1942,11.849456521739132,12.385,13.047802197802197,13.775806451612903
USC00362108,1943,9.721739130434784,7.314999999999999,10.666483516483517,10.467741935483874
USC00362108,1944,10.973369565217393,9.461666666666664,12.240659340659342,11.348387096774195
USC00362108,1945,12.25054347826087,12.831666666666669,12.801666666666666,11.817741935483872
USC00362108,1946,12.178688524590168,8.581666666666667,13.836263736263735,14.077419354838707
USC00362108,1947,8.995652173913042,11.731666666666667,13.491758241758241,16.408064516129034
USC00362108,1948,11.896195652173914,13.096666666666666,12.473626373626372,10.162903225806451
USC00362108,1949,9.798125,10.028333333333332,12.073333333333332,14.677419354838712
USC00362108,1950,6.022727272727272,8.178333333333333,11.551666666666668,13.453333333333337
USC00362108,1951,10.205434782608695,9.671666666666665,11.71923076923077,13.845161290322583
USC00362108,1952,9.83967391304348,11.026666666666667,11.535164835164835,9.469354838709675
USC00362108,1953,11.254494382022473,9.368333333333332,12.55769230769231,12.78548387096774
USC00362108,1954,10.640217391304347,13.976666666666667,12.24375,13.246774193548386
USC00362108,1955,12.059782608695654,13.899999999999999,12.019886363636363,12.667741935483871
USC00362108,1957,11.104891304347829,11.961666666666666,11.7489010989011,10.116129032258064
USC00362108,1958,9.461413043478261,10.700000000000001,12.566483516483515,11.998387096774195
USC00362108,1965,9.894021739130435,9.77,12.496703296703297,10.979032258064517
USC00362108,1966,9.609782608695653,8.738333333333333,11.036813186813186,10.562903225806451
USC00362108,1967,9.703260869565216,11.458333333333334,10.252747252747254,11.743548387096775
USC00362108,1968,10.449456521739132,11.853333333333332,12.709890109890111,12.667741935483871
USC00362108,1970,10.758695652173914,11.764999999999999,13.766483516483516,13.606451612903225
USC00362108,1971,8.199456521739132,8.705,13.871978021978023,15.55483870967742
USC00362108,1972,9.990217391304348,9.79,11.32611111111111,10.250000000000002
USC00362108,1977,11.16629213483146,10.432758620689656,,
USC00362108,1979,9.158620689655173,9.427999999999999,11.534756097560976,10.225
USC00362108,1980,8.96875,9.026086956521738,9.142045454545455,7.47258064516129
USC00362108,1981,5.587999999999999,8.937037037037037,10.181868131868132,9.654838709677417
USC00362108,1982,11.065760869565215,9.308333333333334,11.493956043956041,11.566129032258065
USC00362108,1983,9.481521739130434,8.375,12.206410256410255,11.450000000000001
USC00362108,1984,5.070652173913044,6.876666666666666,11.07087912087912,13.570967741935485
USC00362108,1985,9.300543478260868,10.408333333333331,13.063736263736264,12.288709677419355
USC00362108,1986,11.357608695652175,11.666666666666668,12.775274725274725,13.061290322580644
USC00362108,1987,10.876630434782609,10.276666666666666,11.943333333333335,9.225
USC00362108,1988,10.0510989010989,9.441379310344827,11.437912087912089,9.346774193548388
USC00362108,1989,9.635326086956523,8.561666666666666,11.641758241758243,11.975806451612904
USC00362108,1990,10.358695652173914,10.473333333333333,12.803296703296704,13.280645161290327
USC00362108,1991,12.361413043478258,11.773333333333333,12.251098901098903,13.266129032258064
USC00362108,1992,9.484782608695653,10.68,10.355357142857143,9.587096774193547
USC00362108,1993,9.004347826086958,9.319999999999999,11.509340659340658,11.151612903225805
USC00362108,1994,9.12445652173913,11.675,11.832417582417582,10.753225806451614
USC00362108,1995,9.817934782608697,8.951666666666666,11.184065934065934,13.26774193548387
USC00362108,1996,8.75163043478261,10.258333333333333,11.137362637362637,12.298387096774194
USC00362108,1997,8.830978260869564,8.371666666666666,11.170786516853934,11.616666666666665
USC00362108,1998,11.596153846153847,10.876666666666669,13.104395604395604,12.42258064516129
USC00362108,1999,10.02967032967033,10.929310344827588,12.982777777777779,11.779032258064513
USC00362108,2000,11.684239130434783,10.47,11.208333333333334,12.866666666666669
USC00362108,2001,10.215760869565216,12.836666666666668,12.467582417582417,11.737096774193546
USC00362108,2002,9.825000000000001,10.831666666666669,11.611538461538462,10.73225806451613
USC00362108,2003,9.397282608695653,10.093333333333332,11.834065934065933,10.040322580645162
USC00362108,2004,10.718681318681318,10.143333333333334,12.414285714285715,11.553225806451616
USC00362108,2005,8.06868131868132,10.541666666666668,12.88111111111111,12.332258064516127
USC00362108,2006,9.403804347826087,11.103333333333332,11.068131868131868,10.169354838709678
USC00362108,2007,9.538586956521739,7.658333333333333,13.030219780219781,15.151612903225805
USC00362116,1952,9.78804347826087,11.455,12.4438202247191,11.166129032258066
USC00362116,1953,10.891847826086956,10.360000000000001,12.39065934065934,12.419354838709678
USC00362116,1954,9.054891304347827,11.001666666666669,10.405494505494506,11.75967741935484
USC00362116,1957,9.855978260869565,10.636666666666667,11.845604395604393,10.043548387096777
USC00362116,1958,8.867391304347825,10.115,11.376111111111113,10.80161290322581
USC00362116,1959,10.467391304347828,11.276666666666667,12.89065934065934,13.706451612903225
USC00362116,1960,8.528260869565218,12.264999999999999,12.225824175824176,11.766129032258064
USC00362116,1961,9.259782608695652,8.445,12.366049382716051,13.046774193548387
USC00362116,1962,10.323913043478262,10.54833333333333,10.688461538461539,12.051612903225806
USC00362116,1963,10.057065217391303,10.336666666666668,12.764285714285714,15.079032258064515
USC00362116,1964,10.469021739130433,9.106666666666666,12.541208791208794,11.224193548387097
USC00362116,1965,9.392391304347827,8.478333333333333,11.946067415730335,11.12258064516129
USC00362116,1966,8.79891304347826,7.498333333333334,11.43131868131868,10.91451612903226
USC00362116,1967,8.16467391304348,10.118333333333336,10.458791208791208,11.441935483870969
USC00362116,1968,10.067391304347826,11.201666666666666,12.824725274725274,13.19032258064516
USC00362116,1969,10.207065217391305,11.633333333333333,11.848901098901099,12.11290322580645
USC00362116,1970,9.401630434782609,9.561666666666666,12.082926829268294,13.240322580645163
USC00362116,1971,8.891847826086957,9.331666666666667,13.21153846153846,14.729032258064517
USC00362116,1972,9.202173913043477,8.498333333333333,11.222527472527473,9.874193548387096
USC00362116,1973,8.828688524590163,10.819999999999999,14.156043956043957,14.087096774193547
USC00362116,1974,10.634239130434784,11.958333333333332,11.416483516483515,10.441935483870967
USC00362116,1975,9.359239130434784,7.333333333333332,13.32087912087912,14.051612903225806
USC00362116,1976,11.469565217391304,12.520000000000001,10.841666666666667,10.80806451612903
USC00362116,1977,12.617934782608698,12.205,12.656043956043957,11.42741935483871
USC00362116,1978,9.430978260869566,10.046666666666665,13.23571428571429,12.653225806451614
USC00362116,1979,11.460869565217392,10.203333333333331,13.920879120879123,12.206451612903225
USC00362116,1980,11.259782608695655,12.008333333333331,12.796703296703297,11.820967741935483
USC00362116,1981,10.447282608695652,11.193333333333333,12.761538461538464,12.204838709677418
USC00362116,1982,11.207608695652173,9.99,14.493956043956047,14.26774193548387
USC00362116,1983,11.113043478260868,10.796666666666665,15.178571428571429,14.52258064516129
USC00362116,1984,9.775,10.689999999999998,14.042857142857141,16.830645161290324
USC00362116,1985,12.653260869565214,13.129999999999999,14.72142857142857,14.790322580645162
USC00362116,1986,14.304918032786885,9.833333333333334,11.51642857142857,12.447058823529414
USC00362116,1987,13.910655737704918,10.629999999999999,13.118131868131865,11.812903225806453
USC00362183,1944,8.835869565217392,7.286666666666667,9.985714285714288,9.304838709677421
USC00362183,1945,10.45111111111111,10.698275862068966,10.061666666666667,8.679032258064517
USC00362183,1946,9.08967391304348,6.595,10.825824175824177,11.324193548387097
USC00362183,1947,6.02032967032967,8.726666666666667,10.328021978021978,13.053225806451612
USC00362183,1949,6.87282608695652,6.448333333333333,8.889560439560439,11.879032258064518
USC00362183,1950,5.382608695652174,4.766666666666667,8.207303370786516,10.461666666666668
USC00362183,1951,6.716304347826088,6.198333333333333,7.666483516483516,10.38709677419355
USC00362183,1952,6.085326086956522,7.351666666666666,7.920329670329671,6.156451612903226
USC00362183,1953,7.335326086956522,5.7316666666666665,8.852747252747251,9.27258064516129
USC00362183,1954,6.591304347826088,10.078333333333335,8.792307692307693,9.375806451612904
USC00362183,1955,9.15,10.14655172413793,8.141758241758241,8.69032258064516
USC00362183,1956,5.338043478260869,4.838333333333334,8.429670329670332,10.387096774193546
USC00362183,1957,7.370108695652173,8.193333333333333,7.94945054945055,5.840322580645161
USC00362183,1958,5.739673913043478,7.231666666666665,8.68131868131868,8.169354838709678
USC00362183,1959,7.246739130434785,7.4366666666666665,8.998351648351647,9.120967741935482
USC00362183,1960,5.148369565217392,9.556666666666667,8.711538461538462,7.964516129032259
USC00362183,1961,4.934782608695652,3.4699999999999993,11.983516483516484,11.588709677419354
USC00362183,1962,8.545604395604396,7.310344827586208,9.65989010989011,10.95483870967742
USC00362183,1963,8.4,8.065000000000001,9.814285714285715,11.3
USC00362183,1964,8.720108695652172,9.07,9.625274725274727,7.714516129032259
USC00362183,1965,8.094565217391304,7.979999999999999,10.600549450549451,8.862903225806452
USC00362183,1966,7.55054347826087,6.963333333333334,9.273076923076925,9.341935483870968
USC00362183,1967,7.6934782608695675,9.466666666666667,8.501685393258427,9.638709677419355
USC00362183,1968,8.252173913043478,9.92,10.396153846153846,10.608064516129033
USC00362183,1969,8.198369565217392,9.676666666666666,9.452747252747251,9.733870967741934
USC00362183,1970,8.722282608695652,9.478333333333333,12.186263736263736,12.30483870967742
USC00362183,1971,6.3548913043478255,6.715,12.22032967032967,14.191935483870965
USC00362183,1972,8.052173913043479,7.718333333333334,9.035164835164835,7.108064516129032
USC00362183,1974,7.964673913043477,7.783333333333333,9.294505494505495,8.29516129032258
USC00362183,1975,6.671195652173912,4.489999999999999,10.610555555555557,11.433333333333334
USC00362183,1976,8.895652173913044,8.508333333333335,7.013736263736265,7.183870967741936
USC00362183,1979,6.636263736263736,6.308333333333334,10.057142857142857,8.759677419354839
USC00362183,1980,8.198888888888888,8.268333333333334,9.09698795180723,9.162903225806451
USC00362183,1981,6.815384615384616,8.521666666666668,9.38426966292135,8.583870967741934
USC00362183,1982,8.560869565217393,6.741666666666668,8.602459016393443,10.512903225806452
USC00362183,1983,8.700543478260867,7.2666666666666675,12.0021978021978,12.240322580645161
USC00362183,1984,5.9181318681318675,7.183333333333334,12.271176470588236,14.312903225806451
USC00362183,1985,11.526162790697674,13.9,13.37266666666667,13.5675
USC00362183,1986,8.781521739130435,9.048333333333334,10.77087912087912,11.008064516129034
USC00362183,1987,8.633695652173914,7.8149999999999995,10.18021978021978,7.445161290322581
USC00362183,1988,7.746195652173912,7.5,9.195604395604395,7.385483870967741
USC00362183,1989,6.901123595505617,5.69,10.168750000000001,10.626666666666667
USC00362183,1990,7.870454545454546,7.690740740740742,12.931147540983607,10.538709677419355
USC00362183,1992,7.6258426966292125,8.536666666666667,8.825,8.209677419354838
USC00362183,1995,5.771311475409838,7.121666666666667,9.385185185185186,11.544642857142858
USC00362183,2001,9.357746478873237,11.029545454545454,11.425625,10.192307692307692
USC00362183,2009,9.943478260869567,9.911666666666667,11.014835164835166,8.496774193548388
USC00362183,2014,7.31875,8.882758620689655,9.752840909090908,10.832758620689656
USC00362183,2015,8.551149425287354,9.682758620689654,11.562941176470588,9.393548387096773
USC00362183,2016,9.008888888888889,7.939655172413793,12.238636363636363,13.013333333333334
USC00362183,2017,9.172988505747126,12.115000000000002,12.082278481012656,13.53
USC00362183,2018,8.656875,6.282758620689655,11.61604938271605,11.325
USC00362183,2019,8.918390804597703,9.836666666666666,10.31375,10.6
USC00362183,2020,8.498876404494384,6.692857142857143,11.432967032967037,10.711290322580645
USC00362183,2021,9.384615384615385,9.636206896551723,11.469886363636364,13.221666666666666
USC00362183,2022,9.44655172413793,8.309999999999999,10.742307692307692,9.298387096774192
USC00362183,2023,8.561413043478263,10.639999999999999,11.432967032967031,12.050000000000002
USC00362183,2024,10.546195652173912,10.030000000000001,12.956818181818182,12.510344827586207
USC00362183,2025,8.386931818181818,8.335,9.786585365853659,10.68225806451613
USC00362190,1927,11.565217391304348,10.678333333333335,15.717469879518072,16.380434782608695
USC00362190,1928,9.585164835164836,8.89655172413793,12.471978021978023,14.043548387096774
USC00362190,1929,12.633152173913043,12.898333333333333,12.979213483146065,12.183870967741935
USC00362190,1930,11.604891304347825,11.906666666666666,13.06318681318681,11.108064516129032
USC00362190,1931,10.365217391304347,10.971666666666668,16.10879120879121,14.912903225806453
USC00362190,1932,9.690760869565217,9.938333333333334,13.641758241758243,13.798387096774194
USC00362190,1933,11.93913043478261,12.153333333333334,13.875274725274723,13.05161290322581
USC00362190,1934,10.945652173913045,11.155,14.243406593406595,13.07096774193548
USC00362190,1935,11.432608695652176,10.351666666666667,13.42197802197802,13.477419354838709
USC00362190,1936,11.549456521739133,9.281666666666666,13.650549450549452,13.99516129032258
USC00362190,1937,10.444565217391304,10.60333333333333,12.145604395604396,12.067741935483872
USC00362190,1938,12.686413043478264,12.448333333333332,13.770879120879119,13.993548387096775
USC00362190,1939,11.933152173913046,10.16,13.759340659340658,14.006451612903229
USC00362190,1940,9.696739130434782,9.694999999999999,12.505494505494504,12.825806451612904
USC00362190,1941,10.924456521739131,14.421666666666665,14.907142857142857,15.948387096774193
USC00362190,1942,12.429891304347828,12.895,13.84835164835165,14.790322580645165
USC00362190,1943,10.306043956043958,8.281666666666668,11.978021978021978,12.066129032258065
USC00362190,1944,11.967391304347826,10.478333333333333,13.225274725274724,13.006451612903225
USC00362190,1945,13.578260869565218,13.738333333333335,13.699450549450548,12.440322580645164
USC00362190,1946,13.063736263736265,10.796666666666665,14.734065934065937,15.187096774193549
USC00362190,1947,10.384782608695653,13.295,14.595604395604395,17.31129032258065
USC00362190,1948,12.944021739130436,13.64166666666667,14.335164835164832,12.07258064516129
USC00362190,1949,11.707065217391303,11.040000000000001,13.840555555555554,16.553333333333335
USC00362190,1950,10.638043478260867,9.875000000000002,13.348351648351649,15.312903225806453
USC00362190,1951,11.65923913043478,11.008333333333331,13.045604395604396,14.945161290322579
USC00362190,1952,11.553260869565216,12.349999999999998,13.337362637362636,11.387096774193548
USC00362190,1953,12.491847826086957,10.803333333333333,14.323076923076924,14.7741935483871
USC00362190,1954,12.39782608695652,15.933333333333334,14.526373626373628,15.020967741935484
USC00362190,1955,13.813586956521737,15.426666666666666,13.807692307692308,14.166129032258063
USC00362190,1956,11.155978260869563,10.9,14.125274725274728,15.696774193548386
USC00362190,1957,12.729347826086958,13.708333333333334,13.394444444444447,11.741666666666669
USC00362190,1958,10.808695652173915,12.505,13.38791208791209,12.830645161290322
USC00362190,1959,12.292391304347825,12.551666666666668,13.36813186813187,13.50483870967742
USC00362190,1960,9.330434782608695,13.928333333333331,12.757692307692308,12.093548387096773
USC00362190,1961,9.156521739130435,7.413333333333333,12.976373626373626,12.579032258064517
USC00362190,1962,12.005978260869565,11.023333333333335,12.375824175824174,13.551612903225804
USC00362190,1963,11.900543478260872,11.808333333333334,14.004395604395606,15.788709677419355
USC00362190,1964,12.491847826086962,12.756666666666666,12.910989010989011,11.13225806451613
USC00362190,1965,11.104891304347825,10.805000000000001,12.702197802197803,11.043548387096775
USC00362190,1967,11.321348314606741,13.079629629629629,11.801111111111112,13.048333333333336
USC00362190,1968,10.69156626506024,13.235000000000001,13.434065934065934,13.801612903225807
USC00362190,1969,11.25,12.326666666666666,11.632022471910112,12.640322580645163
USC00362190,1970,10.930434782608694,12.331666666666665,14.885465116279073,14.345161290322578
USC00362190,1971,9.432777777777778,9.686666666666667,14.470454545454546,16.393548387096775
USC00362190,1972,10.035632183908046,9.577777777777776,12.353296703296701,11.033870967741931
USC00362190,1973,11.558522727272727,10.644999999999998,14.52197802197802,14.861290322580647
USC00362190,1974,11.902717391304348,12.016666666666664,12.26222222222222,11.585483870967742
USC00362190,1975,10.541011235955056,8.20185185185185,13.348876404494382,13.618333333333334
USC00362190,1976,11.940449438202245,11.390740740740743,9.834444444444445,9.610000000000001
USC00362190,1977,13.013586956521742,12.2,13.684065934065934,11.937096774193547
USC00362190,1978,9.925,10.703333333333331,13.869101123595504,11.803448275862067
USC00362190,1979,11.203804347826088,10.495,13.193956043956042,11.916129032258064
USC00362190,1980,10.560989010989012,10.587931034482759,12.911111111111111,11.762903225806454
USC00362190,1981,10.092613636363636,12.586206896551726,11.792168674698797,11.164583333333335
USC00362190,1982,10.867032967032968,7.586206896551723,13.418131868131868,13.164516129032258
USC00362190,1983,9.727058823529411,8.226785714285715,12.92032967032967,12.719354838709679
USC00362190,1984,9.651098901098901,11.124999999999998,13.536263736263738,16.356451612903225
USC00362190,1985,12.78858695652174,13.580000000000002,15.381460674157303,15.208064516129033
USC00362190,1986,12.432608695652174,12.80666666666667,13.898901098901101,14.111290322580649
USC00362190,1987,12.395652173913042,11.430000000000001,12.831318681318683,10.582258064516129
USC00362190,1988,11.06413043478261,10.709999999999999,11.985164835164836,9.545161290322582
USC00362190,1989,9.991847826086957,9.25,12.589010989010985,12.851612903225806
USC00362190,1990,10.869565217391305,11.118333333333334,13.679670329670328,14.087096774193547
USC00362190,1991,13.404347826086955,12.701666666666666,13.018131868131869,13.91774193548387
USC00362190,1992,10.865760869565218,12.183333333333334,12.982967032967034,11.988709677419353
USC00362190,1993,10.982608695652173,11.401666666666667,12.759890109890112,12.474193548387099
USC00362190,1994,9.624999999999998,11.504999999999997,13.041758241758238,11.90967741935484
USC00362190,1995,10.334782608695651,9.65,11.914285714285713,13.956451612903223
USC00362190,1996,9.146739130434783,10.213333333333335,11.385714285714283,12.109677419354837
USC00362190,1997,9.01467391304348,7.970000000000001,11.732967032967034,12.282258064516126
USC00362190,1998,12.1429347826087,11.473333333333333,13.587362637362636,13.012903225806449
USC00362190,1999,10.577717391304347,12.068333333333333,13.507692307692308,12.091935483870971
USC00362190,2000,12.000543478260875,10.531666666666668,12.30722222222222,13.491935483870964
USC00362190,2001,10.632608695652173,12.600000000000001,13.325274725274722,12.69516129032258
USC00362190,2002,10.482065217391304,11.756666666666662,12.800549450549452,12.112903225806452
USC00362190,2003,11.329444444444443,11.905,12.78131868131868,11.235483870967741
USC00362190,2004,12.048913043478262,10.648333333333333,13.542307692307691,12.835483870967737
USC00362190,2005,9.361956521739131,12.248333333333333,13.919780219780218,13.130645161290323
USC00362190,2006,10.63913043478261,12.698333333333334,12.192307692307692,11.264516129032256
USC00362190,2007,11.026630434782607,9.103333333333333,14.199444444444442,16.208333333333332
USC00362190,2008,10.07717391304348,12.430000000000001,11.936263736263736,11.32258064516129
USC00362190,2009,11.130978260869567,10.948333333333332,12.831868131868132,10.551612903225804
USC00362190,2010,11.982065217391304,12.651666666666669,12.337362637362638,12.320967741935485
USC00362190,2011,11.248369565217393,12.056666666666668,12.959340659340656,11.296774193548389
USC00362190,2012,13.29565217391304,9.891666666666667,11.484065934065937,11.90967741935484
USC00362190,2013,9.687499999999998,11.04833333333333,11.813736263736264,13.083870967741936
USC00362190,2014,9.20217391304348,10.463333333333335,11.718681318681318,12.448387096774193
USC00362190,2015,10.596195652173913,11.508333333333333,13.788461538461538,11.756451612903223
USC00362190,2016,11.320108695652175,10.93,14.06923076923077,13.924193548387096
USC00362343,1943,4.828021978021978,2.3316666666666666,7.4895604395604405,7.782258064516128
USC00362343,1944,6.205978260869564,4.196666666666667,8.78076923076923,7.798387096774194
USC00362343,1945,8.665760869565217,9.166666666666666,9.175824175824175,8.430645161290323
USC00362343,1946,7.8260869565217375,5.756666666666666,11.331868131868132,12.303225806451614
USC00362343,1947,4.8100000000000005,5.333928571428572,9.554395604395605,12.785483870967742
USC00362343,1948,6.166666666666668,6.706666666666666,9.673076923076923,8.116129032258065
USC00362343,1949,5.321969696969697,,8.335164835164836,11.51290322580645
USC00362343,1950,3.7494565217391296,3.433333333333333,8.598351648351647,10.125806451612902
USC00362343,1951,6.144021739130436,6.071666666666667,8.06978021978022,9.83548387096774
USC00362343,1952,5.704891304347826,7.513333333333333,8.465934065934066,6.245161290322581
USC00362343,1953,6.8999999999999995,4.988461538461539,10.508791208791209,11.208064516129031
USC00362343,1954,6.359239130434782,7.913333333333333,9.184831460674157,10.87241379310345
USC00362343,1955,7.329891304347825,8.386666666666665,8.514835164835166,10.195161290322583
USC00362343,1956,4.048369565217391,4.6833333333333345,7.865972222222222,9.98157894736842
USC00362343,1957,6.517391304347825,7.165000000000001,8.41978021978022,7.119354838709676
USC00362343,1958,5.897252747252747,7.710344827586208,8.336263736263737,7.78225806451613
USC00362343,1959,6.514673913043478,7.213333333333334,8.961538461538462,9.37741935483871
USC00362343,1961,4.948369565217391,4.180000000000001,10.4489010989011,10.188709677419356
USC00362343,1962,6.857065217391304,7.266666666666666,7.821666666666666,9.104838709677422
USC00362343,1963,6.134782608695653,6.638333333333334,9.87912087912088,12.832258064516127
USC00362343,1964,6.45934065934066,4.916666666666667,9.285555555555554,7.983870967741937
USC00362343,1965,5.526086956521739,4.161666666666666,7.8598901098901095,6.6661290322580635
USC00362343,1970,4.769444444444445,5.332142857142857,9.538202247191013,9.83225806451613
USC00362343,1977,8.444505494505496,8.253333333333334,8.830337078651684,7.363333333333333
USC00362343,1981,6.520329670329669,8.133333333333333,7.6161111111111115,6.906451612903226
USC00362343,1983,3.305737704918033,4.645,8.773863636363636,8.683333333333332
USC00362343,1986,8.169444444444444,8.305,8.162337662337663,8.355555555555556
USC00362363,1919,9.094252873563217,8.002,11.535164835164839,13.675806451612905
USC00362363,1920,6.869021739130435,5.421666666666667,10.517032967032968,12.301612903225807
USC00362363,1921,10.155978260869565,10.04,10.918131868131868,8.864516129032259
USC00362363,1922,8.730434782608697,8.379999999999999,10.732967032967032,10.283870967741935
USC00362363,1923,6.96304347826087,7.046666666666666,9.390659340659342,8.858064516129033
USC00362363,1924,5.901630434782608,6.533333333333333,8.496153846153847,9.350000000000001
USC00362363,1950,8.547252747252749,7.94655172413793,11.740109890109892,13.225806451612906
USC00362363,1951,10.316304347826087,9.526666666666667,11.40625,13.448214285714286
USC00362363,1952,9.808695652173913,10.986666666666668,11.739010989010989,9.424193548387096
USC00362363,1953,10.942391304347826,9.168333333333333,12.359340659340658,13.08548387096774
USC00362363,1954,9.859782608695653,12.895000000000001,12.726923076923079,13.411290322580648
USC00362363,1955,12.146195652173915,14.071666666666667,12.374175824175826,13.040322580645164
USC00362363,1956,8.698901098901098,8.86551724137931,12.47967032967033,14.001612903225803
USC00362363,1957,11.035326086956522,11.613333333333333,11.876666666666667,11.008064516129034
USC00362363,1958,6.894262295081966,11.406666666666666,12.498901098901097,12.161290322580644
USC00362363,1959,10.719565217391304,10.776666666666667,13.104395604395604,13.55
USC00362363,1960,8.213586956521738,12.981666666666666,13.124725274725273,12.059677419354838
USC00362363,1961,8.721910112359549,7.085000000000002,13.884999999999998,14.140322580645163
USC00362363,1962,10.579891304347827,9.456666666666667,10.96978021978022,12.429032258064513
USC00362363,1963,10.308152173913044,10.226666666666668,13.112087912087913,14.945161290322583
USC00362363,1964,10.729347826086956,10.631666666666668,12.015697674418606,11.161666666666667
USC00362363,1965,10.114285714285716,9.503333333333332,12.52558139534884,10.983870967741938
USC00362363,1966,9.503260869565217,8.855,11.692307692307692,11.196774193548388
USC00362363,1968,10.309239130434783,11.33,12.982417582417586,13.106451612903228
USC00362363,1969,10.430978260869566,12.266666666666664,11.902747252747254,12.43709677419355
USC00362363,1970,10.045108695652173,10.746666666666668,13.906593406593407,13.698387096774194
USC00362363,1971,8.128804347826087,8.491666666666665,14.469780219780219,15.95322580645161
USC00362363,1972,9.848369565217391,9.681666666666667,11.678571428571429,10.296774193548389
USC00362363,1974,10.328888888888887,10.572413793103447,11.363068181818182,10.34
USC00362466,1918,8.829120879120879,6.25,8.796470588235293,11.253999999999998
USC00362466,1919,6.910555555555556,5.95,10.435,12.566666666666668
USC00362466,1920,6.152717391304347,5.290000000000001,9.914367816091954,10.975925925925926
USC00362466,1921,10.035326086956523,10.378333333333334,10.759890109890112,9.445161290322579
USC00362466,1922,8.481521739130434,8.203333333333333,10.255494505494507,10.117741935483872
USC00362466,1923,6.520652173913043,6.723333333333334,8.697777777777777,7.627419354838711
USC00362466,1924,4.739655172413793,5.52,9.322527472527472,11.41774193548387
USC00362466,1925,8.00689655172414,9.582142857142856,8.996153846153847,6.058064516129034
USC00362466,1926,6.410326086956523,5.866666666666668,9.602222222222222,9.771666666666667
USC00362466,1927,8.232608695652177,7.2666666666666675,11.49375,12.075806451612904
USC00362466,1928,6.959239130434782,5.796666666666667,10.154444444444444,12.080000000000002
USC00362466,1929,9.375555555555556,9.9,9.88076923076923,9.082258064516129
USC00362466,1930,7.421264367816092,6.589655172413793,11.330813953488372,9.77258064516129
USC00362466,1931,7.284782608695653,7.848333333333333,14.047500000000003,
USC00362466,1932,6.864673913043479,7.084999999999999,10.417582417582418,10.664516129032256
USC00362466,1933,8.134239130434782,9.040000000000001,10.091111111111111,10.345161290322578
USC00362466,1934,8.62554347826087,8.356666666666666,11.135000000000002,10.29516129032258
USC00362466,1935,8.18695652173913,6.909999999999998,10.431666666666667,
USC00362466,1936,8.964130434782607,6.141666666666667,11.488953488372092,10.945161290322579
USC00362466,1937,6.878260869565218,6.623333333333333,9.106043956043957,8.527419354838708
USC00362466,1938,8.807065217391305,8.546666666666665,10.270879120879123,11.182258064516128
USC00362466,1939,7.901630434782609,6.098333333333334,10.43901098901099,11.075806451612902
USC00362466,1940,4.738202247191011,4.499999999999999,8.407777777777778,8.646666666666667
USC00362466,1941,7.466304347826088,11.276666666666666,10.972527472527473,11.632258064516128
USC00362466,1943,5.602717391304348,3.64,7.8999999999999995,7.840322580645161
USC00362466,1944,6.956521739130434,5.263333333333334,9.45934065934066,8.704838709677418
USC00362466,1945,7.954109589041096,9.580000000000002,10.167582417582418,9.058064516129033
USC00362466,1946,9.08804347826087,6.875000000000001,11.685714285714285,12.380645161290321
USC00362466,1947,6.23695652173913,8.870000000000001,11.077472527472528,14.825806451612904
USC00362466,1948,8.614835164835164,9.371666666666666,10.576923076923077,8.851612903225808
USC00362466,1949,7.657608695652174,7.285,10.054444444444444,13.300000000000002
USC00362466,1950,5.483888888888888,4.346551724137931,9.429120879120878,11.698387096774193
USC00362466,1951,7.435326086956523,6.821666666666666,10.101648351648352,12.970967741935485
USC00362466,1952,7.514130434782607,8.995000000000001,9.962222222222222,8.043333333333333
USC00362466,1953,8.63586956521739,6.889999999999999,10.914,11.453333333333335
USC00362466,1954,8.011956521739132,10.923333333333334,10.204395604395604,11.208064516129031
USC00362466,1955,9.680434782608698,10.870000000000001,9.50989010989011,10.545161290322582
USC00362466,1956,6.358241758241757,5.998275862068966,9.18956043956044,10.272580645161288
USC00362466,1957,8.53858695652174,9.456666666666669,8.911538461538463,7.183870967741936
USC00362466,1958,5.872093023255814,7.920000000000001,9.437912087912089,8.751612903225807
USC00362466,1959,8.14130434782609,8.686666666666664,9.540109890109889,9.819354838709677
USC00362466,1960,5.468478260869565,10.035,9.887222222222222,8.866666666666667
USC00362466,1961,5.7967391304347835,4.105,11.059340659340657,10.591935483870968
USC00362466,1962,7.696739130434783,7.114999999999998,8.916483516483517,10.380645161290323
USC00362470,1964,7.793888888888888,7.256666666666667,8.568131868131868,6.725806451612903
USC00362470,1965,7.042857142857141,6.4333333333333345,10.038461538461538,8.379032258064518
USC00362470,1966,6.75,5.861666666666666,8.618131868131869,8.066129032258065
USC00362470,1967,6.70163043478261,8.808333333333334,7.759340659340661,8.899999999999999
USC00362470,1968,7.703804347826087,8.818333333333333,10.02912087912088,10.07258064516129
USC00362470,1969,7.579891304347826,9.17,8.77142857142857,8.693548387096772
USC00362470,1970,7.514673913043478,8.355,11.012637362637362,10.89032258064516
USC00362470,1971,5.566847826086956,6.180000000000001,11.759340659340658,13.009677419354835
USC00362470,1972,7.282065217391303,7.251666666666666,8.871978021978023,7.6483870967741945
USC00362470,1973,8.558152173913044,7.926666666666667,11.184065934065936,11.406451612903224
USC00362470,1974,8.317934782608695,9.203333333333335,9.284065934065934,8.598387096774196
USC00362470,1975,7.051630434782608,5.180000000000001,10.992857142857144,12.219354838709679
USC00362470,1976,8.818478260869567,8.943333333333333,7.3818681318681305,7.364516129032258
USC00362470,1977,9.941847826086954,9.018333333333334,10.2510989010989,8.746774193548386
USC00362470,1978,6.890217391304346,7.553333333333332,10.273888888888889,8.975
USC00362470,1979,8.167391304347825,7.606666666666668,10.504395604395603,9.453225806451613
USC00362470,1980,7.4728260869565215,7.401666666666667,9.548901098901098,8.183870967741935
USC00362470,1981,8.158152173913043,10.293333333333335,9.501666666666667,8.984999999999998
USC00362470,1982,8.105434782608697,6.618333333333333,10.76923076923077,10.554838709677421
USC00362470,1983,7.691304347826088,7.23,10.565384615384614,10.525806451612903
USC00362470,1984,6.143478260869566,7.581666666666667,10.375824175824178,13.411290322580644
USC00362470,1985,9.360869565217392,10.056666666666665,11.645054945054943,11.233870967741936
USC00362470,1986,9.097826086956522,9.525,10.570879120879122,10.820967741935483
USC00362470,1987,8.854347826086956,8.106666666666666,9.886813186813187,7.906451612903226
USC00362470,1988,8.231521739130438,7.7316666666666665,9.14010989010989,6.879032258064515
USC00362470,1989,7.269021739130436,6.649999999999998,9.80054945054945,10.458064516129035
USC00362470,1990,8.5375,8.87,11.176666666666668,
USC00362470,1991,10.552717391304347,10.140000000000002,10.192857142857143,10.95
USC00362470,1992,7.422282608695652,8.463333333333333,9.4489010989011,8.630645161290321
USC00362470,1993,7.651630434782608,8.431666666666667,9.675274725274726,9.301612903225806
USC00362470,1994,7.191847826086956,10.033333333333333,10.280219780219781,9.151612903225805
USC00362470,1995,7.990217391304347,7.093333333333334,9.573076923076924,12.158064516129036
USC00362470,1996,7.48695652173913,9.031666666666668,8.596703296703296,9.646774193548387
USC00362470,1997,6.191847826086956,5.789999999999998,7.55934065934066,8.030645161290323
USC00362470,1998,9.675,9.284999999999998,10.766483516483516,10.020967741935483
USC00362470,1999,7.164673913043477,8.196666666666665,10.686263736263735,9.188709677419354
USC00362470,2000,9.482065217391305,7.951666666666668,9.586263736263739,10.916129032258064
USC00362470,2001,7.903296703296704,9.955,10.932222222222224,10.31451612903226
USC00362470,2002,8.507065217391306,9.706666666666665,13.334426229508198,8.833870967741934
USC00362470,2003,8.473369565217391,8.905,10.435164835164835,8.716129032258063
USC00362470,2004,9.65,8.361666666666666,10.721428571428573,9.411290322580648
USC00362470,2005,6.356521739130434,9.23,11.031318681318679,10.929032258064515
USC00362470,2006,7.941304347826086,9.516666666666667,9.628021978021978,8.55967741935484
USC00362470,2007,8.052717391304348,6.196666666666667,11.054945054945057,13.130645161290325
USC00362470,2008,7.809890109890111,10.370000000000001,9.496153846153845,8.72741935483871
USC00362470,2009,8.615760869565218,8.455,10.042307692307691,8.60483870967742
USC00362470,2010,10.163586956521739,11.094999999999997,10.395604395604396,9.883870967741935
USC00362470,2011,9.277717391304348,9.691666666666666,11.080769230769231,9.493548387096773
USC00362470,2012,11.222282608695652,8.028333333333332,9.668681318681319,10.598387096774195
USC00362470,2013,6.981521739130434,8.251666666666669,8.910989010989011,10.520967741935483
USC00362470,2014,6.128260869565217,7.364999999999999,8.968131868131868,10.443548387096774
USC00362470,2015,7.583695652173913,8.17,10.901098901098903,8.875806451612904
USC00362470,2016,8.221739130434782,7.083333333333333,10.584065934065935,10.479032258064516
USC00362470,2017,7.683695652173914,10.373333333333333,9.886263736263736,11.661290322580644
USC00362470,2018,6.564130434782609,4.671666666666666,9.768131868131869,9.917741935483871
USC00362470,2019,7.581521739130435,8.254999999999999,9.42032967032967,10.561290322580646
USC00362470,2020,7.125543478260869,5.548333333333333,9.76208791208791,9.350000000000001
USC00362470,2021,7.524456521739132,7.978333333333335,10.268681318681319,12.635483870967741
USC00362470,2022,7.4625,6.168333333333335,9.211538461538462,7.737096774193549
USC00362470,2023,7.421195652173914,9.129999999999999,9.61098901098901,10.427419354838712
USC00362470,2024,9.366847826086955,8.701666666666664,10.695054945054947,9.861290322580649
USC00362470,2025,8.747282608695654,8.928333333333333,9.502197802197802,9.1
USC00362574,1992,10.735326086956523,12.059999999999999,12.503888888888888,10.827419354838709
USC00362574,1993,10.12445652173913,9.806666666666667,12.564285714285713,11.993548387096775
USC00362574,1994,10.82445652173913,13.279999999999998,13.817032967032967,12.974193548387097
USC00362574,1995,11.702717391304347,10.488333333333332,13.134065934065937,14.830645161290322
USC00362574,1996,9.246195652173913,10.27,11.800549450549452,12.338709677419354
USC00362574,1997,10.267934782608695,9.601666666666667,13.08736263736264,13.825806451612905
USC00362574,1998,13.675543478260874,13.01333333333333,15.484615384615383,14.479032258064517
USC00362574,1999,12.590217391304348,13.913333333333332,14.986813186813187,14.025806451612901
USC00362574,2000,13.745108695652176,12.340000000000002,13.612087912087915,14.92258064516129
USC00362574,2001,12.529347826086957,14.883333333333335,14.39395604395604,13.638709677419357
USC00362574,2002,9.995108695652174,11.278333333333334,13.16813186813187,12.582258064516125
USC00362574,2003,11.769565217391303,12.456666666666665,12.545054945054945,11.204838709677423
USC00362574,2004,11.92608695652174,10.971666666666666,13.708791208791208,13.030645161290321
USC00362574,2005,9.819565217391304,12.313333333333334,13.849450549450548,13.038709677419359
USC00362574,2006,11.131868131868131,13.27,12.282967032967035,11.162903225806454
USC00362574,2007,11.497752808988764,8.917241379310346,14.098901098901102,15.854838709677422
USC00362574,2008,9.614673913043477,12.388333333333334,11.665934065934065,10.961290322580645
USC00362574,2009,10.447826086956521,10.433333333333334,12.721428571428573,10.503225806451614
USC00362574,2010,12.241304347826087,12.93,12.983516483516485,12.954838709677418
USC00362574,2011,11.094444444444445,11.968333333333334,13.435164835164837,12.08548387096774
USC00362574,2012,13.648913043478261,10.173333333333336,11.9489010989011,12.411290322580646
USC00362574,2013,9.90217391304348,10.763333333333332,12.196703296703298,13.793548387096775
USC00362574,2014,8.992934782608696,10.366666666666667,11.713736263736264,12.906451612903227
USC00362574,2016,11.086206896551722,10.370689655172415,14.14943820224719,14.156451612903227
USC00362574,2017,11.990909090909089,13.363333333333333,13.43352272727273,14.991666666666665
USC00362574,2018,10.091111111111111,8.100000000000001,13.005617977528093,13.323333333333332
USC00362574,2019,11.046111111111113,12.132142857142854,13.102777777777776,14.191666666666665
USC00362574,2020,10.292441860465118,8.705555555555557,13.035465116279068,12.466666666666667
USC00362574,2021,10.907692307692308,10.821666666666667,13.398837209302325,15.525806451612905
USC00362574,2022,10.41529411764706,9.464814814814815,12.193373493975905,10.605357142857143
USC00362574,2023,10.051123595505617,11.615000000000002,12.778089887640451,13.54655172413793
USC00362574,2024,12.621839080459772,12.33653846153846,14.431097560975612,13.145000000000001
USC00362574,2025,11.567721518987344,10.836956521739129,12.72037037037037,12.889999999999997
USC00362629,1970,7.802173913043479,8.093333333333335,11.992857142857142,12.099999999999998
USC00362629,1971,6.379670329670329,6.549999999999998,12.204395604395604,13.709677419354836
USC00362629,1972,6.747282608695652,6.45,9.047802197802197,7.6725806451612915
USC00362629,1973,8.538043478260871,8.681666666666668,11.357222222222221,11.591935483870964
USC00362629,1974,7.3190217391304335,7.845000000000001,9.296153846153846,8.006451612903227
USC00362629,1975,6.998369565217391,4.621666666666667,11.021978021978022,11.69032258064516
USC00362629,1976,8.364673913043477,9.003333333333334,7.553296703296703,7.182258064516129
USC00362629,1977,9.670108695652173,9.363333333333335,13.328676470588235,9.256451612903225
USC00362629,1978,6.754310344827586,,9.567777777777778,8.341935483870966
USC00362629,1979,7.488461538461539,7.555000000000002,10.233707865168538,10.201612903225808
USC00362629,1980,7.483695652173913,8.173333333333334,8.95879120879121,8.11774193548387
USC00362629,1981,7.5236263736263735,9.139999999999999,8.600549450549451,7.949999999999998
USC00362629,1982,7.307142857142856,5.555000000000001,10.02087912087912,9.61290322580645
USC00362629,1983,6.871739130434782,6.071666666666667,11.374025974025974,11.6625
USC00362629,1984,5.719565217391303,7.851666666666666,9.839010989010989,12.520967741935484
USC00362629,1985,8.802717391304347,9.876666666666665,11.260989010989011,10.30483870967742
USC00362629,1986,8.787362637362637,9.441666666666666,10.188461538461539,10.896774193548389
USC00362629,1989,7.269230769230769,6.934482758620691,10.516483516483518,10.756451612903229
USC00362629,1990,8.079347826086956,9.121666666666668,11.238333333333333,11.593548387096773
USC00362629,1991,10.187912087912087,9.589655172413794,9.895604395604394,10.577419354838709
USC00362629,1992,7.259239130434784,7.933333333333334,9.329120879120879,7.724193548387097
USC00362629,1993,7.461956521739129,8.336666666666666,9.549444444444443,8.587096774193547
USC00362629,1994,7.114673913043478,9.535,10.322527472527472,9.208064516129031
USC00362629,1995,7.801086956521737,6.705,9.647802197802196,11.756451612903225
USC00362629,1996,6.6092391304347835,7.799999999999999,9.244505494505496,9.91935483870968
USC00362629,1997,6.448369565217392,6.306666666666667,9.255494505494505,9.77741935483871
USC00362629,1998,9.805434782608698,9.026666666666667,10.940659340659339,10.725806451612902
USC00362629,1999,7.990217391304348,8.388333333333334,10.792307692307693,9.233870967741934
USC00362629,2000,9.41304347826087,8.045,9.676373626373625,10.40967741935484
USC00362629,2001,7.7364130434782625,9.006666666666666,10.91813186813187,10.488709677419354
USC00362629,2002,7.7146739130434785,8.883333333333333,10.257142857142856,9.251612903225807
USC00362629,2003,7.91467391304348,8.376666666666667,10.493406593406593,8.75483870967742
USC00362629,2004,9.628260869565217,8.139999999999999,11.112087912087912,10.259677419354839
USC00362629,2005,6.248913043478261,8.735000000000003,11.438461538461539,11.046774193548384
USC00362629,2006,8.052173913043477,9.253333333333334,10.081318681318683,9.170967741935485
USC00362629,2007,7.663043478260869,6.3566666666666665,11.724725274725273,13.937096774193547
USC00362633,1894,9.455434782608695,8.168333333333335,10.720879120879122,11.319354838709678
USC00362633,1895,8.135326086956523,9.508333333333333,9.867032967032968,7.000000000000001
USC00362633,1896,8.678260869565218,10.715000000000002,10.257142857142856,7.785483870967742
USC00362633,1897,8.49945652173913,8.475,10.807692307692307,11.100000000000001
USC00362633,1898,9.566304347826087,6.791666666666667,11.237222222222224,11.591935483870966
USC00362633,1899,8.867934782608694,9.656666666666666,10.274157303370787,11.680645161290323
USC00362633,1900,7.105434782608696,8.376666666666667,12.177472527472526,13.33548387096774
USC00362633,1901,7.725000000000001,7.679999999999999,9.32032967032967,10.091935483870964
USC00362633,1902,9.329891304347827,8.425000000000002,11.341111111111111,10.653333333333332
USC00362633,1903,10.580434782608696,8.32,9.547252747252749,11.182258064516128
USC00362633,1904,7.38695652173913,5.583333333333333,9.557142857142857,9.312903225806451
USC00362633,1905,8.471428571428572,7.848333333333334,9.927472527472528,10.830645161290324
USC00362633,1906,7.114130434782608,8.325,10.84175824175824,10.385483870967743
USC00362633,1907,7.1038043478260855,5.666666666666668,9.060344827586206,7.9161290322580635
USC00362633,1908,8.96685393258427,8.107142857142858,9.55657894736842,10.348387096774193
USC00362633,1909,7.794565217391304,8.183333333333332,9.938461538461539,7.330645161290323
USC00362633,1910,9.867934782608696,10.593333333333334,10.200555555555555,11.386666666666663
USC00362633,1911,7.815730337078651,6.6416666666666675,9.335,9.498333333333333
USC00362633,1912,7.580978260869566,8.48,10.874725274725273,10.55967741935484
USC00362633,1913,8.902717391304348,9.461666666666668,10.636263736263738,11.170967741935486
USC00362633,1914,7.076923076923076,6.9766666666666675,9.649450549450549,12.035483870967743
USC00362633,1915,6.703804347826087,9.971666666666668,10.38901098901099,10.053225806451612
USC00362633,1916,6.2917582417582425,7.613793103448275,8.943406593406594,8.974193548387099
USC00362633,1917,6.330434782608696,7.335,7.203296703296702,6.759677419354839
USC00362633,1918,9.516304347826086,7.626666666666667,9.425824175824175,11.372580645161293
USC00362633,1919,8.005434782608695,7.541666666666667,10.367222222222223,11.975806451612906
USC00362633,1920,6.482608695652174,5.411666666666665,10.661538461538463,12.59677419354839
USC00362633,1921,10.541847826086956,11.303333333333335,10.777472527472527,9.451612903225806
USC00362633,1922,8.915217391304349,8.609999999999998,10.518681318681319,9.883870967741936
USC00362633,1923,6.766867469879519,6.802380952380953,8.672463768115941,7.45625
USC00362633,1924,6.390217391304348,6.48,8.700000000000001,9.740322580645161
USC00362633,1925,8.028260869565218,9.46,8.757142857142856,6.098387096774195
USC00362633,1926,2.0721311475409836,5.253333333333333,9.69945054945055,9.656451612903227
USC00362633,1927,7.767816091954023,6.843333333333333,11.371428571428574,11.130645161290323
USC00362633,1928,6.390760869565218,5.888333333333334,10.157142857142857,11.448387096774193
USC00362633,1929,9.041847826086956,9.270000000000001,9.472527472527474,8.356451612903225
USC00362633,1930,7.666847826086957,7.609999999999998,10.302197802197803,8.93709677419355
USC00362633,1931,7.567934782608695,7.166666666666668,12.967582417582415,11.377419354838711
USC00362633,1932,6.981521739130434,6.88,10.121428571428572,11.17741935483871
USC00362633,1933,8.805978260869566,9.858333333333333,9.517032967032966,9.056451612903226
USC00362633,1934,7.9010869565217385,8.221666666666666,11.382417582417581,9.99193548387097
USC00362633,1935,7.662499999999998,7.208333333333333,10.197802197802197,9.498387096774193
USC00362633,1937,7.234782608695654,7.509999999999999,9.371978021978022,9.019354838709678
USC00362633,1938,9.429347826086957,9.296666666666665,10.690804597701149,11.498275862068965
USC00362633,1939,8.711494252873564,7.4333333333333345,10.616483516483516,11.666129032258063
USC00362633,1940,6.617934782608696,6.656666666666666,9.17142857142857,8.916129032258064
USC00362633,1941,8.110674157303372,11.538333333333332,11.153246753246753,12.046774193548387
USC00362633,1942,9.048850574712644,10.227777777777774,9.95068493150685,10.239285714285714
USC00362633,1944,8.99507042253521,5.586206896551723,10.243506493506494,9.02037037037037
USC00362633,1946,9.308152173913042,8.161666666666667,12.00824175824176,12.58064516129032
USC00362633,1947,6.383152173913044,7.336666666666668,11.100549450549451,13.438709677419356
USC00362633,1948,11.65409836065574,10.074999999999998,11.015934065934065,9.698387096774193
USC00362633,1949,7.627717391304347,7.459999999999999,9.643406593406594,12.196774193548386
USC00362633,1950,5.810000000000001,4.833333333333332,9.875824175824176,11.324193548387093
USC00362633,1951,7.577717391304348,7.2749999999999995,9.139444444444445,11.154838709677419
USC00362633,1952,6.978260869565219,8.734999999999998,9.13076923076923,6.67741935483871
USC00362633,1953,8.12771739130435,6.4766666666666675,10.32197802197802,10.843548387096773
USC00362633,1954,7.236956521739131,9.606666666666666,10.302197802197803,11.77258064516129
USC00362633,1955,8.72391304347826,10.136666666666665,9.18956043956044,10.499999999999998
USC00362662,1900,9.692391304347826,10.870000000000003,15.577222222222222,16.133870967741938
USC00362662,1901,9.892934782608695,9.469999999999999,11.872527472527471,12.82258064516129
USC00362662,1902,10.879891304347826,10.075,13.710989010989008,13.26935483870968
USC00362662,1903,12.122282608695652,10.240000000000002,11.852747252747251,12.930645161290322
USC00362662,1904,9.464673913043477,8.538333333333332,11.182417582417582,10.883870967741935
USC00362662,1905,10.305434782608696,9.861666666666666,12.105494505494507,12.637096774193548
USC00362662,1906,9.306521739130433,10.846666666666666,12.996153846153845,12.233870967741938
USC00362662,1907,8.42608695652174,7.161666666666667,11.185714285714287,9.580645161290324
USC00362662,1908,11.624358974358975,10.509999999999998,12.263186813186811,13.422580645161291
USC00362662,1909,8.879347826086958,9.036666666666665,11.90164835164835,9.833870967741936
USC00362662,1910,11.358695652173912,12.348333333333333,11.903296703296704,13.061290322580646
USC00362662,1911,9.73695652173913,7.9783333333333335,11.216483516483517,11.658064516129032
USC00362662,1912,9.771739130434783,10.403333333333334,13.285164835164833,13.796774193548389
USC00362662,1913,10.82445652173913,10.726666666666667,12.84175824175824,13.556451612903224
USC00362662,1914,9.174999999999999,8.8,12.55824175824176,14.317741935483872
USC00362662,1915,9.816847826086958,13.381666666666666,13.243956043956041,13.49516129032258
USC00362662,1916,8.879347826086956,9.655,12.425824175824175,12.76774193548387
USC00362662,1917,8.87228260869565,10.479999999999997,9.890659340659342,9.46774193548387
USC00362662,1918,11.52282608695652,9.693333333333332,11.398876404494382,12.69516129032258
USC00362662,1922,11.959782608695654,11.458333333333332,13.321428571428571,13.569354838709677
USC00362662,1923,10.523913043478263,10.668333333333333,12.507142857142856,11.924193548387096
USC00362662,1924,9.501086956521737,9.403333333333334,11.83131868131868,12.341935483870968
USC00362662,1926,8.91467391304348,8.666666666666666,11.922527472527474,11.706451612903225
USC00362662,1927,10.166304347826088,9.196666666666667,13.57087912087912,13.341935483870968
USC00362662,1928,9.548369565217389,9.08,12.47191011235955,13.229310344827585
USC00362662,1929,11.599999999999998,11.426666666666668,12.40824175824176,11.019354838709678
USC00362662,1930,10.66141304347826,9.575,13.096153846153848,11.432258064516128
USC00362662,1931,10.33641304347826,10.341666666666667,15.193956043956042,14.058064516129031
USC00362662,1932,10.09076086956522,9.968333333333335,12.974175824175827,13.088709677419356
USC00362662,1933,11.527717391304348,11.87,12.619780219780218,12.375806451612904
USC00362662,1934,10.525543478260872,10.823333333333329,13.36043956043956,11.514516129032257
USC00362662,1935,10.782065217391304,10.141666666666664,13.328021978021978,12.987096774193546
USC00362662,1936,12.42445652173913,9.963333333333333,13.010439560439561,13.674193548387098
USC00362662,1937,10.716847826086957,10.638333333333332,12.191758241758242,11.782258064516132
USC00362662,1938,12.028804347826087,12.425,13.3010989010989,13.553225806451614
USC00362662,1939,11.434782608695654,9.813333333333334,12.868131868131865,12.875806451612902
USC00362662,1940,9.370652173913046,8.739999999999998,11.746153846153845,10.63548387096774
USC00362662,1941,11.296195652173912,14.208333333333334,14.82087912087912,15.669354838709678
USC00362662,1942,12.817391304347826,13.006666666666666,13.414285714285715,13.395161290322578
USC00362662,1943,10.280978260869567,8.291666666666666,12.182967032967031,11.929032258064515
USC00362662,1945,13.305978260869566,13.016666666666667,13.561538461538463,12.372580645161294
USC00362662,1946,12.647802197802196,11.189999999999998,14.439560439560436,14.641935483870965
USC00362662,1947,10.517582417582418,11.77,14.134615384615385,16.579032258064515
USC00362662,1948,11.59728260869565,11.561666666666667,13.884065934065935,12.261290322580647
USC00362662,1949,11.74728260869565,11.205,13.757303370786515,16.233870967741936
USC00362662,1950,9.535714285714286,9.446666666666669,13.215384615384615,14.30967741935484
USC00362662,1951,11.380769230769232,11.243333333333332,12.875274725274727,14.399999999999999
USC00362662,1952,10.897282608695653,12.316666666666668,12.512637362637363,11.225806451612904
USC00362662,1953,11.775543478260868,10.875,12.861538461538462,13.520967741935483
USC00362662,1954,10.602717391304349,12.264999999999999,12.742307692307692,14.316129032258067
USC00362662,1955,11.142934782608695,11.948333333333332,11.702197802197801,12.670967741935486
USC00362662,1956,8.88641304347826,8.761666666666665,12.126373626373626,12.620967741935482
USC00362662,1957,10.897282608695654,11.495000000000001,12.115384615384613,10.474193548387099
USC00362662,1958,9.62663043478261,11.068333333333333,11.820329670329668,11.330645161290324
USC00362662,1959,11.158152173913045,11.631666666666664,13.534269662921348,14.653225806451609
USC00362662,1960,9.621739130434783,13.759999999999998,12.868681318681316,12.367741935483872
USC00362662,1961,9.489673913043479,8.821666666666667,14.286263736263736,13.582258064516129
USC00362662,1962,11.045108695652173,11.251666666666669,11.454945054945055,12.904838709677422
USC00362662,1963,11.169565217391304,11.541666666666666,13.884065934065932,15.538709677419355
USC00362662,1964,10.876086956521739,9.378333333333336,13.164285714285713,11.779032258064516
USC00362662,1965,10.22391304347826,9.226666666666667,12.826373626373627,11.949999999999998
USC00362662,1966,9.886413043478262,8.498333333333333,12.314285714285715,11.932258064516128
USC00362662,1967,8.913586956521739,10.733333333333333,11.487362637362637,12.393548387096773
USC00362662,1968,10.929347826086957,12.166666666666668,13.237912087912086,13.685483870967744
USC00362662,1969,10.8125,11.719999999999997,12.382417582417585,12.661290322580642
USC00362662,1970,9.983695652173914,10.028333333333334,13.9532967032967,14.230645161290322
USC00362662,1971,9.305434782608696,9.811666666666667,13.844505494505494,15.51774193548387
USC00362662,1972,9.704891304347827,9.103333333333333,11.436263736263735,10.316129032258063
USC00362662,1973,11.01413043478261,10.723333333333333,13.426923076923078,13.496774193548386
USC00362662,1974,11.288586956521739,12.514999999999999,11.929120879120878,11.001612903225805
USC00362662,1975,10.216304347826087,8.463333333333333,13.575824175824177,14.416129032258066
USC00362662,1976,11.865760869565221,12.73333333333333,10.557142857142857,10.656451612903224
USC00362662,1978,9.65,10.593333333333332,12.276923076923074,11.558064516129031
USC00362662,1979,11.13695652173913,9.878333333333334,12.911538461538463,11.638709677419355
USC00362662,1980,10.740217391304347,11.596666666666666,12.128021978021977,11.404838709677422
USC00362662,1981,10.782065217391304,12.078333333333335,11.497802197802194,10.796774193548387
USC00362662,1982,10.34945652173913,9.426666666666668,12.66758241758242,12.419354838709678
USC00362662,1983,10.12663043478261,9.631666666666666,13.101648351648354,12.896774193548387
USC00362721,1898,9.959239130434781,7.070000000000001,10.793888888888889,10.880645161290323
USC00362721,1899,10.192168674698795,9.464814814814815,11.503488372093022,12.698387096774194
USC00362721,1902,9.354605263157895,8.472000000000001,11.984931506849316,11.509259259259261
USC00362721,1904,8.400543478260868,7.026666666666666,10.285,9.141666666666666
USC00362721,1905,10.099999999999998,9.478333333333332,10.180219780219781,10.880645161290321
USC00362721,1906,8.15,9.821666666666667,10.911764705882353,10.162903225806451
USC00362721,1907,8.474719101123597,6.334999999999999,10.591208791208793,9.233870967741936
USC00362721,1908,10.242134831460675,9.618518518518519,10.626973684210526,11.994999999999997
USC00362721,1909,9.359444444444446,9.517241379310345,10.96923076923077,8.65967741935484
USC00362721,1910,10.836263736263735,11.458333333333336,11.342134831460674,12.698387096774193
USC00362721,1911,9.1875,7.631666666666666,11.080666666666666,11.593548387096776
USC00362721,1913,10.364044943820225,10.685,11.677011494252874,12.47
USC00362721,1916,8.821739130434782,9.626666666666667,11.057777777777776,10.754999999999999
USC00362721,1917,8.875824175824176,10.177586206896551,9.241208791208791,8.790322580645164
USC00362721,1944,9.58913043478261,8.036666666666667,11.09010989010989,10.64838709677419
USC00362721,1945,11.46358695652174,11.316666666666665,11.43021978021978,10.38225806451613
USC00362721,1946,10.299456521739131,8.286666666666667,12.115555555555554,12.626666666666667
USC00362721,1947,8.307065217391306,10.146666666666668,11.857142857142858,14.287096774193548
USC00362721,1948,10.34891304347826,10.665000000000001,10.482022471910112,9.306451612903228
USC00362721,1949,8.323214285714286,8.708333333333334,10.593333333333332,12.78225806451613
USC00362721,1950,7.584782608695652,6.720000000000001,8.63546511627907,9.801923076923076
USC00362721,1951,9.4132183908046,9.192592592592595,10.495000000000003,12.443548387096776
USC00362721,1952,6.557377049180327,10.304999999999998,9.795054945054945,8.082258064516129
USC00362721,1953,9.391208791208792,8.176666666666666,11.974725274725275,12.187096774193547
USC00362721,1954,8.0375,12.103333333333333,11.511538461538459,12.191935483870967
USC00362721,1955,10.9,11.521666666666665,10.623076923076923,11.47741935483871
USC00362721,1956,8.490217391304347,8.368333333333334,10.657222222222224,11.728333333333333
USC00362721,1957,10.769021739130435,11.661666666666667,11.757142857142858,10.419354838709678
USC00362721,1958,9.455434782608695,10.723333333333333,11.628021978021977,10.906451612903227
USC00362721,1959,11.531521739130437,12.793333333333333,12.267032967032966,13.325806451612904
USC00362721,1960,8.805494505494506,13.010344827586206,11.24111111111111,9.988709677419356
USC00362721,1961,8.377472527472527,7.450000000000001,12.301648351648355,11.720967741935484
USC00362721,1962,10.308695652173913,9.645000000000001,10.362087912087912,11.912903225806454
USC00362721,1963,9.248913043478261,9.809999999999999,11.768681318681319,12.866129032258067
USC00362721,1964,13.502542372881356,9.442857142857145,13.194166666666668,9.541666666666666
USC00362721,1965,9.326704545454545,9.094444444444445,11.96444444444444,10.485000000000005
USC00362721,1968,9.44891304347826,10.28,11.815340909090908,11.66
USC00362721,1969,9.899456521739129,11.073333333333334,11.469230769230768,11.348387096774195
USC00362721,1970,10.441847826086958,10.658333333333331,13.831868131868132,13.672580645161293
USC00362721,1971,9.083695652173914,9.405,13.523076923076921,14.666129032258064
USC00362721,1972,10.14396551724138,,10.57142857142857,9.05483870967742
USC00362721,1973,9.42554347826087,9.358333333333333,12.351648351648354,12.766129032258064
USC00362721,1975,8.2,6.206666666666666,12.447802197802197,13.177419354838712
USC00362721,1976,10.281521739130435,11.129999999999999,9.548863636363636,8.966666666666667
USC00362721,1977,11.44010989010989,11.051666666666668,11.486813186813189,9.633870967741936
USC00362721,1982,7.935326086956523,5.79,11.387912087912087,11.359677419354838
USC00362721,1983,8.101630434782608,7.529999999999999,10.901098901098901,11.020967741935484
USC00362721,1986,9.553804347826086,10.083333333333334,11.006593406593405,11.879032258064518
USC00362721,1988,9.060869565217391,8.913333333333332,9.677777777777779,7.990322580645162
USC00362721,1993,8.587362637362636,9.14310344827586,10.561797752808989,9.695161290322583
USC00362721,1994,8.839673913043478,11.713333333333335,10.989999999999998,9.561290322580644
USC00362721,1995,7.029508196721312,8.345,10.353333333333333,12.238709677419356
USC00362721,1996,8.018478260869562,9.353333333333333,10.08186813186813,10.832258064516129
USC00362721,1997,8.242391304347827,7.488333333333332,10.193888888888889,10.627419354838707
USC00362721,1998,10.861413043478262,10.613333333333332,12.256043956043955,11.266129032258064
USC00362721,1999,8.579347826086956,9.386666666666667,11.429120879120878,9.998387096774193
USC00362721,2000,10.660989010989011,9.058333333333334,10.464444444444444,11.687096774193549
USC00362721,2001,8.766847826086957,10.326666666666666,11.39065934065934,10.425806451612901
USC00362721,2002,9.654945054945054,10.533333333333335,11.094505494505494,10.438709677419354
USC00362721,2003,8.861956521739131,9.311666666666666,9.594505494505494,7.169354838709676
USC00362721,2004,9.06304347826087,7.694999999999999,10.810795454545454,10.14838709677419
USC00362721,2005,6.484239130434782,8.831666666666667,11.092857142857143,10.724193548387095
USC00362721,2006,8.88858695652174,10.74,9.952197802197801,8.97258064516129
USC00362721,2007,8.278804347826084,6.898333333333334,11.502197802197802,13.425806451612903
USC00362721,2008,8.38804347826087,10.435000000000002,10.476923076923079,9.53064516129032
USC00362721,2009,6.830459770114941,7.6466666666666665,11.632417582417581,10.098387096774196
USC00362721,2010,10.942857142857143,11.196666666666665,11.422527472527475,11.308064516129035
USC00362721,2011,10.003260869565217,10.423333333333334,11.896703296703295,10.803225806451614
USC00362721,2012,11.836956521739133,9.086666666666668,10.167582417582418,10.385483870967741
USC00362721,2013,8.652717391304348,10.018333333333333,9.797802197802199,11.05483870967742
USC00362721,2014,7.226630434782609,8.073333333333332,10.36813186813187,11.924193548387096
USC00362721,2015,8.641304347826088,8.773333333333335,11.62142857142857,9.829032258064514
USC00362721,2016,9.180978260869567,8.208333333333334,12.399450549450549,12.383870967741936
USC00362721,2017,9.17663043478261,11.275,11.207142857142856,12.88225806451613
USC00362721,2018,8.4,6.469999999999999,12.296551724137936,12.741935483870968
USC00362721,2020,10.173369565217392,8.045,12.043956043956044,11.564516129032258
USC00362814,1913,9.532608695652172,9.889999999999997,11.66868131868132,11.764516129032257
USC00362814,1914,8.32391304347826,8.228333333333333,11.462637362637361,13.488709677419356
USC00362814,1915,7.858152173913043,11.253333333333334,12.257692307692306,12.01774193548387
USC00362814,1916,7.557608695652173,8.330000000000002,10.818131868131868,10.527419354838708
USC00362814,1917,7.616483516483515,8.115,8.580769230769233,7.630645161290322
USC00362814,1918,8.771739130434783,6.566666666666666,9.74835164835165,12.414516129032258
USC00362814,1919,8.649444444444445,8.318333333333333,10.282666666666668,13.066071428571428
USC00362814,1920,7.199999999999998,4.301724137931035,12.11758241758242,14.21774193548387
USC00362814,1921,11.78888888888889,11.776785714285712,12.326923076923075,11.548387096774196
USC00362814,1922,9.339673913043478,8.151666666666667,11.862087912087915,11.51935483870968
USC00362814,1923,7.813586956521739,7.724999999999998,11.506593406593405,10.098387096774195
USC00362814,1924,7.809239130434783,8.945,11.321428571428571,11.608064516129035
USC00362814,1925,10.428260869565218,12.335,11.024725274725274,7.862903225806452
USC00362814,1926,7.773369565217391,7.786666666666666,12.27802197802198,11.974193548387097
USC00362814,1927,11.240217391304347,11.048333333333336,13.135164835164836,12.761290322580646
USC00362814,1928,8.370652173913044,7.351666666666666,11.674444444444443,13.156451612903227
USC00362814,1929,10.483695652173914,10.298333333333334,11.281666666666666,10.561290322580644
USC00362814,1930,9.851630434782608,10.344999999999999,11.367032967032968,9.55967741935484
USC00362814,1931,9.333152173913044,9.748333333333333,15.105494505494507,13.749999999999998
USC00362814,1932,9.117934782608696,9.313333333333333,13.295054945054945,14.324193548387097
USC00362814,1933,12.38478260869565,12.944999999999999,10.74065934065934,10.401612903225807
USC00362814,1934,8.362499999999999,8.201666666666666,12.2489010989011,10.81774193548387
USC00362814,1935,8.596739130434782,7.825,11.24388888888889,11.080645161290322
USC00362814,1936,9.603804347826088,7.180000000000001,11.913333333333334,12.567741935483872
USC00362814,1937,8.800543478260868,9.014999999999999,11.488461538461536,11.670967741935485
USC00362814,1938,12.76304347826087,13.414999999999996,11.177472527472528,12.04516129032258
USC00362814,1940,7.470652173913044,7.321666666666666,11.386263736263738,11.677419354838712
USC00362814,1941,10.169021739130434,13.291666666666668,14.014835164835166,14.559677419354841
USC00362814,1942,12.740109890109888,13.641379310344828,13.64065934065934,14.154838709677419
USC00362814,1943,9.50111111111111,7.898333333333334,12.053296703296702,11.924193548387096
USC00362814,1944,11.91629213483146,9.925862068965516,10.764285714285712,10.645161290322582
USC00362814,1945,12.653888888888888,13.240000000000004,13.312637362637362,11.80806451612903
USC00362814,1946,12.633695652173913,9.998333333333333,14.919230769230767,15.748387096774193
USC00362814,1947,9.194021739130436,11.026666666666667,11.136885245901642,17.201612903225808
USC00362814,1949,10.60879120879121,9.390000000000002,12.91882352941177,14.691379310344828
USC00362814,1951,10.155494505494506,9.636666666666667,11.836516853932583,14.488333333333332
USC00362814,1952,9.169540229885056,9.670370370370371,11.580555555555557,9.158064516129032
USC00362814,1953,10.611956521739131,8.798333333333334,13.042857142857144,13.072580645161288
USC00362814,1954,10.23532608695652,13.718333333333334,12.632967032967038,13.425806451612901
USC00362814,1955,11.753804347826089,13.78,11.663736263736265,12.156451612903224
USC00362814,1956,7.934782608695655,8.135,11.291758241758247,12.97741935483871
USC00362814,1957,10.0010989010989,10.481666666666667,11.57197802197802,10.212903225806452
USC00362814,1958,9.685326086956522,11.026666666666667,12.576373626373625,12.191935483870969
USC00362814,1959,11.402173913043478,11.100000000000001,12.998351648351647,13.609677419354838
USC00362814,1960,8.556521739130433,13.155000000000001,13.697252747252746,12.461290322580647
USC00362814,1961,9.364673913043477,7.826666666666666,14.503846153846155,14.38225806451613
USC00362814,1962,11.295652173913046,10.565,12.22087912087912,13.632258064516131
USC00362814,1963,11.159239130434784,11.343333333333334,14.020879120879123,16.206451612903226
USC00362814,1964,12.260869565217394,11.963333333333336,13.674175824175828,12.217741935483874
USC00362814,1965,11.116304347826087,10.38,13.445604395604395,12.124193548387096
USC00362814,1966,10.4375,9.663333333333334,12.493406593406592,12.635483870967743
USC00362814,1967,10.120652173913044,12.033333333333335,11.705,13.096774193548388
USC00362814,1968,11.963736263736264,13.621666666666666,14.23791208791209,14.006451612903223
USC00362814,1969,11.287222222222223,12.736666666666668,13.30164835164835,14.114516129032257
USC00362814,1970,14.967213114754099,11.425,14.484615384615383,14.711290322580643
USC00362814,1971,8.6625,8.771666666666667,13.977222222222222,15.811290322580646
USC00362814,1972,9.726436781609197,8.919642857142858,11.384065934065932,10.506451612903225
USC00362814,1973,11.43666666666667,10.488333333333335,13.808988764044944,14.190322580645162
USC00362814,1974,10.186470588235292,10.43653846153846,10.340449438202247,9.835
USC00362814,1975,8.556521739130433,6.258333333333335,12.041208791208788,12.08870967741935
USC00362814,1976,10.028260869565218,10.041666666666666,8.792045454545455,8.658620689655173
USC00362814,1977,11.60217391304348,10.721666666666666,12.254945054945056,10.362903225806452
USC00362814,1978,7.966483516483517,8.73793103448276,11.687362637362638,10.040322580645162
USC00362814,1979,9.446195652173913,8.72,11.410989010989011,10.125806451612904
USC00362814,1980,8.323333333333332,8.858333333333333,10.152777777777779,8.411666666666667
USC00362942,1944,9.2625,7.703333333333334,12.240659340659336,11.933870967741933
USC00362942,1945,11.005978260869565,12.046666666666665,11.170879120879121,9.906451612903224
USC00362942,1946,10.12391304347826,8.105,12.180219780219783,12.801612903225807
USC00362942,1947,7.119021739130434,9.294999999999998,11.455494505494503,14.206451612903226
USC00362942,1948,12.204237288135591,10.677586206896553,10.720879120879122,9.046774193548387
USC00362942,1949,8.26467391304348,7.579999999999999,10.560439560439562,13.16774193548387
USC00362942,1950,6.891304347826088,6.345,10.364835164835165,11.796774193548389
USC00362942,1951,8.441304347826087,7.844999999999999,9.685714285714285,11.837096774193546
USC00362942,1952,8.030000000000001,8.998275862068965,9.99120879120879,7.682258064516129
USC00362942,1953,9.133695652173913,7.280000000000001,10.968333333333334,11.499999999999998
USC00362942,1954,8.330978260869564,11.04333333333333,11.292307692307691,12.758064516129032
USC00362942,1955,10.179347826086955,11.914999999999997,10.312087912087911,11.170967741935485
USC00362942,1956,6.984239130434784,7.045,10.804395604395605,11.98709677419355
USC00362942,1957,9.221195652173913,9.910000000000002,10.16813186813187,9.119354838709679
USC00362942,1959,9.229347826086958,9.625,11.343333333333334,11.588709677419352
USC00362942,1960,6.696739130434781,11.048333333333334,11.463736263736264,10.55322580645161
USC00362942,1961,7.436956521739131,5.965,12.31043956043956,11.727419354838709
USC00362942,1962,9.077717391304349,7.951666666666666,9.98791208791209,10.967741935483868
USC00362942,1963,8.745108695652174,8.976666666666667,11.51758241758242,12.959677419354836
USC00362942,1964,9.33858695652174,9.341666666666667,10.176923076923078,8.46290322580645
USC00362942,1965,8.484239130434782,7.9849999999999985,11.014835164835164,9.28709677419355
USC00362942,1966,7.7277173913043455,7.458333333333333,9.598351648351647,8.703225806451613
USC00362942,1968,8.571739130434782,10.290000000000001,11.358241758241757,11.148387096774192
USC00362942,1969,8.221195652173913,9.505,10.179120879120878,9.972580645161285
USC00362942,1970,8.692934782608695,9.558333333333334,12.489560439560439,12.199999999999998
USC00362942,1971,6.260869565217392,6.569999999999999,12.657142857142857,14.09032258064516
USC00362942,1972,8.125,7.911666666666667,9.875274725274725,8.370967741935484
USC00362942,1973,9.611413043478262,8.953333333333335,12.033516483516483,12.396774193548387
USC00362942,1974,8.408152173913043,8.516666666666666,9.825824175824176,8.369354838709677
USC00362942,1975,7.626086956521741,5.3566666666666665,11.159444444444444,11.738709677419354
USC00362942,1976,9.464130434782609,9.473333333333331,7.893956043956043,7.843548387096774
USC00362942,1977,10.543478260869565,9.859999999999998,11.395054945054948,9.543548387096775
USC00362942,1978,7.2146739130434785,8.139999999999999,11.036263736263736,9.203225806451613
USC00362942,1979,8.373913043478261,8.313333333333334,11.0,10.058064516129033
USC00362942,1980,11.229508196721312,7.958333333333334,10.05879120879121,8.633870967741936
USC00362942,1982,8.71358695652174,6.788333333333332,11.732417582417584,11.508064516129034
USC00362942,1983,4.873469387755102,6.583333333333334,11.283516483516483,11.000000000000002
USC00362942,1984,6.355978260869564,8.323333333333334,11.097752808988764,13.785
USC00362942,1985,9.932065217391305,11.784999999999998,12.162637362637362,10.946774193548388
USC00362942,1986,9.937362637362638,11.346666666666666,11.570879120879122,11.822580645161288
USC00362942,1987,10.014673913043477,9.59,11.04120879120879,8.750000000000002
USC00362942,1988,9.360674157303372,9.506666666666668,10.483516483516484,8.32258064516129
USC00362942,1990,10.53076923076923,11.10689655172414,7.7631578947368425,11.005555555555553
USC00362942,1991,12.233152173913044,11.748333333333333,11.692777777777776,12.695161290322579
USC00362942,1992,9.35108695652174,10.428333333333335,11.149999999999999,9.696774193548388
USC00362942,1993,9.459782608695653,9.636666666666667,11.060555555555556,10.544999999999998
USC00362942,1994,9.000000000000002,11.770000000000001,11.723076923076922,10.016129032258064
USC00362942,1995,10.313888888888888,9.228333333333333,14.774590163934425,12.940322580645159
USC00362942,1996,8.759782608695653,9.601666666666665,10.85989010989011,11.369354838709677
USC00362942,1997,8.596739130434784,8.335,11.19065934065934,12.114516129032259
USC00362942,1998,11.882065217391306,10.688333333333334,12.780769230769227,11.896774193548387
USC00362942,1999,9.876923076923076,11.349999999999998,12.39340659340659,11.516129032258064
USC00362942,2000,11.08804347826087,10.043333333333335,10.442307692307692,11.608064516129037
USC00362942,2001,8.842391304347828,10.773333333333333,11.957865168539326,11.432758620689658
USC00362942,2002,9.10108695652174,9.911666666666665,11.360989010989012,10.233870967741936
USC00362942,2003,9.721428571428572,11.128333333333336,11.335955056179776,9.825806451612902
USC00362942,2005,7.435326086956521,10.449999999999998,11.793333333333335,11.070967741935485
USC00362942,2006,8.63888888888889,10.203571428571426,10.401648351648353,9.330645161290322
USC00362942,2008,7.959782608695653,10.52,10.253296703296703,9.224193548387099
USC00362942,2009,9.430769230769231,9.239655172413793,10.825824175824176,8.930645161290323
USC00362942,2010,10.419021739130432,10.733333333333333,10.61277777777778,10.282258064516126
USC00362942,2011,9.51086956521739,10.06,12.176704545454548,10.600000000000001
USC00362942,2012,11.83532608695652,8.301666666666666,10.346153846153847,11.180645161290323
USC00362942,2013,8.479347826086956,9.621666666666666,10.543956043956042,12.10483870967742
USC00362942,2014,7.747826086956523,9.036666666666667,10.46868131868132,11.848387096774191
USC00362942,2015,8.506179775280899,9.383333333333335,12.546153846153846,10.769354838709676
USC00362942,2016,9.94010989010989,8.436666666666667,12.537362637362639,12.746774193548386
USC00362942,2017,9.585869565217392,11.648333333333333,12.004545454545452,13.748275862068965
USC00362942,2018,8.347191011235955,6.625,11.708333333333334,11.646774193548389
USC00362942,2019,9.508152173913043,10.393333333333334,11.313186813186814,12.34677419354839
USC00362942,2020,9.136956521739132,7.416666666666668,11.663186813186815,11.251612903225805
USC00362942,2021,9.361666666666668,9.566666666666666,12.378571428571432,14.598387096774196
USC00362942,2022,9.583152173913044,8.283333333333333,10.967032967032967,9.332258064516127
USC00362942,2023,9.041304347826086,10.323333333333334,11.68433734939759,12.29107142857143
USC00362942,2024,11.459239130434785,10.998333333333335,12.452352941176471,11.338888888888889
USC00362942,2025,9.975301204819276,10.025000000000002,11.772727272727273,11.472580645161294
USC00363018,1964,6.835869565217393,5.511666666666667,8.87087912087912,7.3016129032258075
USC00363018,1965,6.148913043478261,4.616666666666666,8.38901098901099,7.16774193548387
USC00363018,1966,5.554347826086956,4.813333333333333,7.989204545454545,7.139285714285714
USC00363018,1967,4.7298913043478255,6.786666666666666,8.266911764705881,8.8825
USC00363018,1968,7.382876712328768,8.175,10.461184210526316,10.291379310344826
USC00363018,1969,7.682716049382716,7.664999999999998,9.92123287671233,8.075806451612904
USC00363018,1971,5.635135135135135,5.4175,11.662162162162163,11.613461538461538
USC00363018,1973,7.885915492957746,7.478947368421053,9.875,10.263793103448279
USC00363018,1974,6.839673913043479,7.875,8.151149425287356,6.477777777777777
USC00363018,1975,5.752717391304348,3.5533333333333337,9.898888888888887,10.6741935483871
USC00363018,1976,7.217582417582417,8.046551724137931,6.6789772727272725,6.677586206896552
USC00363018,1977,8.22391304347826,7.821666666666668,9.591954022988507,7.957142857142858
USC00363018,1978,5.497826086956522,5.4799999999999995,8.659550561797753,7.706451612903226
USC00363018,1979,7.81304347826087,6.956666666666666,9.664942528735633,8.911666666666665
USC00363018,1980,6.802173913043479,7.395000000000001,8.274712643678159,6.793548387096773
USC00363018,1981,6.926630434782608,8.076666666666666,8.65625,7.343333333333334
USC00363018,1982,6.08586956521739,4.870000000000001,9.451704545454545,8.548333333333334
USC00363018,1983,6.37032967032967,5.515517241379311,9.623595505617978,9.832258064516129
USC00363018,1984,4.6390109890109885,5.9816666666666665,9.055494505494506,11.516129032258068
USC00363018,1985,7.847282608695653,8.048333333333332,10.337912087912088,9.509677419354837
USC00363018,1986,8.195652173913043,7.87,8.525824175824177,9.362903225806452
USC00363018,1987,8.021739130434783,8.3,7.985000000000001,6.250000000000001
USC00363018,1988,6.451086956521739,5.708333333333333,7.219780219780221,5.470967741935484
USC00363018,1989,5.4195652173913045,4.786666666666665,7.257222222222222,7.404838709677418
USC00363018,1990,5.485869565217391,5.691666666666666,6.9450549450549435,8.200000000000001
USC00363018,1991,5.933152173913044,5.205,8.0,9.255
USC00363018,1992,5.689010989010989,5.911666666666666,7.769186046511626,6.267241379310345
USC00363018,1995,6.978823529411765,5.994827586206896,8.88607594936709,11.55
USC00363018,1997,4.729775280898877,4.1000000000000005,7.472674418604652,8.096666666666666
USC00363018,1998,8.386627906976743,7.378571428571428,10.67236842105263,10.091379310344829
USC00363018,2009,8.0875,8.928333333333333,9.986813186813187,8.106451612903225
USC00363018,2010,10.07228260869565,10.178333333333336,10.053296703296704,9.814516129032256
USC00363018,2011,8.09076086956522,8.918333333333333,11.279545454545454,9.693333333333333
USC00363018,2012,10.679545454545455,7.071428571428571,9.57967032967033,10.917741935483871
USC00363018,2013,7.490217391304348,8.211666666666666,9.42032967032967,11.327419354838709
USC00363018,2014,5.746739130434783,6.868333333333333,9.095054945054946,9.71774193548387
USC00363018,2015,7.871195652173912,7.76,10.750000000000002,9.066129032258063
USC00363018,2016,8.095108695652172,6.715000000000002,10.041758241758242,9.766129032258066
USC00363018,2017,7.1,9.948333333333334,10.386263736263734,12.0
USC00363018,2018,6.456521739130432,4.706666666666666,9.278333333333334,9.578333333333331
USC00363018,2019,7.165760869565219,8.348333333333333,9.355494505494507,10.601612903225808
USC00363018,2020,6.791304347826086,4.836666666666668,10.208333333333334,10.174193548387098
USC00363018,2021,7.435326086956524,7.7266666666666675,10.785555555555556,13.025806451612905
USC00363018,2022,7.811413043478261,7.105,9.679120879120878,8.417741935483871
USC00363018,2023,7.7989130434782625,10.046666666666665,9.932222222222222,11.174999999999999
USC00363018,2024,8.95,8.106666666666666,11.084065934065935,11.240322580645161
USC00363018,2025,8.628260869565215,8.573333333333332,9.721978021978021,9.577419354838709
USC00363028,1897,8.63967391304348,8.846666666666666,11.333516483516483,12.058064516129035
USC00363028,1898,9.43804347826087,7.160000000000001,11.3478021978022,11.530645161290321
USC00363028,1899,9.065760869565219,9.921666666666669,11.796703296703294,13.20806451612903
USC00363028,1900,7.698913043478259,8.420000000000002,12.923626373626373,14.695161290322579
USC00363028,1902,9.314835164835165,8.041379310344828,12.009340659340658,11.138709677419355
USC00363028,1903,11.570108695652172,8.870000000000001,10.139444444444443,11.132258064516128
USC00363028,1904,7.797282608695652,5.946666666666667,10.395000000000001,10.688709677419356
USC00363028,1905,8.603846153846154,7.6016666666666675,10.263736263736265,10.669354838709678
USC00363028,1906,6.651666666666666,7.826666666666666,11.735714285714286,10.49655172413793
USC00363028,1909,7.653296703296703,8.325862068965517,10.374719101123596,7.959999999999999
USC00363028,1910,8.891304347826088,9.351666666666668,10.713736263736264,12.235483870967744
USC00363028,1911,8.105978260869565,6.716666666666668,10.257142857142858,10.903225806451612
USC00363028,1912,7.690217391304348,9.121666666666668,12.265934065934067,11.930645161290323
USC00363028,1913,9.072826086956521,9.684999999999999,11.464444444444444,12.205
USC00363028,1914,7.677717391304348,7.358333333333334,10.914444444444444,12.986666666666666
USC00363028,1915,7.2565217391304335,10.536666666666667,11.336363636363636,11.632258064516128
USC00363028,1916,6.6695652173913045,7.363333333333332,9.934065934065934,10.02258064516129
USC00363028,1917,6.36358695652174,6.888333333333334,7.79065934065934,7.075806451612904
USC00363028,1918,9.395108695652175,7.181666666666667,10.26153846153846,12.074193548387095
USC00363028,1919,8.333695652173914,7.683333333333333,11.594505494505498,13.382258064516128
USC00363028,1920,7.243478260869565,5.784999999999998,11.759890109890112,13.52258064516129
USC00363028,1921,11.402173913043478,11.74,11.747802197802198,10.832258064516129
USC00363028,1922,9.308695652173911,8.82,11.808791208791206,11.780645161290325
USC00363028,1923,6.9125,6.961666666666668,9.752906976744185,9.333870967741936
USC00363028,1924,6.490217391304347,7.166666666666667,9.372777777777777,10.556666666666668
USC00363028,1925,7.762499999999998,9.623333333333331,9.331868131868132,6.287096774193548
USC00363028,1926,5.453260869565217,5.076666666666668,10.034065934065934,9.83064516129032
USC00363028,1927,8.210326086956522,7.408333333333332,11.908791208791207,11.670967741935483
USC00363028,1928,6.060869565217393,5.17,10.784065934065934,11.998387096774195
USC00363028,1929,8.817934782608695,9.193333333333333,10.277777777777777,9.038709677419355
USC00363028,1930,7.823913043478262,7.518333333333334,10.962087912087913,9.759677419354839
USC00363028,1931,8.215760869565218,8.963333333333335,13.398148148148149,11.884090909090911
USC00363028,1932,6.028804347826087,5.7316666666666665,10.786263736263736,11.385483870967743
USC00363028,1933,8.265168539325844,9.011111111111111,10.068131868131868,9.74193548387097
USC00363028,1934,7.052197802197802,7.038333333333332,11.745604395604394,10.087096774193546
USC00363028,1935,7.87142857142857,7.511666666666667,11.047777777777778,10.78709677419355
USC00363028,1936,8.382967032967034,5.885,10.194444444444445,10.641935483870968
USC00363028,1937,7.231666666666666,7.26896551724138,8.709890109890111,8.556451612903226
USC00363028,1938,8.29836956521739,8.581666666666667,10.640659340659342,11.291935483870969
USC00363028,1939,7.077173913043478,5.708333333333333,10.365384615384615,11.475806451612906
USC00363028,1942,9.37554347826087,9.985000000000001,10.907692307692308,11.237096774193548
USC00363028,1943,6.535869565217392,4.88,9.22912087912088,9.209677419354838
USC00363028,1944,8.363333333333333,6.046666666666668,10.698351648351649,9.988709677419354
USC00363028,1945,9.692934782608695,10.196666666666665,11.153296703296702,9.772580645161291
USC00363028,1946,9.461413043478261,7.166666666666667,12.232967032967034,12.56451612903226
USC00363028,1947,6.427173913043478,8.18,11.782417582417585,14.177419354838712
USC00363028,1948,8.522527472527472,10.356666666666666,11.051648351648351,9.625806451612904
USC00363028,1949,7.822282608695653,6.976666666666666,10.546703296703297,12.891935483870967
USC00363028,1950,6.0885869565217385,5.303333333333334,11.252906976744189,11.67741935483871
USC00363028,1951,7.959239130434782,7.046666666666666,9.395054945054946,11.791935483870969
USC00363028,1952,7.167391304347825,8.763333333333332,10.272527472527473,8.314516129032258
USC00363028,1953,9.405978260869563,7.628333333333333,11.616666666666667,12.030000000000001
USC00363028,1954,9.069021739130438,12.146666666666665,11.48820224719101,12.561290322580648
USC00363028,1955,10.719021739130433,12.561666666666666,11.035714285714285,11.858064516129035
USC00363028,1956,7.522826086956522,7.601666666666668,11.282967032967033,12.716129032258063
USC00363028,1957,9.376086956521739,9.673333333333334,10.177777777777777,9.577419354838707
USC00363028,1958,8.618131868131869,9.854999999999997,11.26153846153846,11.064516129032258
USC00363028,1959,9.411413043478262,9.561666666666666,11.752747252747254,12.15967741935484
USC00363028,1960,7.058152173913043,11.353333333333333,11.880769230769229,10.70806451612903
USC00363028,1961,7.739130434782608,6.158333333333334,12.737078651685392,13.185483870967744
USC00363028,1962,9.165217391304347,8.290000000000001,10.155494505494506,11.87258064516129
USC00363028,1963,8.304945054945057,8.306666666666667,12.158791208791207,14.096774193548388
USC00363028,1964,9.644943820224718,9.029310344827588,13.134999999999998,9.874193548387096
USC00363028,1965,8.12247191011236,7.172413793103449,10.56158536585366,10.212068965517243
USC00363028,1966,5.758888888888889,5.781666666666668,8.801162790697672,8.614516129032259
USC00363028,1967,6.898913043478261,8.926666666666668,8.732222222222221,9.64032258064516
USC00363028,1968,10.752500000000003,9.756896551724138,10.944505494505496,10.641935483870968
USC00363028,1969,7.504347826086955,8.831666666666665,9.98846153846154,9.846774193548386
USC00363028,1970,8.053260869565216,8.588333333333333,11.976373626373626,11.964516129032257
USC00363028,1971,5.75054347826087,6.033333333333332,12.507142857142858,14.122580645161293
USC00363028,1972,7.332608695652175,7.008333333333335,9.647222222222222,8.179032258064519
USC00363028,1973,9.295604395604395,9.25,12.230769230769234,12.774193548387094
USC00363028,1974,7.660869565217391,7.891666666666666,9.843956043956043,8.791935483870969
USC00363028,1975,7.354891304347825,4.966666666666667,11.464285714285717,12.091935483870968
USC00363028,1976,9.140217391304347,9.418333333333333,8.105494505494505,8.174193548387098
USC00363028,1977,9.106626506024096,9.460000000000003,10.186813186813186,8.520967741935483
USC00363028,1978,5.63804347826087,6.301666666666668,9.74010989010989,7.8290322580645135
USC00363028,1979,6.959782608695652,6.594999999999999,9.956249999999999,9.505357142857145
USC00363028,1980,6.186413043478262,6.706666666666667,9.585714285714285,8.317741935483872
USC00363028,1981,8.283152173913043,9.965000000000002,9.564444444444446,8.691935483870965
USC00363028,1982,8.251630434782609,6.541666666666668,11.592307692307694,11.498387096774195
USC00363028,1983,7.9646739130434785,7.626666666666666,11.418131868131868,11.046774193548387
USC00363028,1984,6.155978260869565,8.396666666666667,11.065934065934066,13.46774193548387
USC00363028,1985,9.604891304347827,10.845,12.632222222222222,11.320967741935481
USC00363028,1986,9.558241758241758,10.151666666666667,10.698351648351649,11.645161290322582
USC00363028,1987,9.308152173913044,9.306666666666667,10.394444444444444,7.98
USC00363028,1988,8.16413043478261,8.168333333333333,9.899450549450549,7.958064516129032
USC00363028,1989,7.252717391304348,6.284999999999999,10.524444444444445,10.59032258064516
USC00363028,1990,8.630434782608694,8.941666666666666,11.46868131868132,11.351612903225808
USC00363028,1991,10.645652173913044,9.740000000000002,10.407142857142857,11.361290322580647
USC00363028,1992,7.668478260869566,8.421666666666669,10.064835164835163,8.759677419354839
USC00363028,1993,7.758152173913044,8.246666666666668,9.920879120879121,9.298387096774194
USC00363028,1994,7.307954545454544,9.241666666666667,10.845604395604397,9.956451612903226
USC00363028,1995,7.971739130434783,6.681666666666667,9.846153846153847,11.666129032258064
USC00363028,1996,6.585326086956522,7.710000000000003,9.623076923076924,10.464516129032257
USC00363028,1997,6.419021739130434,5.878333333333332,9.829120879120879,10.551612903225806
USC00363028,1998,10.045652173913043,9.19,11.400549450549452,11.146774193548385
USC00363028,1999,8.305813953488373,9.7125,10.963736263736264,9.459677419354836
USC00363028,2000,9.318478260869565,8.016666666666667,10.211538461538462,11.020967741935479
USC00363028,2001,8.20163043478261,9.33,10.968888888888888,10.205000000000002
USC00363028,2002,7.656593406593404,9.118333333333334,10.474719101123593,9.769354838709678
USC00363028,2005,7.024705882352943,10.021428571428572,11.896875,12.0375
USC00363028,2006,8.595652173913043,10.055,10.457777777777778,8.858333333333333
USC00363028,2007,8.541208791208792,6.562068965517243,12.248901098901097,14.137096774193548
USC00363028,2008,7.474175824175824,10.798275862068966,10.220555555555556,9.04
USC00363028,2009,8.929891304347827,8.933333333333334,10.858241758241755,8.843548387096776
USC00363028,2010,10.123863636363636,10.541071428571428,10.398876404494382,10.341935483870971
USC00363028,2011,8.693888888888889,8.926666666666668,12.162777777777778,10.625
USC00363028,2012,11.257608695652175,7.33,10.182967032967033,10.679032258064517
USC00363028,2013,8.11304347826087,8.771666666666668,10.28888888888889,11.854838709677418
USC00363028,2014,7.178260869565219,8.510000000000002,10.342857142857142,11.904838709677419
USC00363028,2015,8.296739130434784,8.934999999999999,12.416483516483517,10.683870967741935
USC00363028,2016,9.313586956521737,7.981666666666667,12.362087912087913,12.088709677419356
USC00363028,2017,9.135714285714286,11.700000000000001,11.64065934065934,13.195161290322583
USC00363028,2018,8.00163043478261,5.401666666666667,10.805494505494506,10.961290322580643
USC00363028,2019,8.741847826086957,9.309999999999999,11.05934065934066,11.862903225806452
USC00363028,2020,8.605434782608695,6.954999999999999,11.250555555555556,10.820967741935487
USC00363028,2021,9.05108695652174,9.448333333333332,12.00824175824176,14.129032258064518
USC00363028,2022,8.930434782608696,7.715000000000001,10.665934065934065,9.20483870967742
USC00363028,2023,8.796739130434782,10.51666666666667,11.21098901098901,12.183870967741937
USC00363028,2024,10.574175824175825,10.148333333333333,12.274175824175828,11.277419354838708
USC00363028,2025,9.945652173913041,9.611666666666663,11.206666666666665,11.5
USC00363056,1920,7.4021739130434785,5.981666666666668,10.403296703296704,13.25806451612903
USC00363056,1921,10.555434782608694,11.408333333333333,10.479670329670329,10.041935483870969
USC00363056,1922,8.09728260869565,7.156666666666666,9.61923076923077,10.006451612903227
USC00363056,1923,5.250543478260869,5.680000000000001,7.646703296703297,7.064516129032258
USC00363056,1924,3.42608695652174,3.7049999999999996,6.09175824175824,7.038709677419356
USC00363056,1925,5.66195652173913,5.48,7.113186813186814,4.637096774193548
USC00363056,1926,4.1081521739130435,3.5716666666666663,7.591208791208791,7.593548387096775
USC00363056,1927,7.251086956521738,6.251666666666669,10.901648351648351,11.051612903225807
USC00363056,1928,6.17445652173913,5.368333333333335,9.352222222222222,10.325806451612904
USC00363056,1929,8.601630434782608,7.988333333333333,10.6,9.543548387096774
USC00363056,1930,8.01195652173913,6.819999999999999,11.156593406593405,10.245161290322581
USC00363056,1931,7.398913043478262,7.476666666666666,13.19230769230769,12.52741935483871
USC00363056,1932,6.330769230769232,6.145,10.145604395604396,10.80161290322581
USC00363056,1933,7.91141304347826,8.313333333333334,9.147802197802198,9.443548387096774
USC00363056,1934,7.533695652173913,7.28,10.313186813186812,8.73225806451613
USC00363056,1935,6.850543478260871,6.236666666666667,7.327966101694915,10.056896551724137
USC00363056,1936,8.539673913043478,5.416666666666667,9.701666666666666,10.278333333333334
USC00363056,1937,6.557608695652173,6.3133333333333335,8.284065934065936,7.717741935483871
USC00363056,1938,7.607608695652174,8.139999999999999,10.714285714285714,11.966129032258065
USC00363056,1939,7.383516483516485,5.175862068965517,10.070329670329672,10.432258064516127
USC00363056,1940,5.1450000000000005,4.386206896551724,8.650549450549452,8.140322580645162
USC00363056,1941,7.841208791208792,11.581666666666667,11.381318681318682,11.520967741935484
USC00363056,1942,9.577222222222222,10.76206896551724,8.969780219780219,8.080645161290322
USC00363056,1943,6.2527173913043494,4.118333333333333,9.214285714285714,9.040322580645164
USC00363056,1944,7.420652173913043,5.538333333333333,9.709890109890111,9.388709677419353
USC00363056,1945,9.669021739130436,9.593333333333334,10.273888888888889,9.487096774193548
USC00363056,1946,10.206593406593408,8.791379310344826,12.721264367816092,13.637096774193546
USC00363056,1947,6.523369565217391,7.408333333333333,11.200555555555555,14.763333333333332
USC00363056,1948,8.078260869565216,8.381666666666666,11.516483516483515,9.58548387096774
USC00363056,1952,7.336413043478259,8.501666666666667,9.997191011235953,8.698387096774193
USC00363056,1953,7.960989010989011,6.950000000000001,11.436363636363637,12.008333333333333
USC00363056,1954,7.132967032967034,9.036666666666665,9.392696629213484,10.93709677419355
USC00363056,1955,9.291758241758242,10.358620689655174,8.534166666666666,
USC00363056,1956,5.48021978021978,5.8,9.988333333333333,11.43
USC00363056,1957,8.690217391304346,9.715,10.025,8.685
USC00363056,1958,6.817934782608695,8.443333333333333,9.299450549450547,8.888709677419355
USC00363056,1959,8.61413043478261,9.351666666666667,11.147222222222222,11.658064516129029
USC00363056,1960,5.94945652173913,10.175,10.203370786516853,9.653225806451612
USC00363056,1961,5.927717391304348,5.1,12.633516483516482,13.403225806451612
USC00363056,1962,8.46304347826087,8.42,9.264444444444443,11.01290322580645
USC00363056,1963,7.884269662921348,7.822413793103447,10.78013698630137,
USC00363056,1964,8.074444444444445,6.768333333333333,10.214044943820225,8.66451612903226
USC00363056,1965,7.045604395604394,5.59,9.776436781609195,8.720689655172414
USC00363056,1966,6.324175824175823,5.722413793103448,9.49285714285714,9.279032258064515
USC00363056,1967,5.650555555555556,7.321666666666666,12.018421052631581,9.358620689655174
USC00363056,1968,7.908695652173913,9.698333333333334,10.268681318681319,10.533870967741937
USC00363056,1969,7.885326086956521,9.439999999999998,9.187912087912089,9.770967741935484
USC00363056,1970,6.887912087912087,7.8100000000000005,11.117582417582417,11.158064516129032
USC00363056,1971,5.885714285714286,5.701666666666667,11.369780219780218,13.601612903225808
USC00363056,1972,6.523369565217393,5.5166666666666675,8.525568181818182,6.535714285714286
USC00363056,1973,8.13967391304348,8.325,10.981111111111112,12.073333333333332
USC00363056,1974,7.6929347826086945,9.798333333333334,9.55253164556962,9.292105263157895
USC00363056,1975,6.664130434782609,3.943333333333334,10.220930232558139,11.23225806451613
USC00363056,1976,8.219999999999999,9.469999999999999,8.523863636363636,8.211290322580643
USC00363056,1977,10.202469135802469,9.408333333333333,10.35,9.483870967741936
USC00363056,1980,6.803370786516854,7.080000000000001,7.4061797752809,7.058064516129032
USC00363056,1981,6.6923076923076925,8.20681818181818,9.02747252747253,8.201612903225806
USC00363056,1982,6.890217391304348,5.7333333333333325,10.089010989010989,9.948387096774194
USC00363056,1983,6.352717391304348,5.663333333333332,8.511538461538462,8.075806451612904
USC00363056,1984,2.172282608695652,3.5816666666666666,6.087362637362638,6.666129032258064
USC00363056,1985,8.877173913043478,9.636666666666667,8.85,8.588709677419352
USC00363056,1986,5.755978260869565,5.2299999999999995,3.5714285714285716,4.791935483870966
USC00363056,1987,3.6070652173913045,3.9216666666666664,6.008241758241757,6.285483870967741
USC00363056,1988,6.440217391304348,4.4833333333333325,5.962637362637363,4.122580645161291
USC00363200,1907,8.468478260869563,7.4866666666666655,11.890555555555554,10.069999999999999
USC00363200,1908,11.285393258426968,10.803333333333335,12.661111111111113,13.714516129032257
USC00363200,1909,10.594444444444443,10.044999999999998,11.657303370786515,10.111290322580647
USC00363200,1911,10.270238095238096,8.828571428571427,11.956043956043956,12.195161290322579
USC00363200,1912,9.508139534883721,9.790000000000001,13.197222222222223,13.61774193548387
USC00363200,1913,10.814444444444446,10.83666666666667,13.307142857142857,14.275806451612905
USC00363200,1914,9.14,9.488333333333335,11.980337078651685,13.613793103448279
USC00363200,1915,8.936413043478261,12.155,13.40222222222222,13.29032258064516
USC00363200,1916,9.095555555555556,9.577586206896552,12.34175824175824,12.624193548387096
USC00363200,1917,8.51304347826087,9.351666666666667,9.954395604395605,9.993548387096775
USC00363200,1918,11.246739130434783,9.731666666666666,12.460439560439559,14.306451612903226
USC00363200,1919,11.30163043478261,10.346666666666668,13.248351648351646,15.17258064516129
USC00363200,1920,9.52554347826087,9.531666666666668,13.156179775280897,14.788333333333336
USC00363200,1921,13.048351648351646,13.591666666666669,13.206593406593406,12.211290322580645
USC00363200,1922,11.084782608695653,10.638333333333334,13.253846153846153,13.84354838709677
USC00363200,1923,9.625000000000002,10.013333333333334,12.369101123595504,12.28225806451613
USC00363200,1924,9.143478260869566,9.04,12.228651685393258,12.76935483870968
USC00363200,1925,10.472527472527473,11.033333333333333,12.028021978021977,9.78387096774194
USC00363200,1926,8.72391304347826,8.373333333333333,12.280219780219781,11.71774193548387
USC00363200,1927,10.469021739130433,9.691666666666665,14.179120879120878,14.04516129032258
USC00363200,1928,9.729347826086956,9.465000000000002,12.86098901098901,13.922580645161293
USC00363200,1929,11.820108695652177,11.474999999999998,13.253932584269663,11.811290322580646
USC00363200,1930,10.62445652173913,8.971666666666666,13.805494505494504,12.43225806451613
USC00363200,1931,10.504891304347826,10.338333333333333,16.236627906976743,15.75192307692308
USC00363200,1932,9.687362637362638,9.87,13.318131868131868,13.919354838709674
USC00363200,1933,11.040217391304349,10.896666666666668,12.758241758241756,12.679032258064517
USC00363200,1934,9.834615384615384,9.770689655172415,13.586813186813188,12.279032258064516
USC00363200,1935,10.54010989010989,10.086206896551724,13.604945054945054,13.272580645161288
USC00363200,1936,11.791304347826088,9.141666666666667,13.183516483516485,13.698387096774193
USC00363200,1937,10.071111111111112,10.38793103448276,12.573888888888892,12.25806451612903
USC00363200,1938,11.52608695652174,11.966666666666665,13.43021978021978,14.058064516129035
USC00363200,1939,10.665934065934065,9.424137931034481,12.988888888888889,13.146774193548383
USC00363200,1940,8.533516483516484,8.046666666666667,11.915,11.083870967741934
USC00363200,1941,11.07857142857143,13.778333333333334,14.933516483516485,15.887096774193548
USC00363200,1942,12.415217391304346,12.565,13.664835164835164,13.651612903225807
USC00363200,1943,10.049999999999999,8.201666666666666,12.103333333333333,11.966129032258062
USC00363200,1944,10.43131868131868,9.096551724137932,13.106593406593406,12.56451612903226
USC00363200,1945,11.517213114754098,12.723333333333333,13.630555555555558,12.091666666666665
USC00363200,1946,11.701086956521742,9.983333333333333,14.645,15.078333333333335
USC00363200,1947,8.997282608695654,9.903333333333334,13.233516483516484,15.388709677419357
USC00363200,1948,10.256521739130434,9.879999999999999,13.09010989010989,11.56935483870968
USC00363200,1949,10.326923076923077,10.156666666666666,12.45934065934066,14.667741935483877
USC00363200,1950,7.973369565217391,8.075,11.563186813186814,12.362903225806452
USC00363200,1951,10.703260869565216,10.771666666666667,12.09725274725275,13.498387096774193
USC00363200,1952,10.033695652173913,11.601666666666668,11.229670329670329,9.756451612903229
USC00363200,1953,10.635869565217392,9.896666666666667,11.838461538461537,12.41451612903226
USC00363200,1954,9.96141304347826,11.559999999999999,13.465384615384616,15.098387096774195
USC00363200,1955,12.016847826086956,12.696666666666667,12.337362637362638,13.640322580645158
USC00363200,1956,9.13641304347826,9.016666666666667,12.613333333333333,13.249999999999998
USC00363200,1957,11.064673913043478,11.813333333333333,12.872527472527471,11.382258064516126
USC00363200,1958,9.641304347826088,11.298333333333334,11.80879120879121,11.087096774193549
USC00363200,1959,10.849999999999998,11.446666666666667,13.771428571428572,14.430645161290323
USC00363200,1960,8.86576086956522,12.605,12.364835164835167,11.553225806451612
USC00363200,1961,8.96304347826087,8.17,13.943956043956044,12.940322580645162
USC00363200,1962,10.049456521739131,10.428333333333333,10.937362637362638,12.109677419354838
USC00363200,1963,9.591847826086957,10.016666666666664,12.276373626373628,13.093548387096773
USC00363200,1964,10.06195652173913,8.958333333333332,11.791111111111109,10.062903225806453
USC00363200,1965,9.412087912087912,7.9350000000000005,11.763186813186813,10.424193548387095
USC00363200,1966,8.693478260869565,7.444999999999999,11.385714285714284,10.225806451612906
USC00363200,1967,7.683152173913044,9.348333333333331,10.724175824175823,11.233870967741932
USC00363200,1968,9.75869565217391,10.636666666666663,12.862087912087913,13.175806451612905
USC00363200,1969,9.987912087912086,11.356666666666666,11.198351648351649,10.737096774193548
USC00363200,1970,9.161956521739132,9.235000000000001,12.900549450549448,12.493548387096777
USC00363200,1971,8.21576086956522,8.155000000000001,13.715934065934066,15.26774193548387
USC00363200,1972,8.891304347826088,7.998333333333333,11.027472527472526,9.293548387096775
USC00363200,1974,10.686263736263735,11.493103448275862,11.381481481481481,9.851612903225808
USC00363218,1904,10.996739130434783,10.168333333333333,12.086263736263739,11.846774193548388
USC00363218,1905,11.433152173913046,10.923333333333334,11.943333333333332,12.216666666666667
USC00363218,1906,10.092391304347826,12.234999999999998,12.834615384615384,11.71774193548387
USC00363218,1907,9.622222222222222,8.235000000000001,11.013736263736266,9.070967741935485
USC00363218,1908,12.020652173913044,11.753333333333332,12.357692307692309,12.830645161290322
USC00363218,1909,10.272282608695651,10.646666666666667,12.256666666666666,10.054838709677421
USC00363218,1910,12.610869565217392,13.121666666666666,12.838461538461537,14.301612903225807
USC00363218,1911,10.888586956521738,9.233333333333333,12.070329670329672,12.10967741935484
USC00363218,1912,10.664673913043478,11.788333333333332,13.22142857142857,12.987096774193546
USC00363218,1913,11.967391304347828,11.766666666666667,12.914835164835162,13.429032258064517
USC00363218,1914,10.271195652173915,10.213333333333333,12.72362637362637,14.600000000000001
USC00363218,1915,10.504891304347824,14.333333333333334,13.078571428571427,13.52258064516129
USC00363218,1916,9.872826086956522,10.343333333333334,12.042857142857141,12.09032258064516
USC00363218,1917,9.979891304347827,11.308333333333335,10.393406593406592,9.388709677419355
USC00363218,1918,12.717391304347826,10.361666666666666,12.689560439560436,14.411290322580648
USC00363218,1919,11.513043478260867,10.656666666666668,14.041208791208792,15.724193548387097
USC00363218,1920,10.221739130434784,10.036666666666665,13.635164835164836,15.608064516129032
USC00363218,1921,14.122826086956524,14.901666666666666,14.262087912087914,12.94032258064516
USC00363218,1922,12.016847826086956,11.705,14.15824175824176,14.45483870967742
USC00363218,1923,10.58858695652174,10.923333333333334,12.493956043956041,12.069354838709677
USC00363218,1924,9.528804347826087,9.998333333333333,12.354945054945057,13.570967741935485
USC00363218,1925,11.214673913043478,12.65333333333333,12.375824175824176,10.101612903225808
USC00363218,1926,10.108791208791208,9.963333333333333,12.663186813186812,12.888709677419355
USC00363218,1927,10.906593406593407,10.008333333333331,14.229120879120877,14.006451612903225
USC00363218,1928,10.134239130434782,9.246666666666668,12.880219780219784,13.591935483870964
USC00363218,1929,12.413043478260867,12.635,12.924725274725274,11.550000000000002
USC00363218,1930,11.264130434782611,10.016666666666667,13.719230769230768,12.035483870967742
USC00363218,1931,10.759782608695653,10.948333333333332,15.916483516483517,14.870967741935482
USC00363218,1932,10.423913043478262,10.668333333333333,12.905494505494502,13.032258064516133
USC00363218,1933,11.35815217391304,11.638333333333334,12.715384615384616,12.26774193548387
USC00363218,1934,10.904347826086955,11.356666666666667,13.645054945054946,12.456451612903226
USC00363218,1935,11.322826086956523,10.288333333333334,13.395054945054946,13.429032258064515
USC00363218,1936,12.360326086956523,9.870000000000001,13.464835164835165,14.070967741935483
USC00363218,1937,10.804891304347827,10.51666666666667,12.233516483516485,11.99032258064516
USC00363218,1938,12.479891304347827,12.698333333333332,13.491758241758241,13.94032258064516
USC00363218,1939,11.852173913043476,10.351666666666665,13.375824175824178,13.269354838709676
USC00363218,1940,9.629891304347826,8.955,12.415934065934062,11.756451612903225
USC00363218,1941,11.572282608695653,13.895,15.102747252747251,15.937096774193547
USC00363218,1942,13.270652173913042,13.650000000000002,13.375824175824178,13.679032258064519
USC00363218,1943,11.011956521739128,9.218333333333334,12.235164835164834,12.249999999999998
USC00363218,1944,11.440760869565217,10.093333333333332,13.204395604395604,12.350000000000001
USC00363218,1945,13.755978260869565,13.616666666666667,13.613186813186815,12.491935483870966
USC00363218,1946,12.88152173913043,11.415000000000003,14.256593406593405,14.764516129032257
USC00363218,1947,10.756521739130434,12.711666666666668,14.037362637362639,16.233870967741936
USC00363218,1948,11.98695652173913,11.625000000000002,13.280769230769227,11.962903225806453
USC00363218,1949,11.144565217391303,10.504999999999999,13.208888888888888,15.508333333333333
USC00363218,1950,9.007608695652175,8.73,12.135164835164836,13.683870967741935
USC00363218,1951,10.542391304347827,10.563333333333333,12.156593406593409,13.991935483870968
USC00363218,1952,10.553260869565216,12.03833333333333,12.191208791208792,10.787096774193547
USC00363218,1953,11.654347826086955,10.935,13.456043956043956,14.146774193548389
USC00363218,1954,11.21032608695652,13.303333333333335,13.708791208791208,15.106451612903228
USC00363218,1955,12.710869565217392,13.043333333333333,12.465934065934064,13.570967741935485
USC00363218,1956,9.431521739130437,10.038333333333334,12.387912087912087,13.014516129032259
USC00363218,1957,11.472826086956522,12.453333333333331,12.965555555555554,11.075806451612905
USC00363218,1958,10.340760869565218,11.816666666666666,12.84725274725275,12.187096774193545
USC00363218,1959,11.758695652173913,12.610000000000001,13.632417582417585,14.364516129032259
USC00363218,1960,9.50054347826087,13.643333333333333,13.235164835164834,12.561290322580643
USC00363218,1961,9.783695652173913,8.676666666666668,14.479670329670329,13.493548387096775
USC00363218,1962,11.294565217391304,11.395000000000001,11.712637362637361,13.262903225806452
USC00363218,1963,11.064673913043478,11.729999999999999,13.567582417582418,14.980645161290324
USC00363218,1964,11.122282608695652,9.791666666666664,12.694505494505496,10.95483870967742
USC00363218,1965,10.33804347826087,9.24,12.781868131868134,11.270967741935483
USC00363218,1966,9.733152173913044,8.4,11.903296703296702,11.188709677419354
USC00363218,1967,9.585326086956522,11.671666666666669,11.31263736263736,11.535483870967743
USC00363218,1968,11.115217391304348,12.26666666666667,13.373626373626374,13.453225806451613
USC00363218,1969,10.901630434782607,12.18833333333333,12.002197802197802,11.709677419354838
USC00363218,1970,10.4875,10.758333333333333,14.070879120879122,14.16451612903226
USC00363218,1971,9.459239130434783,10.071666666666667,13.80054945054945,15.141935483870968
USC00363218,1972,9.680978260869566,9.330000000000002,11.337362637362638,9.930645161290323
USC00363218,1973,11.17554347826087,10.768333333333334,14.085164835164838,14.114516129032262
USC00363218,1974,11.19891304347826,11.998333333333333,11.954395604395604,10.720967741935485
USC00363218,1975,9.85054347826087,8.268333333333333,13.382967032967034,14.151612903225805
USC00363218,1976,11.469565217391303,12.448333333333332,10.142307692307694,9.41774193548387
USC00363218,1977,12.867934782608694,12.61166666666667,12.621978021978023,10.932258064516128
USC00363218,1978,9.217391304347828,10.201666666666666,12.255494505494505,10.883870967741936
USC00363218,1979,10.705434782608695,9.725,12.864835164835165,11.51774193548387
USC00363218,1980,11.034782608695654,11.615000000000002,12.874175824175826,11.909677419354843
USC00363218,1981,11.42554347826087,13.153333333333334,12.17888888888889,10.718333333333332
USC00363311,2004,8.00054347826087,6.546666666666667,10.005494505494507,8.966129032258063
USC00363311,2005,4.928260869565217,7.7683333333333335,10.231868131868133,9.588709677419352
USC00363311,2006,6.593406593406593,8.029310344827586,9.007692307692308,7.617741935483872
USC00363311,2007,6.39891304347826,4.645,10.573626373626373,12.783870967741937
USC00363311,2008,5.810869565217391,8.886666666666667,8.434615384615386,7.733870967741937
USC00363311,2009,7.177717391304347,7.173333333333334,8.963736263736264,7.182258064516129
USC00363311,2010,8.657608695652174,9.028333333333332,9.086263736263735,8.996774193548386
USC00363311,2011,6.904347826086957,7.04,10.391208791208792,8.425806451612903
USC00363311,2012,9.51195652173913,6.178333333333334,9.124725274725273,10.274193548387098
USC00363311,2013,6.2554347826086945,6.876666666666667,8.57032967032967,10.127419354838713
USC00363311,2014,5.163586956521739,6.673333333333335,8.197252747252746,9.691935483870967
USC00363311,2015,5.902717391304347,6.243333333333333,10.351648351648352,8.52096774193548
USC00363311,2016,7.234782608695652,6.031666666666668,10.192857142857143,10.01774193548387
USC00363311,2017,6.841304347826088,9.428333333333331,9.614285714285714,11.420967741935485
USC00363311,2018,5.708152173913043,3.4266666666666667,8.937362637362638,8.987096774193548
USC00363311,2019,6.46032608695652,7.130000000000001,8.67802197802198,9.956451612903225
USC00363311,2020,6.4375,4.849999999999999,9.557692307692308,9.235483870967743
USC00363311,2022,8.223369565217393,7.416666666666668,9.505555555555555,8.564516129032258
USC00363311,2023,7.741847826086956,9.631666666666666,9.947802197802197,11.14516129032258
USC00363311,2024,9.195652173913043,8.521666666666668,11.12967032967033,10.879032258064518
USC00363379,1904,8.181868131868132,7.01,9.395054945054945,8.875806451612904
USC00363379,1905,9.097282608695652,8.826666666666666,10.024175824175824,10.390322580645162
USC00363379,1906,7.483695652173914,9.028333333333332,11.213736263736262,10.708064516129031
USC00363379,1907,7.525543478260869,6.0633333333333335,9.576923076923077,7.75483870967742
USC00363379,1908,9.553804347826087,9.076666666666666,11.02747252747253,11.548387096774192
USC00363379,1909,7.92608695652174,8.521666666666668,10.398351648351648,8.1
USC00363379,1910,10.516304347826088,11.656666666666668,10.882777777777779,11.819354838709678
USC00363379,1911,8.607608695652173,7.151666666666667,10.206896551724139,10.464814814814815
USC00363379,1912,8.421195652173912,9.075,11.430681818181817,11.825862068965517
USC00363379,1913,10.125824175824176,10.468333333333334,11.882222222222222,13.165000000000001
USC00363379,1914,8.40879120879121,8.033333333333333,10.453846153846152,12.566129032258065
USC00363379,1915,7.8885869565217375,11.499999999999998,11.363736263736266,11.46774193548387
USC00363379,1916,7.4451086956521735,8.901666666666666,9.908241758241758,9.835483870967742
USC00363379,1917,7.382065217391304,8.616666666666667,8.240659340659342,7.65
USC00363379,1918,10.279891304347826,8.398333333333333,10.27142857142857,11.925806451612905
USC00363379,1919,9.53804347826087,9.139999999999999,11.609890109890108,12.945161290322583
USC00363379,1920,7.180978260869565,7.011666666666666,10.910989010989011,12.566129032258065
USC00363379,1921,11.748369565217393,12.545000000000003,11.20054945054945,9.830645161290322
USC00363379,1922,9.8125,9.325000000000001,11.541758241758242,11.456451612903223
USC00363379,1923,8.175,8.93,10.256593406593405,9.632258064516126
USC00363379,1924,7.129347826086956,7.275,9.361538461538462,9.803225806451612
USC00363379,1925,8.556521739130437,9.713333333333333,9.50989010989011,6.798387096774195
USC00363379,1926,6.555978260869565,6.24,10.02142857142857,9.703225806451615
USC00363379,1927,8.129347826086954,7.528333333333333,11.928021978021976,11.664516129032258
USC00363379,1928,7.541847826086958,7.260000000000002,11.185164835164834,12.349999999999998
USC00363379,1929,9.76467391304348,10.048333333333336,10.517582417582418,9.083870967741936
USC00363379,1930,9.027717391304348,8.209999999999999,11.003296703296703,9.193548387096776
USC00363379,1931,8.64945652173913,8.763333333333332,13.48901098901099,12.079032258064515
USC00363379,1932,8.022282608695651,8.18833333333333,10.879670329670331,11.508064516129032
USC00363379,1933,9.007065217391302,9.545,9.092307692307692,8.649999999999999
USC00363379,1934,7.563043478260869,7.7316666666666665,11.357142857142858,9.582258064516129
USC00363379,1935,8.540217391304347,7.933333333333333,11.042857142857143,10.601612903225806
USC00363379,1936,10.021195652173914,7.685,10.823076923076924,11.246774193548386
USC00363379,1937,8.154891304347826,8.041666666666666,9.741758241758241,9.572580645161292
USC00363379,1938,9.759239130434782,10.093333333333332,10.73846153846154,11.146774193548385
USC00363379,1939,8.715217391304348,7.463333333333333,10.702747252747251,10.756451612903225
USC00363379,1940,6.719565217391305,6.275000000000001,9.161538461538461,8.216129032258063
USC00363379,1941,8.609239130434784,12.139999999999999,12.40989010989011,13.12741935483871
USC00363379,1942,10.448901098901098,10.625,11.189560439560438,11.451612903225808
USC00363379,1943,7.939130434782609,5.468333333333334,9.740449438202246,9.878333333333336
USC00363379,1944,8.725,6.95,10.72032967032967,9.943548387096772
USC00363379,1945,10.945652173913043,10.725,11.40824175824176,10.051612903225807
USC00363379,1946,10.194565217391304,8.736666666666668,12.016483516483516,12.541935483870969
USC00363379,1947,7.945652173913044,9.330000000000002,11.160989010989011,13.593548387096773
USC00363379,1948,9.385227272727274,9.944230769230767,11.207692307692307,9.319354838709677
USC00363379,1949,9.207608695652175,8.833333333333334,10.56978021978022,13.006451612903223
USC00363379,1950,7.509340659340659,7.266666666666666,10.537912087912089,11.48709677419355
USC00363379,1951,8.747282608695654,8.523333333333333,9.895054945054946,11.704838709677421
USC00363379,1952,7.849999999999998,9.203333333333331,9.50164835164835,7.888709677419355
USC00363379,1953,8.995652173913042,7.83,10.630219780219779,10.938709677419356
USC00363379,1954,8.986263736263735,10.455172413793106,11.02142857142857,12.206451612903225
USC00363379,1955,10.131521739130436,11.011666666666665,10.187912087912089,11.350000000000001
USC00363437,1961,8.38586956521739,7.666666666666668,13.346703296703296,12.024193548387094
USC00363437,1962,9.70054347826087,10.171666666666665,10.324175824175823,11.506451612903223
USC00363437,1963,9.294021739130434,9.770000000000001,12.426923076923076,13.424193548387096
USC00363437,1964,9.340760869565216,7.883333333333335,11.82197802197802,9.95161290322581
USC00363437,1965,8.997282608695652,7.481666666666667,11.535714285714288,10.358064516129032
USC00363437,1966,8.541304347826088,7.468333333333334,11.556593406593406,10.693548387096776
USC00363437,1967,7.23586956521739,9.025,10.582417582417582,11.198387096774193
USC00363437,1968,9.301086956521738,10.26,12.86868131868132,13.222580645161292
USC00363437,1969,11.107777777777777,11.94,12.872527472527471,12.227419354838712
USC00363437,1970,9.685555555555556,9.886666666666665,14.629166666666665,
USC00363437,1971,8.800543478260868,9.341666666666667,12.325423728813558,
USC00363437,1973,11.328488372093023,11.751666666666667,13.125925925925927,13.06774193548387
USC00363437,1974,10.183898305084746,,11.544505494505497,9.829032258064515
USC00363437,1975,9.367934782608696,7.418333333333334,13.560439560439564,14.52741935483871
USC00363437,1976,11.360869565217392,12.148333333333333,10.285164835164835,9.780645161290325
USC00363437,1977,12.396629213483148,12.27777777777778,13.033116883116882,11.200000000000001
USC00363437,1978,8.860624999999999,9.621666666666666,11.373837209302325,10.790322580645162
USC00363437,1979,11.019135802469137,10.856818181818182,12.639655172413795,11.377419354838711
USC00363437,1980,10.024705882352944,11.231481481481481,13.902054794520547,11.83392857142857
USC00363437,1982,9.904347826086957,8.860000000000001,12.536813186813184,11.49193548387097
USC00363437,1983,9.628804347826087,9.151666666666666,10.946666666666667,9.690322580645162
USC00363437,1984,5.423369565217391,7.1499999999999995,9.406593406593409,11.051612903225807
USC00363437,1985,10.721195652173913,10.913333333333334,12.851648351648352,12.417741935483871
USC00363437,1986,10.114673913043479,9.444999999999999,10.926373626373627,11.75483870967742
USC00363437,1987,9.753804347826087,9.18,5.9373626373626385,3.0677419354838706
USC00363437,1988,8.1625,7.721666666666665,10.894505494505495,9.025806451612905
USC00363437,1989,9.325543478260869,8.713333333333333,12.271428571428569,12.383870967741935
USC00363437,1990,9.964130434782607,9.898333333333333,12.674175824175823,13.556451612903228
USC00363437,1991,11.168478260869565,10.284999999999998,11.327222222222222,11.074999999999998
USC00363437,1992,7.63586956521739,8.076666666666666,9.96098901098901,8.20806451612903
USC00363437,1993,8.080769230769231,9.024137931034483,9.562087912087913,8.62258064516129
USC00363437,1994,8.275,10.768333333333334,10.752747252747252,9.261290322580646
USC00363437,1995,8.506521739130434,8.031666666666668,11.350595238095238,13.815517241379311
USC00363437,1997,9.07663043478261,8.926666666666668,8.567567567567568,
USC00363437,1998,11.46923076923077,10.989999999999998,10.744505494505496,10.061290322580644
USC00363437,1999,8.105434782608697,8.776666666666666,11.525274725274727,9.598387096774195
USC00363437,2000,9.49021739130435,7.166666666666668,12.741758241758241,12.927419354838712
USC00363437,2001,9.114673913043477,9.535,13.23111111111111,12.455000000000004
USC00363437,2002,10.001098901098901,10.400000000000002,12.43626373626374,11.761290322580647
USC00363437,2003,8.938888888888888,8.429310344827586,12.479444444444443,10.633870967741936
USC00363437,2004,11.912500000000003,10.643333333333334,12.855494505494507,11.067741935483868
USC00363437,2005,9.464673913043478,11.583333333333336,13.899450549450549,13.10483870967742
USC00363437,2006,11.17663043478261,11.979999999999999,13.007692307692311,11.822580645161292
USC00363437,2007,10.595108695652174,9.093333333333334,14.469318181818183,17.05
USC00363437,2009,13.969672131147538,11.496666666666668,12.065934065934066,10.519354838709676
USC00363437,2011,10.370689655172411,10.679310344827588,12.953977272727274,11.796666666666665
USC00363437,2012,12.187912087912087,10.01896551724138,11.759302325581395,12.060344827586208
USC00363437,2013,9.337362637362636,9.62,11.678021978021983,12.927419354838712
USC00363437,2014,8.533152173913043,9.396666666666667,11.990109890109892,12.78709677419355
USC00363437,2015,9.769886363636363,10.096551724137932,13.442134831460674,11.424193548387095
USC00363437,2016,10.957142857142857,9.955172413793106,13.286263736263736,12.919354838709678
USC00363437,2017,9.873076923076923,12.366666666666667,13.336813186813188,14.746774193548386
USC00363437,2018,9.563586956521743,8.248333333333333,13.061111111111108,13.104838709677422
USC00363437,2019,10.929891304347825,12.666666666666668,12.627011494252876,13.867741935483872
USC00363451,1998,12.928804347826087,12.403333333333334,13.760439560439561,12.995161290322581
USC00363451,1999,11.23967391304348,12.708333333333334,13.33076923076923,12.162903225806453
USC00363451,2000,12.810326086956518,11.238333333333333,12.371978021978025,13.474193548387099
USC00363451,2001,11.320108695652175,13.023333333333333,12.336813186813185,11.540322580645162
USC00363451,2002,9.866304347826087,11.246666666666664,12.128571428571426,11.75
USC00363451,2003,10.403804347826087,10.826666666666664,12.003296703296705,10.446774193548388
USC00363451,2004,11.254347826086958,9.793333333333338,12.912637362637362,12.187096774193547
USC00363451,2005,8.536956521739132,10.906666666666666,13.045604395604396,12.222580645161292
USC00363451,2006,9.619021739130433,11.488333333333333,11.41043956043956,10.540322580645162
USC00363451,2007,10.230978260869565,8.298333333333334,13.56978021978022,15.396774193548389
USC00363451,2008,9.688586956521739,12.041666666666666,11.558791208791208,10.7741935483871
USC00363451,2009,9.930681818181817,9.663333333333334,12.09120879120879,10.16451612903226
USC00363451,2010,11.160326086956522,11.585,11.799450549450553,11.693548387096776
USC00363451,2011,10.814673913043478,11.211666666666668,12.545604395604396,11.346774193548386
USC00363451,2012,12.73804347826087,9.635,10.970329670329669,11.714516129032258
USC00363451,2013,9.058241758241758,10.14166666666667,11.321978021978024,12.67741935483871
USC00363451,2014,8.822826086956523,9.904999999999998,11.104945054945054,12.217741935483868
USC00363451,2015,9.798913043478262,9.973333333333333,13.182417582417584,11.44516129032258
USC00363451,2016,10.91358695652174,10.385,13.575555555555555,13.648387096774194
USC00363451,2017,10.915760869565217,12.793333333333333,12.649999999999999,14.39516129032258
USC00363451,2018,9.42282608695652,7.64,12.629444444444445,12.496774193548386
USC00363451,2019,10.84891304347826,11.723333333333331,12.41098901098901,13.353225806451611
USC00363451,2020,9.85581395348837,8.571428571428571,12.93525641025641,12.480357142857144
USC00363451,2021,10.16141304347826,10.023333333333332,12.990555555555556,15.325
USC00363451,2022,10.393181818181818,8.964285714285714,11.257222222222222,9.60483870967742
USC00363451,2023,9.357142857142858,10.501666666666665,12.079120879120882,13.156451612903224
USC00363451,2024,12.207608695652175,11.889999999999997,13.342441860465113,12.670370370370373
USC00363451,2025,10.923033707865168,10.860344827586207,11.884375,12.043999999999999
USC00363510,1909,9.656470588235294,9.833333333333334,11.7989010989011,8.811290322580644
USC00363510,1910,11.311666666666666,10.958928571428572,11.934065934065936,13.782258064516132
USC00363510,1911,10.384239130434784,8.801666666666668,12.036263736263736,12.217741935483867
USC00363510,1912,10.224456521739128,11.499999999999998,12.796153846153844,12.50967741935484
USC00363510,1913,10.80919540229885,10.77037037037037,11.932716049382716,12.970689655172412
USC00363510,1914,9.236413043478262,9.540000000000001,11.96477272727273,13.73
USC00363510,1915,9.008695652173914,12.536666666666665,13.00824175824176,12.78225806451613
USC00363510,1916,8.666847826086956,8.698333333333332,11.828571428571427,11.720967741935485
USC00363510,1917,8.340760869565216,9.199999999999998,9.326373626373625,8.711290322580643
USC00363510,1918,11.756521739130434,9.599999999999998,11.423626373626375,13.964516129032258
USC00363510,1919,10.235869565217392,9.891666666666667,13.411538461538463,15.627419354838711
USC00363510,1920,9.304891304347827,8.125,12.646703296703295,14.343548387096778
USC00363510,1921,13.28967391304348,13.51666666666667,13.41153846153846,11.969354838709682
USC00363510,1922,11.37336956521739,11.018333333333334,13.343956043956043,12.966129032258063
USC00363510,1923,9.674456521739133,9.596666666666666,10.805952380952382,10.59354838709677
USC00363510,1924,7.855555555555557,9.023333333333335,12.30609756097561,12.21290322580645
USC00363510,1925,10.57663043478261,12.666666666666666,11.024725274725276,7.993548387096775
USC00363510,1926,8.353804347826088,7.603333333333334,12.26098901098901,11.872580645161289
USC00363510,1927,11.049999999999999,10.276666666666667,14.026373626373628,13.974193548387097
USC00363510,1928,9.133152173913043,8.238333333333335,12.0032967032967,13.932258064516128
USC00363510,1929,11.535326086956522,11.856666666666671,11.99340659340659,11.114516129032257
USC00363510,1930,10.682065217391306,11.249999999999998,12.94945054945055,11.467741935483874
USC00363510,1931,9.492934782608696,9.94,15.178571428571429,13.75483870967742
USC00363510,1932,8.964673913043478,9.495,12.612637362637363,13.069354838709677
USC00363510,1933,10.771195652173912,11.516666666666664,12.507692307692308,12.34032258064516
USC00363510,1934,10.097826086956522,10.370000000000003,13.175274725274724,12.106451612903227
USC00363510,1935,10.157608695652174,8.844999999999999,11.863186813186813,11.746774193548386
USC00363510,1936,11.016847826086956,8.551666666666668,12.604999999999999,12.903225806451612
USC00363510,1937,8.782777777777778,9.128333333333334,11.172023809523811,11.783333333333333
USC00363510,1938,11.349999999999998,11.536666666666667,12.523626373626378,12.922580645161288
USC00363510,1939,10.278804347826087,8.388333333333334,12.984831460674158,13.406451612903227
USC00363510,1940,8.729347826086956,8.628333333333334,11.64065934065934,11.835483870967742
USC00363510,1941,10.16195652173913,13.930000000000001,14.251648351648353,15.008064516129036
USC00363510,1942,11.821910112359552,12.941666666666666,12.979670329670329,13.574193548387097
USC00363510,1943,9.746195652173913,7.716666666666666,9.286263736263736,9.79516129032258
USC00363510,1944,9.840760869565218,8.606666666666667,10.832417582417582,10.290322580645164
USC00363510,1945,11.319565217391302,11.576666666666666,11.947802197802195,10.335483870967742
USC00363510,1946,11.40326086956522,8.733333333333333,12.235164835164836,12.446774193548388
USC00363510,1947,8.371195652173913,11.006666666666664,12.063636363636363,14.156451612903227
USC00363510,1948,11.324444444444444,12.669642857142858,11.553932584269662,9.636206896551723
USC00363510,1949,10.958108108108107,8.645,11.154945054945053,13.37741935483871
USC00363510,1950,8.54782608695652,7.67,10.852747252747253,12.595161290322583
USC00363510,1951,9.854891304347825,9.518333333333334,10.864835164835164,12.97258064516129
USC00363516,1910,11.1625,10.928333333333335,11.614285714285712,13.548387096774194
USC00363516,1911,9.894565217391303,8.206666666666667,11.965384615384615,12.12258064516129
USC00363516,1912,10.178804347826086,11.843333333333334,12.48296703296703,12.16451612903226
USC00363516,1913,10.508152173913043,10.481666666666667,11.37692307692308,11.96774193548387
USC00363516,1914,8.319021739130436,8.345,10.745604395604396,12.766129032258064
USC00363516,1915,8.44945652173913,11.846666666666668,8.368032786885246,11.801612903225806
USC00363516,1916,8.117934782608696,8.39,10.653296703296702,10.709677419354836
USC00363516,1917,8.030434782608696,9.245,8.833516483516483,8.49516129032258
USC00363516,1918,12.014130434782611,9.926666666666668,11.764285714285714,14.16935483870968
USC00363516,1919,9.76086956521739,9.418333333333333,12.59010989010989,14.474193548387099
USC00363516,1922,11.020652173913046,10.521666666666667,11.992307692307692,11.575806451612904
USC00363516,1924,7.4796296296296285,8.623684210526317,10.815384615384616,11.858064516129033
USC00363516,1935,10.387790697674419,9.350000000000001,12.60674157303371,11.911290322580644
USC00363516,1936,9.86413043478261,7.075,11.522527472527475,11.930645161290323
USC00363516,1937,8.299456521739131,8.881666666666666,9.978021978021978,9.97096774193548
USC00363516,1938,10.953260869565218,10.823333333333332,11.542134831460674,11.66935483870968
USC00363516,1939,9.569021739130434,7.694999999999999,11.392857142857142,11.812903225806451
USC00363516,1940,7.452717391304349,7.3883333333333345,10.1725,10.825
USC00363516,1941,8.676086956521738,12.285000000000002,12.590659340659343,13.416129032258064
USC00363516,1942,10.789673913043478,11.34,11.396153846153847,12.196774193548388
USC00363526,1894,9.647752808988765,8.370689655172415,9.664556962025317,10.01896551724138
USC00363526,1897,8.235326086956523,8.426666666666668,10.018131868131867,10.606451612903225
USC00363526,1903,10.808152173913044,8.305,10.004395604395604,11.183870967741935
USC00363526,1904,7.802173913043481,5.898333333333334,9.87722222222222,9.938709677419357
USC00363526,1905,8.696195652173914,7.71,10.293406593406594,10.495161290322581
USC00363526,1906,7.430434782608696,8.553333333333335,11.409340659340659,10.564516129032256
USC00363526,1907,7.115217391304347,4.881666666666666,9.491758241758241,7.883870967741935
USC00363526,1908,9.680978260869566,8.681666666666667,11.304395604395605,11.520967741935484
USC00363526,1909,7.575,7.99,10.753846153846155,8.175806451612903
USC00363526,1910,9.620652173913044,9.815000000000001,10.388461538461538,11.729032258064517
USC00363526,1911,8.559239130434783,7.37,10.091758241758242,10.285483870967743
USC00363526,1912,7.702717391304348,9.110000000000001,11.604945054945057,11.220967741935487
USC00363526,1913,8.660869565217393,8.833333333333336,11.073076923076924,11.320967741935483
USC00363526,1914,7.755978260869566,7.865,10.88791208791209,12.861290322580647
USC00363526,1915,7.423369565217392,10.786666666666667,11.69835164835165,11.004838709677419
USC00363526,1916,7.098369565217389,7.880000000000001,10.07032967032967,10.308064516129031
USC00363526,1917,6.775543478260869,7.476666666666668,7.97967032967033,7.108064516129032
USC00363526,1919,9.047826086956523,8.41,11.504945054945056,13.446774193548386
USC00363526,1921,11.066304347826087,11.06,12.010989010989011,10.885483870967741
USC00363526,1922,9.520652173913044,8.981666666666666,12.299999999999999,11.662903225806453
USC00363526,1923,7.497826086956523,7.3900000000000015,10.905494505494506,9.308064516129031
USC00363526,1924,7.076630434782607,7.745,10.059890109890109,11.25
USC00363526,1925,7.7585526315789455,8.124999999999998,9.307692307692308,5.993548387096774
USC00363526,1926,7.485119047619049,5.2716666666666665,10.77967032967033,10.411290322580646
USC00363526,1927,9.258152173913043,8.675,12.639560439560437,12.682258064516128
USC00363526,1928,7.288043478260871,6.576666666666667,11.137362637362639,12.770967741935484
USC00363526,1929,9.858695652173912,9.751666666666667,10.224725274725275,9.90322580645161
USC00363526,1930,9.376966292134831,9.641666666666664,10.987362637362638,9.961290322580643
USC00363526,1931,7.447826086956521,6.866666666666666,14.185164835164837,13.049999999999999
USC00363526,1932,7.394021739130435,8.118333333333332,11.77967032967033,12.40967741935484
USC00363526,1933,9.041847826086956,10.030000000000001,11.423076923076923,11.403225806451614
USC00363526,1934,8.637500000000001,8.985000000000001,12.515384615384617,10.954838709677416
USC00363526,1935,8.997826086956522,8.106666666666667,10.275862068965518,10.061290322580646
USC00363526,1937,8.796551724137931,8.743333333333334,9.942222222222222,10.225806451612906
USC00363526,1938,11.092934782608696,10.776666666666666,11.614835164835164,12.429032258064515
USC00363526,1939,9.509782608695652,7.803333333333332,12.153846153846153,12.759677419354839
USC00363526,1942,10.644021739130435,11.648333333333332,9.62875,11.253225806451612
USC00363526,1943,4.922916666666667,5.171666666666666,9.39388888888889,9.261290322580644
USC00363526,1944,8.732967032967034,6.644827586206896,10.652197802197803,9.919354838709678
USC00363526,1945,10.333152173913044,10.761666666666665,10.170121951219512,9.993548387096775
USC00363526,1946,10.193258426966292,7.776666666666667,12.260989010989011,12.687096774193545
USC00363526,1947,6.95054347826087,8.8,11.964835164835165,14.411290322580646
USC00363526,1948,9.387500000000001,11.199999999999998,11.374175824175824,9.148387096774192
USC00363526,1949,8.91141304347826,8.008333333333331,10.87912087912088,13.19516129032258
USC00363526,1950,6.902173913043479,5.718333333333333,10.190109890109888,11.974193548387097
USC00363526,1951,8.740555555555554,8.335,10.282222222222222,12.779032258064515
USC00363526,1952,8.382608695652175,9.665,10.206043956043956,8.14516129032258
USC00363526,1953,9.23967391304348,7.448333333333334,11.427472527472528,11.330645161290324
USC00363526,1954,8.801111111111112,11.94,11.61373626373626,12.13225806451613
USC00363526,1955,10.802173913043477,12.746666666666666,10.807692307692308,11.285483870967742
USC00363526,1956,7.6277173913043494,7.626666666666667,11.332417582417582,13.03225806451613
USC00363526,1957,9.69945054945055,10.398333333333335,10.523626373626373,9.09032258064516
USC00363526,1958,8.857692307692307,10.467241379310343,11.938461538461537,11.666129032258066
USC00363526,1959,9.697826086956521,9.436666666666666,12.340659340659338,12.782258064516132
USC00363526,1960,7.67663043478261,11.854999999999999,12.710439560439559,11.641935483870967
USC00363526,1961,8.080978260869564,6.5616666666666665,13.542307692307693,13.645161290322582
USC00363526,1962,9.942391304347828,8.953333333333331,11.156043956043955,12.2758064516129
USC00363526,1963,9.15,9.088333333333335,12.366483516483518,14.209677419354836
USC00363526,1964,10.082608695652173,10.026666666666669,11.796153846153846,10.282258064516132
USC00363526,1965,9.095652173913043,8.120000000000001,11.892857142857142,10.420967741935485
USC00363526,1966,8.423913043478262,8.101666666666668,11.03901098901099,10.756451612903227
USC00363526,1967,8.39945652173913,10.428333333333333,10.115384615384615,11.72258064516129
USC00363526,1968,9.432608695652174,10.901666666666667,12.144505494505495,12.090322580645159
USC00363526,1969,9.022282608695651,10.771666666666668,11.374175824175822,11.908064516129032
USC00363526,1970,9.59945652173913,10.42,13.179670329670333,13.553225806451612
USC00363526,1971,7.140217391304346,7.203333333333333,13.35879120879121,15.32258064516129
USC00363526,1972,8.332065217391303,7.968333333333334,10.542307692307691,9.540322580645164
USC00363526,1973,10.46141304347826,9.948333333333334,12.535714285714286,13.193548387096778
USC00363526,1974,9.578260869565218,10.51666666666667,10.543956043956046,9.920967741935483
USC00363526,1975,8.473369565217393,5.873333333333334,11.844382022471912,12.15967741935484
USC00363526,1976,9.832065217391305,9.721666666666666,9.452857142857141,6.919354838709678
USC00363526,1977,10.392934782608695,9.370000000000001,10.350000000000001,8.988333333333335
USC00363526,1978,6.789130434782609,7.435000000000001,10.56263736263736,8.98225806451613
USC00363526,1979,8.191304347826089,7.681666666666667,10.445054945054945,9.685483870967744
USC00363526,1980,7.442934782608695,7.831666666666667,9.391758241758241,8.077419354838709
USC00363526,1981,8.267391304347827,10.21,9.598351648351649,8.759677419354839
USC00363526,1982,8.307065217391306,6.355,11.075555555555555,11.446666666666667
USC00363526,1983,7.853804347826087,7.121666666666667,11.254395604395606,11.193548387096776
USC00363526,1984,5.894565217391305,8.561666666666667,10.857692307692306,13.059677419354841
USC00363526,1985,9.858695652173914,11.221666666666664,12.186263736263735,11.785483870967743
USC00363526,1986,9.459239130434783,10.275,10.795054945054945,11.346774193548388
USC00363526,1987,9.379891304347826,9.006666666666666,9.637362637362637,7.069354838709676
USC00363526,1988,8.272282608695653,7.828333333333333,9.405494505494506,7.356451612903224
USC00363526,1989,7.290217391304347,6.1,9.895604395604394,10.393548387096775
USC00363526,1990,8.701086956521738,8.895,11.2989010989011,11.203225806451616
USC00363526,1991,11.020652173913044,10.221666666666666,9.937912087912089,10.649999999999999
USC00363526,1992,7.160869565217392,7.623333333333334,8.912087912087912,7.575806451612902
USC00363526,1993,7.01141304347826,7.478333333333333,9.446703296703296,8.74516129032258
USC00363526,1994,6.740760869565217,8.811666666666667,9.809340659340661,8.733870967741936
USC00363526,1995,6.961956521739131,5.590000000000001,9.534065934065936,11.35483870967742
USC00363526,1996,6.171195652173913,7.008333333333334,8.557222222222224,9.146774193548387
USC00363542,1907,7.526923076923078,5.008333333333334,9.636813186813189,8.48225806451613
USC00363542,1908,9.77087912087912,9.224137931034482,11.43076923076923,11.711290322580643
USC00363542,1909,7.797826086956522,8.045,10.73736263736264,7.953225806451614
USC00363542,1910,9.907065217391304,10.091666666666665,10.383333333333333,12.091935483870968
USC00363542,1911,8.644021739130435,7.393333333333334,10.502747252747254,10.96774193548387
USC00363542,1912,8.461956521739129,9.926666666666668,11.756043956043959,11.441935483870969
USC00363542,1913,9.156521739130433,9.363333333333333,11.42032967032967,11.798387096774192
USC00363542,1914,8.021195652173912,7.796666666666668,11.39065934065934,13.483870967741936
USC00363542,1915,7.336413043478261,10.948333333333332,11.660439560439562,11.451612903225802
USC00363542,1916,7.030434782608695,7.441666666666666,10.895604395604396,10.538709677419355
USC00363542,1917,7.190760869565218,8.006666666666668,7.991758241758242,7.330645161290323
USC00363542,1918,10.429347826086957,8.218333333333332,10.537640449438202,12.387096774193548
USC00363542,1919,8.815217391304348,8.754999999999999,12.046703296703297,13.793548387096774
USC00363542,1920,7.861956521739131,7.051666666666666,11.492857142857142,13.393548387096775
USC00363542,1921,12.136263736263738,12.360344827586207,12.348351648351647,11.237096774193548
USC00363542,1922,10.039673913043476,10.156666666666666,12.426923076923076,12.31290322580645
USC00363542,1923,7.913690476190477,8.358333333333333,10.850549450549451,9.879032258064516
USC00363542,1924,7.2679347826086955,8.013333333333334,10.32197802197802,11.656451612903224
USC00363542,1925,8.828260869565218,10.661666666666665,9.490109890109888,6.306451612903226
USC00363542,1926,6.734239130434782,5.753333333333334,10.419230769230769,10.425806451612903
USC00363542,1927,8.448369565217392,7.828333333333334,12.493888888888886,12.703333333333331
USC00363542,1928,7.771739130434782,7.173333333333333,11.282417582417583,13.01290322580645
USC00363542,1929,10.72445652173913,10.598333333333333,10.61043956043956,10.120967741935484
USC00363542,1930,9.208152173913044,9.585,11.766483516483516,10.670967741935485
USC00363542,1931,8.696195652173914,9.126666666666667,13.787912087912089,12.867741935483872
USC00363542,1932,7.395161290322581,,11.072527472527472,11.554838709677423
USC00363542,1933,9.952717391304347,11.425000000000002,11.11098901098901,11.125806451612902
USC00363542,1934,8.95108695652174,8.551666666666666,11.73846153846154,10.698387096774194
USC00363542,1935,9.021739130434781,7.928333333333333,11.244505494505496,11.42741935483871
USC00363542,1936,9.45,6.49,11.037912087912087,11.566129032258067
USC00363542,1937,7.6309782608695675,7.988333333333332,9.64945054945055,9.738709677419356
USC00363542,1938,10.590217391304348,10.35,11.599450549450548,12.788709677419357
USC00363542,1939,9.239673913043477,7.44,11.556043956043958,12.288709677419357
USC00363542,1940,6.922826086956522,7.226666666666666,10.197777777777778,9.859677419354838
USC00363542,1941,9.401630434782609,13.000000000000004,13.397802197802198,13.580645161290322
USC00363542,1942,11.052717391304348,12.425,11.58186813186813,12.037096774193547
USC00363632,1894,10.039156626506022,9.541666666666666,12.424725274725274,12.932258064516128
USC00363632,1895,10.198360655737703,11.034375,14.30923076923077,9.494736842105263
USC00363632,1896,10.73858695652174,12.451666666666664,12.63241758241758,10.55967741935484
USC00363632,1897,10.997826086956522,11.114999999999998,13.315384615384616,13.812903225806453
USC00363632,1898,11.245652173913042,8.963333333333335,12.622674418604651,13.290322580645162
USC00363632,1899,11.03359375,11.724137931034484,13.093406593406593,13.737096774193546
USC00363632,1903,12.157065217391304,10.215000000000002,11.38626373626374,12.670967741935485
USC00363632,1904,9.454347826086957,8.298333333333334,11.318131868131868,10.541935483870969
USC00363632,1905,10.491304347826086,10.129999999999999,12.085164835164838,12.070967741935481
USC00363632,1906,9.4625,10.885,12.783888888888889,12.23
USC00363632,1907,8.82336956521739,7.758333333333334,11.123626373626372,10.014516129032257
USC00363632,1908,10.355978260869565,10.341666666666665,13.123076923076924,15.812903225806451
USC00363632,1909,9.507065217391306,9.916666666666664,12.489010989010989,11.006451612903225
USC00363632,1910,11.904444444444444,12.833928571428574,12.27912087912088,13.814516129032258
USC00363632,1911,10.25271739130435,8.09,11.673626373626371,10.938709677419352
USC00363632,1912,10.47228260869565,11.478333333333333,13.041666666666666,13.082258064516129
USC00363632,1913,10.903409090909092,11.303333333333335,13.163186813186817,13.832258064516127
USC00363632,1916,9.105434782608695,10.754999999999999,12.874175824175826,12.966129032258063
USC00363632,1917,8.728804347826088,10.036666666666667,9.930219780219781,9.220967741935484
USC00363632,1918,10.472988505747127,9.78793103448276,10.892134831460675,12.773333333333335
USC00363632,1919,9.976373626373627,9.120000000000001,12.180769230769231,13.425806451612903
USC00363632,1922,13.481147540983606,9.840000000000002,12.26703296703297,12.63709677419355
USC00363632,1923,9.296739130434784,9.361666666666668,11.198351648351647,10.816129032258067
USC00363632,1924,8.062500000000002,8.813333333333333,10.325274725274726,11.508064516129028
USC00363632,1925,8.77282608695652,10.008333333333331,10.01978021978022,7.788709677419355
USC00363632,1926,5.168115942028986,6.753333333333333,11.15824175824176,11.238709677419356
USC00363632,1927,9.140760869565218,8.295,12.814835164835163,12.830645161290324
USC00363632,1928,8.620652173913044,8.258333333333333,11.479120879120881,12.143548387096775
USC00363632,1929,10.732608695652175,10.833333333333336,11.675274725274729,10.740322580645161
USC00363632,1930,9.759782608695653,8.888333333333332,12.115384615384615,10.640322580645162
USC00363632,1931,9.702173913043477,9.628333333333332,16.408666666666665,13.879032258064516
USC00363632,1932,8.16141304347826,8.109999999999998,11.286111111111111,11.745161290322585
USC00363632,1933,9.459239130434783,9.661666666666667,11.43314606741573,12.04677419354839
USC00363632,1934,8.990449438202248,9.471666666666668,13.83961038961039,10.67258064516129
USC00363632,1935,9.899999999999999,9.16,13.18021978021978,13.082258064516129
USC00363632,1936,11.896739130434783,9.17,12.393406593406596,12.917741935483871
USC00363632,1937,9.52608695652174,8.849999999999998,11.06923076923077,10.759677419354839
USC00363632,1980,9.693888888888889,10.794999999999996,11.258241758241759,10.350000000000003
USC00363632,1981,9.869565217391303,10.873333333333335,10.187912087912089,8.885483870967743
USC00363632,1982,9.112499999999999,7.943333333333332,11.417582417582418,11.04516129032258
USC00363632,1983,8.281521739130435,7.73,10.451098901098902,9.666129032258066
USC00363632,1984,8.371195652173913,9.921666666666665,11.89065934065934,14.362903225806452
USC00363632,1985,11.686781609195402,11.848333333333333,13.196153846153848,12.600000000000001
USC00363632,1986,11.267391304347825,10.750000000000002,11.077472527472526,11.63225806451613
USC00363632,1987,11.297252747252747,10.9,10.982222222222221,9.319354838709677
USC00363632,1988,10.56195652173913,9.593333333333335,10.69120879120879,8.901612903225807
USC00363632,1989,9.558152173913044,9.468333333333334,11.956043956043956,12.36451612903226
USC00363632,1990,10.770652173913042,11.034999999999998,12.850549450549451,13.974193548387099
USC00363632,1991,12.320652173913043,11.565,12.002747252747254,12.180645161290325
USC00363632,1992,9.196195652173913,9.708333333333334,10.814835164835165,9.45
USC00363632,1993,9.828804347826088,10.241666666666667,10.892307692307693,10.00483870967742
USC00363632,1994,9.973626373626374,12.294827586206894,12.343956043956043,11.09032258064516
USC00363632,1995,10.584782608695651,9.571666666666669,11.518681318681317,13.453225806451613
USC00363632,1996,9.196739130434782,10.216666666666669,11.21153846153846,11.680645161290323
USC00363632,1997,9.535869565217391,9.796666666666665,11.227472527472527,11.837096774193547
USC00363632,1998,12.173913043478263,11.723333333333334,12.779670329670333,12.306451612903226
USC00363632,1999,10.419021739130434,10.516666666666662,12.44835164835165,10.51290322580645
USC00363632,2000,11.575000000000001,10.268333333333333,11.487222222222224,11.968333333333334
USC00363632,2001,10.171195652173914,10.810000000000002,12.557142857142855,11.988709677419356
USC00363632,2002,10.768478260869564,11.819999999999999,12.29583333333333,
USC00363632,2003,9.346195652173913,9.753333333333334,12.276923076923078,10.211290322580645
USC00363632,2004,12.501136363636363,10.983333333333333,12.600000000000001,11.335483870967742
USC00363632,2006,11.423369565217392,11.856666666666667,12.550000000000002,11.591935483870968
USC00363632,2007,10.5125,9.371666666666668,13.685164835164837,15.961290322580645
USC00363632,2008,10.428260869565218,12.083333333333334,11.974444444444446,10.866666666666667
USC00363632,2009,10.876086956521739,11.539999999999997,12.325,10.754838709677422
USC00363632,2010,12.632608695652172,12.930000000000003,12.492857142857142,11.97758620689655
USC00363632,2011,10.78932584269663,11.3,12.89340659340659,11.8
USC00363632,2012,12.802247191011235,10.313333333333333,11.986781609195404,12.511666666666667
USC00363632,2013,9.757608695652173,10.625,11.80054945054945,13.082258064516129
USC00363632,2014,8.692857142857143,9.864999999999998,11.902747252747254,12.948387096774193
USC00363632,2015,9.98586956521739,10.261666666666667,13.611538461538462,11.480645161290322
USC00363632,2016,10.735869565217392,9.779999999999998,13.532417582417583,12.888709677419355
USC00363632,2017,10.223369565217393,13.201666666666664,13.139010989010988,14.725806451612904
USC00363632,2018,9.617391304347827,7.998333333333333,12.297802197802199,12.48709677419355
USC00363632,2019,10.71086956521739,12.253333333333336,12.446153846153848,13.25
USC00363632,2020,10.192391304347826,8.671666666666665,13.056593406593406,12.64838709677419
USC00363662,1905,11.764130434782608,11.331666666666665,13.229120879120877,13.608064516129033
USC00363662,1906,10.841975308641976,12.967307692307694,12.838888888888887,12.483333333333334
USC00363662,1908,13.016847826086956,13.231666666666666,13.819101123595507,14.803225806451614
USC00363662,1909,11.365760869565218,11.808333333333334,13.698351648351645,11.69032258064516
USC00363662,1910,13.678888888888888,14.886206896551723,12.921621621621622,16.16296296296296
USC00363662,1911,11.764130434782608,9.748333333333333,12.733333333333333,13.27258064516129
USC00363662,1912,11.275543478260868,12.498333333333337,14.16388888888889,14.158064516129032
USC00363662,1913,12.432608695652174,12.193333333333332,13.510989010989011,13.838709677419352
USC00363662,1914,10.897826086956522,10.928333333333336,13.29835164835165,14.979032258064516
USC00363662,1915,10.849456521739132,14.431666666666667,13.508791208791205,14.01290322580645
USC00363662,1916,10.303804347826087,10.97,12.739560439560442,12.390322580645162
USC00363662,1917,9.90217391304348,11.293333333333333,10.46888888888889,10.101666666666667
USC00363662,1918,12.54277777777778,10.63103448275862,13.702247191011239,16.093333333333337
USC00363662,1919,11.735869565217389,10.853333333333332,14.10824175824176,15.900000000000002
USC00363662,1920,10.057142857142857,9.653333333333334,13.986263736263735,15.448387096774194
USC00363662,1921,14.337500000000002,14.783333333333335,13.992613636363638,13.058333333333332
USC00363662,1922,12.097826086956525,11.75333333333333,14.179775280898877,14.598387096774196
USC00363662,1923,10.835326086956524,10.925,12.605494505494507,12.090322580645159
USC00363662,1924,9.491304347826086,9.934999999999999,12.348351648351649,13.046774193548387
USC00363662,1925,11.317934782608695,12.363333333333333,12.533516483516483,9.998387096774195
USC00363662,1926,9.83695652173913,9.694999999999999,12.75824175824176,12.908064516129029
USC00363662,1927,10.48695652173913,9.266666666666667,14.242777777777778,14.313333333333333
USC00363662,1929,12.901630434782609,12.916666666666666,13.518681318681322,12.138709677419358
USC00363662,1930,12.113586956521738,10.91,14.62032967032967,12.848387096774196
USC00363662,1931,11.134239130434784,11.405000000000001,16.857692307692307,15.785483870967743
USC00363662,1932,10.58858695652174,10.653333333333334,13.67857142857143,13.827419354838709
USC00363662,1933,11.922826086956523,12.208333333333334,13.329120879120877,13.119354838709675
USC00363662,1934,11.256521739130436,11.471666666666666,14.006043956043955,12.643548387096772
USC00363662,1935,11.503260869565217,10.379999999999997,13.81043956043956,13.938709677419356
USC00363662,1936,12.715760869565216,10.155,13.831868131868132,14.470967741935484
USC00363662,1937,10.816304347826087,10.543333333333331,12.605494505494507,12.39516129032258
USC00363662,1938,12.571195652173913,13.085,13.804945054945058,13.89032258064516
USC00363662,1939,11.796195652173912,10.075,13.604395604395604,13.656451612903224
USC00363662,1940,9.69619565217391,8.901666666666667,12.205494505494507,11.579032258064515
USC00363662,1941,11.976630434782608,14.731666666666667,15.676923076923076,16.416129032258063
USC00363662,1942,13.432417582417582,13.878333333333336,13.134302325581398,13.333870967741936
USC00363662,1943,10.119565217391303,8.47,11.732386363636364,11.649999999999999
USC00363662,1944,11.072826086956523,9.564999999999998,12.743956043956045,11.706451612903225
USC00363662,1945,13.168478260869565,12.805,13.667032967032965,12.685483870967742
USC00363662,1946,12.817391304347824,11.153333333333332,14.542307692307691,14.87258064516129
USC00363662,1947,10.172826086956523,11.456666666666667,14.056043956043958,16.879032258064516
USC00363662,1948,11.339560439560438,11.123333333333333,13.319230769230769,11.375806451612906
USC00363662,1949,11.110869565217392,10.353333333333332,13.087912087912088,15.519354838709678
USC00363662,1950,8.99836956521739,8.828333333333335,12.434065934065934,13.5741935483871
USC00363662,1951,10.408152173913043,10.713333333333333,12.128571428571432,13.579032258064517
USC00363662,1952,10.025543478260868,11.231666666666664,11.854395604395608,10.269354838709678
USC00363662,1953,11.331521739130435,10.333333333333334,13.171428571428573,13.80967741935484
USC00363662,1954,10.502717391304348,12.824999999999998,12.539010989010988,13.94838709677419
USC00363662,1955,11.780434782608697,12.075,11.967032967032967,13.090322580645163
USC00363662,1956,8.865760869565218,9.296666666666669,11.809999999999999,12.349999999999998
USC00363662,1957,11.045108695652175,11.896666666666668,12.737362637362637,10.983870967741936
USC00363662,1958,10.083695652173914,11.723333333333333,12.852197802197802,12.148387096774192
USC00363662,1959,11.808695652173911,12.280000000000001,13.702747252747256,14.417741935483873
USC00363662,1960,9.66358695652174,14.029999999999998,13.430769230769231,12.874193548387098
USC00363662,1961,9.967391304347824,8.986666666666668,14.703296703296703,13.827419354838709
USC00363662,1962,11.39945652173913,11.921666666666663,11.858791208791207,13.619354838709675
USC00363662,1963,11.263586956521738,11.606666666666666,13.814835164835166,15.424193548387096
USC00363662,1964,11.248913043478263,9.77,13.024175824175828,11.2
USC00363662,1965,10.605434782608697,9.360000000000001,12.971428571428573,11.385483870967741
USC00363662,1966,10.082608695652175,8.684999999999999,12.184615384615386,11.548387096774196
USC00363662,1967,9.465217391304346,11.461666666666666,11.495604395604397,11.885483870967741
USC00363662,1968,11.18695652173913,12.65,13.556043956043956,13.788709677419357
USC00363662,1969,11.228260869565217,12.661666666666669,12.529670329670328,12.404838709677419
USC00363662,1970,10.632065217391304,10.889999999999999,14.428571428571429,14.490322580645161
USC00363662,1971,9.609239130434782,10.364999999999998,14.217582417582417,15.516129032258064
USC00363662,1972,10.253804347826087,9.825,11.901648351648351,10.504838709677419
USC00363662,1973,11.410869565217391,10.995,14.381868131868131,14.524193548387096
USC00363662,1974,11.497282608695652,11.928333333333331,13.023076923076921,12.101612903225806
USC00363662,1975,10.434239130434785,8.398333333333335,14.133516483516484,14.877419354838711
USC00363662,1976,11.265217391304349,12.14166666666667,10.072527472527472,9.512903225806452
USC00363662,1977,13.028260869565216,12.96,12.956043956043956,10.875806451612902
USC00363662,1978,9.943478260869565,11.508333333333335,12.113186813186815,10.883870967741938
USC00363662,1979,11.158695652173913,10.228333333333332,12.412087912087912,10.953225806451613
USC00363662,1980,10.16086956521739,11.154999999999998,11.413736263736261,9.980645161290324
USC00363662,1981,10.383152173913045,11.608333333333333,10.566483516483517,9.369354838709677
USC00363662,1982,10.566847826086958,9.53,13.58611111111111,12.82666666666667
USC00363662,1983,10.723369565217393,10.08,13.7967032967033,13.266129032258064
USC00363662,1984,9.439130434782609,10.351666666666667,13.744505494505495,16.148387096774194
USC00363662,1985,12.864673913043477,13.584999999999999,14.47032967032967,13.66451612903226
USC00363662,1986,12.052717391304347,11.698333333333332,12.242857142857144,13.177419354838706
USC00363662,1987,11.126630434782607,10.143333333333334,11.219780219780217,8.596774193548388
USC00363662,1988,10.46032608695652,9.60833333333333,11.515384615384617,10.259677419354839
USC00363662,1989,9.617391304347825,9.666666666666664,12.425274725274726,12.64193548387097
USC00363662,1990,10.563186813186814,10.401666666666666,12.593220338983055,
USC00363711,1889,10.971739130434782,10.955000000000002,11.283516483516486,10.100000000000001
USC00363711,1890,9.567391304347826,10.60833333333333,12.046703296703297,11.82258064516129
USC00363711,1891,9.590760869565216,11.583333333333334,12.464835164835165,11.359677419354837
USC00363711,1892,8.45,9.308333333333334,11.65879120879121,12.098387096774193
USC00363711,1893,8.958152173913044,9.381666666666668,11.656043956043954,12.76935483870968
USC00363711,1894,11.192391304347824,9.858333333333333,12.539560439560441,13.032258064516132
USC00363711,1895,9.709239130434783,10.338333333333335,12.489560439560439,9.81451612903226
USC00363711,1896,10.6125,12.44,12.665384615384616,10.514516129032257
USC00363711,1897,10.47554347826087,10.463333333333333,13.021428571428572,13.379032258064518
USC00363711,1898,11.3375,9.265000000000002,13.088461538461537,13.240322580645161
USC00363711,1899,10.722282608695652,11.379999999999997,12.601098901098897,13.327419354838707
USC00363711,1900,9.956521739130434,11.601666666666665,15.10879120879121,15.916129032258068
USC00363711,1901,10.167391304347825,10.058333333333335,11.80164835164835,12.646774193548385
USC00363711,1902,11.173369565217392,10.544999999999998,13.36043956043956,12.837096774193546
USC00363711,1903,12.479347826086958,10.835,12.02747252747253,13.362903225806452
USC00363711,1904,9.54945652173913,8.161666666666667,11.48846153846154,10.925806451612903
USC00363711,1905,10.93695652173913,10.663333333333332,12.4021978021978,12.9
USC00363711,1906,9.869021739130437,11.868333333333332,13.260989010989011,12.009677419354837
USC00363711,1907,9.048369565217392,7.446666666666666,11.763736263736265,10.353225806451611
USC00363711,1908,11.420652173913044,11.330000000000002,13.031868131868134,13.808064516129033
USC00363711,1909,9.979347826086956,10.009999999999998,12.600549450549451,10.451612903225808
USC00363711,1910,12.414673913043481,13.153333333333332,12.806043956043956,14.372580645161293
USC00363711,1911,10.745108695652174,9.218333333333332,12.095604395604393,12.574193548387099
USC00363711,1912,10.356521739130436,10.953333333333335,14.017582417582416,14.27258064516129
USC00363711,1913,11.802173913043477,11.921666666666669,13.381868131868131,14.049999999999999
USC00363711,1914,10.231521739130436,9.718333333333334,12.937912087912087,14.556451612903226
USC00363711,1915,10.221195652173913,13.915,13.439560439560436,13.611290322580643
USC00363711,1916,9.455978260869566,10.238333333333335,12.337362637362638,12.450000000000001
USC00363711,1917,9.487499999999999,10.731666666666667,10.508241758241759,9.848387096774195
USC00363711,1918,12.10869565217391,10.023333333333335,12.599450549450548,14.548387096774194
USC00363711,1919,11.067391304347826,10.525,13.575824175824177,14.617741935483872
USC00363711,1920,9.677717391304348,9.021666666666667,13.62142857142857,15.448387096774193
USC00363711,1921,13.319021739130434,13.828333333333335,13.585164835164836,12.68709677419355
USC00363711,1922,11.718478260869567,11.435,14.029120879120878,14.264516129032259
USC00363711,1923,10.253260869565219,10.715,12.564835164835166,12.241935483870966
USC00363711,1924,9.27608695652174,9.700000000000001,11.993406593406595,13.358064516129032
USC00363711,1925,10.802173913043479,11.840000000000002,11.813186813186816,9.053225806451612
USC00363711,1926,9.249999999999998,8.683333333333332,12.003846153846153,12.293548387096774
USC00363711,1927,10.423369565217392,9.491666666666669,13.940109890109893,14.111290322580645
USC00363711,1928,9.664130434782608,8.916666666666666,12.898351648351651,13.78064516129032
USC00363711,1929,11.860326086956523,11.888333333333332,12.499999999999998,11.348387096774198
USC00363711,1930,10.748369565217391,9.688333333333333,13.728021978021978,12.17741935483871
USC00363711,1931,10.354891304347827,10.505,15.958791208791206,14.937096774193549
USC00363711,1932,9.498369565217391,9.651666666666667,12.728021978021976,12.922580645161291
USC00363711,1933,10.938586956521737,11.245000000000001,12.27857142857143,12.088709677419356
USC00363711,1934,10.173369565217389,10.461666666666666,13.405494505494506,12.041935483870967
USC00363711,1935,10.645652173913044,9.865,13.0521978021978,12.94677419354839
USC00363711,1936,11.748913043478263,9.216666666666667,12.67802197802198,13.272580645161288
USC00363711,1937,10.130978260869567,9.828333333333331,11.878571428571426,11.550000000000002
USC00363711,1938,11.683695652173913,11.923333333333334,12.930769230769226,13.756451612903225
USC00363711,1939,10.907065217391304,9.113333333333333,12.88901098901099,12.879032258064518
USC00363711,1940,8.780434782608696,8.246666666666666,12.333516483516483,11.501612903225807
USC00363711,1941,12.455978260869566,15.453333333333335,15.417032967032968,16.06290322580645
USC00363758,1898,8.82336956521739,7.12,11.118333333333332,11.920967741935485
USC00363758,1899,7.636516853932584,7.970689655172415,9.787912087912087,11.114516129032257
USC00363758,1922,8.753804347826087,8.476666666666667,10.714835164835165,10.86451612903226
USC00363758,1923,7.445652173913044,8.433333333333332,10.002747252747254,9.240322580645161
USC00363758,1924,6.431868131868133,6.538333333333333,8.454819277108435,8.177083333333334
USC00363758,1925,8.468478260869565,9.056666666666667,8.78131868131868,6.458064516129032
USC00363758,1926,5.790760869565219,5.4350000000000005,9.323076923076924,8.645161290322582
USC00363758,1927,7.677717391304348,7.13,11.325274725274726,11.340322580645163
USC00363758,1928,6.944565217391306,6.6833333333333345,10.099450549450548,11.190322580645162
USC00363758,1929,9.151630434782609,9.143333333333333,10.025274725274725,8.714516129032258
USC00363758,1930,7.888586956521739,7.066666666666666,10.276923076923076,8.709677419354838
USC00363758,1931,8.080978260869566,8.16,12.478021978021978,10.991935483870968
USC00363758,1932,6.755978260869565,6.671666666666666,9.771978021978024,10.724193548387099
USC00363758,1933,8.594565217391304,9.206666666666667,9.010439560439561,8.88225806451613
USC00363758,1934,7.544021739130436,7.663333333333333,9.909340659340659,7.90483870967742
USC00363758,1935,6.601630434782609,6.173333333333334,9.523626373626373,9.433870967741935
USC00363758,1936,8.709239130434783,6.421666666666668,8.695054945054943,9.325806451612904
USC00363758,1937,6.077173913043477,6.1066666666666665,8.693956043956044,8.574193548387095
USC00363758,1938,8.28858695652174,8.716666666666665,9.87142857142857,10.653225806451612
USC00363758,1939,7.713043478260869,6.598333333333333,9.574725274725276,10.032258064516132
USC00363758,1940,5.552173913043478,5.188333333333334,8.44120879120879,7.551612903225807
USC00363758,1941,7.5663043478260885,11.164999999999997,11.282967032967033,11.753225806451614
USC00363758,1942,9.778804347826087,10.17,10.45934065934066,10.42741935483871
USC00363758,1943,6.747282608695653,4.635,9.024175824175824,9.579032258064515
USC00363758,1944,7.55163043478261,5.9733333333333345,9.914285714285715,9.44032258064516
USC00363758,1945,10.027173913043478,10.458333333333336,10.824444444444444,9.826666666666666
USC00363758,1946,9.320454545454545,7.435,11.825274725274724,12.329032258064515
USC00363758,1947,7.0538043478260875,7.828333333333333,10.895054945054946,13.301612903225807
USC00363758,1948,8.385555555555555,9.053571428571429,10.714285714285714,9.162903225806451
USC00363758,1949,7.936111111111111,7.708333333333335,9.858888888888888,12.048387096774194
USC00363758,1950,6.580978260869566,6.374999999999999,10.617977528089888,11.856451612903228
USC00363758,1951,8.60108695652174,8.783333333333333,9.812222222222223,11.695161290322579
USC00363758,1959,8.15,8.573333333333332,11.135714285714288,11.687096774193549
USC00363758,1960,5.811413043478261,9.828333333333331,10.446703296703298,9.683870967741935
USC00363758,1961,6.127717391304348,5.493333333333335,11.971978021978023,11.375806451612904
USC00363758,1962,7.803260869565217,7.799999999999999,8.553932584269662,10.422413793103447
USC00363758,1963,6.813586956521739,7.288333333333332,10.615,12.185483870967742
USC00363758,1964,7.375000000000001,6.416666666666667,9.403296703296704,7.769354838709677
USC00363758,1965,6.854891304347825,5.328333333333333,9.314285714285715,8.10967741935484
USC00363758,1966,5.968478260869565,5.46,9.051648351648351,8.519354838709676
USC00363758,1967,4.8875,7.098333333333334,8.27967032967033,8.943548387096772
USC00363758,1968,7.61358695652174,9.194999999999999,10.116483516483516,10.558064516129033
USC00363758,1969,6.60108695652174,8.076666666666666,9.118131868131869,8.837096774193546
USC00363758,1970,6.569565217391306,6.5633333333333335,10.589010989010989,10.554838709677417
USC00363758,1971,5.35,5.3199999999999985,10.974175824175825,12.538709677419357
USC00363758,1972,6.039673913043478,5.003333333333334,8.106593406593406,6.8983870967741945
USC00363758,1973,7.835326086956522,8.28,10.428021978021977,10.703225806451613
USC00363758,1974,6.9461956521739125,8.048333333333334,8.85879120879121,7.258064516129032
USC00363758,1975,6.394565217391304,4.1433333333333335,10.371978021978022,11.203225806451613
USC00363758,1976,7.63641304347826,8.881666666666668,7.4763736263736265,7.446774193548387
USC00363758,1977,8.27391304347826,8.078333333333333,9.873626373626372,8.441935483870967
USC00363758,1978,5.714130434782609,6.135000000000001,8.992307692307692,8.474193548387099
USC00363758,1979,8.05054347826087,7.3983333333333325,10.297252747252747,9.659677419354837
USC00363758,1980,7.272282608695653,7.983333333333333,8.585164835164836,8.266129032258064
USC00363758,1981,7.33804347826087,8.451666666666666,9.013186813186813,7.6338709677419345
USC00363758,1982,6.413043478260868,5.761666666666666,10.12912087912088,9.720967741935485
USC00363758,1983,6.876086956521739,6.138333333333335,9.907142857142857,9.517741935483869
USC00363758,1984,5.442391304347827,6.8616666666666655,9.793406593406592,11.599999999999998
USC00363758,1985,8.41304347826087,8.993333333333334,10.567032967032967,10.051612903225807
USC00363758,1988,7.411413043478262,6.968333333333332,8.618131868131869,7.033870967741937
USC00363758,1989,6.691847826086956,5.920000000000001,9.771978021978022,10.269354838709678
USC00363758,1990,8.322988505747126,8.048333333333334,10.475824175824176,11.68225806451613
USC00363758,1991,9.466304347826087,8.984999999999998,9.653846153846153,9.996774193548388
USC00363758,1992,6.343478260869565,6.218333333333334,8.51208791208791,7.340322580645163
USC00363758,1993,6.998888888888887,7.378333333333333,9.189560439560438,8.332258064516129
USC00363758,1994,4.288793103448276,7.271428571428572,10.326373626373625,9.156451612903224
USC00363758,1996,6.5826086956521745,7.691666666666666,9.053846153846154,9.254838709677419
USC00363758,1997,5.654891304347826,5.486666666666666,8.42032967032967,8.716129032258063
USC00363758,1998,8.955434782608696,7.961666666666667,9.87857142857143,9.916129032258064
USC00363758,1999,6.881521739130435,6.903333333333334,9.996703296703297,7.95967741935484
USC00363758,2000,8.326086956521738,7.011666666666667,8.51978021978022,8.850000000000001
USC00363758,2001,6.8038043478260875,7.638333333333333,10.098901098901099,9.64516129032258
USC00363758,2002,7.090760869565218,8.285,8.965934065934066,8.072580645161292
USC00363758,2003,6.155434782608695,5.796666666666666,9.776923076923078,7.74516129032258
USC00363758,2004,8.753804347826087,7.421666666666667,9.975824175824176,8.858064516129033
USC00363758,2005,5.646195652173913,8.176666666666668,10.537362637362639,9.949999999999998
USC00363758,2006,4.272131147540983,7.948333333333333,9.67912087912088,8.396774193548387
USC00363758,2007,6.647282608695652,5.651666666666667,10.791208791208792,13.282258064516132
USC00363758,2008,6.690760869565218,8.934999999999999,8.968333333333334,7.763333333333335
USC00363758,2009,7.773369565217393,8.406666666666668,9.479670329670329,7.956451612903227
USC00363758,2010,9.349456521739132,9.389999999999999,9.845604395604395,9.306451612903226
USC00363758,2011,7.833695652173913,8.203333333333335,10.942857142857145,9.983870967741938
USC00363758,2012,9.84891304347826,6.718333333333333,9.312637362637362,10.359677419354837
USC00363758,2013,6.733695652173914,7.281666666666667,8.95934065934066,10.44516129032258
USC00363758,2014,5.566847826086957,6.6466666666666665,9.281318681318682,10.466129032258063
USC00363758,2015,6.48586956521739,6.510000000000001,10.733516483516484,8.841935483870968
USC00363758,2016,7.84891304347826,6.413333333333333,10.304945054945057,9.730645161290322
USC00364019,1920,9.993023255813954,9.898333333333333,14.491208791208795,16.39032258064516
USC00364019,1921,14.06630434782609,14.651666666666667,14.067032967032967,12.896774193548387
USC00364019,1922,12.292934782608697,12.370000000000001,14.396153846153846,14.637096774193548
USC00364019,1923,9.967934782608696,10.296666666666665,12.943406593406593,12.437096774193547
USC00364019,1924,9.114673913043477,9.508333333333333,12.102808988764043,13.138709677419355
USC00364019,1925,11.326404494382023,12.013333333333332,12.17032967032967,9.791935483870967
USC00364019,1926,9.219565217391304,9.021666666666668,12.535714285714286,12.404838709677419
USC00364019,1927,10.523369565217392,9.641666666666667,14.713186813186814,14.998387096774191
USC00364019,1928,10.106043956043957,9.206896551724139,13.207142857142856,13.308064516129035
USC00364019,1929,12.535326086956527,12.966666666666667,14.544505494505492,13.179032258064517
USC00364019,1930,11.931521739130433,10.258333333333331,15.46813186813187,14.143548387096773
USC00364019,1931,11.333695652173914,11.639999999999999,18.063736263736267,17.19516129032258
USC00364019,1932,10.743478260869564,10.565000000000001,14.814835164835163,15.082258064516129
USC00364019,1933,11.487096774193551,,12.972527472527474,12.68064516129032
USC00364019,1934,10.364673913043477,10.503333333333332,13.695054945054945,12.243548387096775
USC00364019,1935,10.735326086956523,9.89166666666667,14.02307692307692,13.851612903225806
USC00364019,1936,12.139130434782611,9.978333333333332,14.07967032967033,14.708064516129035
USC00364019,1937,10.646195652173914,10.461666666666668,12.4989010989011,12.290322580645162
USC00364019,1938,11.89130434782609,11.890000000000002,13.795604395604396,14.108064516129032
USC00364019,1939,11.24021739130435,9.471666666666668,13.31923076923077,13.504838709677417
USC00364019,1940,9.13641304347826,7.936666666666667,12.471428571428573,11.549999999999999
USC00364019,1941,11.474456521739128,14.126666666666669,15.904945054945054,16.68064516129032
USC00364019,1942,12.79619565217391,13.0,14.057142857142855,14.353225806451613
USC00364019,1943,10.302173913043477,8.389999999999999,12.92252747252747,12.583870967741936
USC00364019,1944,10.99945652173913,9.753333333333334,13.986263736263735,13.325806451612902
USC00364019,1945,13.322527472527472,13.575,14.20054945054945,13.093548387096776
USC00364019,1946,12.81304347826087,11.444999999999999,15.217032967032967,15.403225806451612
USC00364019,1947,9.84782608695652,10.775,14.633516483516484,17.15
USC00364019,1949,11.650543478260868,11.260000000000002,14.235164835164834,16.754838709677422
USC00364019,1950,9.32445652173913,8.725,13.506043956043955,14.55483870967742
USC00364019,1951,11.360326086956523,11.148333333333333,13.40879120879121,15.083870967741936
USC00364019,1952,10.747282608695652,11.906666666666668,13.196153846153848,11.862903225806454
USC00364019,1953,11.940217391304348,10.930000000000001,14.103296703296701,14.92741935483871
USC00364019,1954,11.385326086956523,13.458333333333334,14.341208791208793,15.511290322580647
USC00364019,1955,12.35163043478261,12.791666666666664,13.353296703296701,14.558064516129033
USC00364019,1956,9.609782608695651,9.595,13.05989010989011,13.941935483870969
USC00364019,1957,11.707065217391307,12.21,13.615934065934068,12.287096774193548
USC00364019,1958,10.110326086956523,11.32,13.351648351648352,13.024193548387098
USC00364019,1959,11.858152173913044,12.358333333333338,14.406593406593407,15.183870967741937
USC00364019,1960,9.696739130434782,13.326666666666664,13.643406593406594,13.298387096774194
USC00364019,1961,9.678260869565216,8.778333333333332,15.2521978021978,14.520967741935483
USC00364019,1962,11.185869565217393,10.81,12.474175824175825,13.85
USC00364019,1963,10.953260869565216,11.346666666666668,14.148351648351651,15.514516129032256
USC00364019,1964,10.997282608695652,9.586666666666666,13.526923076923074,11.993548387096773
USC00364019,1965,10.520879120879123,9.360344827586207,13.469230769230773,12.417741935483871
USC00364019,1966,10.002173913043478,8.768333333333334,12.792307692307697,12.033870967741937
USC00364019,1967,12.113934426229509,10.991666666666665,11.648351648351646,12.282258064516132
USC00364019,1968,10.91358695652174,12.27166666666667,13.798901098901096,14.104838709677418
USC00364019,1969,11.140449438202246,12.3,13.207142857142856,13.324193548387097
USC00364019,1970,10.472826086956522,10.414999999999997,14.686813186813186,14.906451612903227
USC00364019,1971,9.41032608695652,9.634999999999998,14.576923076923075,16.051612903225802
USC00364019,1972,9.45217391304348,8.925,11.81593406593407,10.574193548387097
USC00364019,1974,11.478804347826086,12.196666666666667,12.833333333333336,11.923333333333334
USC00364019,1975,10.542391304347827,8.693333333333333,14.215555555555557,14.691935483870967
USC00364019,1976,12.1,13.03,11.23956043956044,10.854838709677416
USC00364019,1977,13.016847826086956,12.604999999999999,13.707142857142856,11.883870967741935
USC00364019,1978,10.008152173913045,10.636666666666665,13.77222222222222,13.063333333333336
USC00364019,1979,11.524999999999997,10.188333333333333,13.67142857142857,12.375806451612902
USC00364019,1980,11.440760869565217,12.121666666666668,13.392777777777779,12.693548387096774
USC00364019,1981,11.289130434782608,12.586666666666666,12.403296703296702,11.379032258064518
USC00364019,1982,10.971195652173913,9.584999999999999,13.467582417582417,13.225806451612906
USC00364019,1983,9.120786516853933,8.526666666666667,14.025824175824177,13.751612903225807
USC00364019,1984,9.17445652173913,10.091666666666665,12.678021978021976,14.998387096774197
USC00364019,1985,11.56902173913043,11.97,15.032417582417583,14.546774193548389
USC00364019,1986,12.029891304347828,11.341666666666665,12.252747252747254,12.956451612903225
USC00364019,1987,10.765760869565218,10.293333333333333,11.234615384615386,9.353225806451613
USC00364019,1988,9.688586956521739,9.016666666666667,10.618131868131869,8.869354838709677
USC00364019,1989,8.905434782608696,8.309999999999999,13.688461538461539,13.843548387096773
USC00364019,1990,11.502173913043482,11.518333333333333,14.340659340659341,15.16774193548387
USC00364019,1991,13.118478260869566,12.161666666666665,13.67857142857143,14.132258064516128
USC00364019,1992,9.83532608695652,10.156666666666668,11.912087912087912,10.974193548387097
USC00364019,1993,10.517032967032966,10.548333333333337,12.83666666666667,12.224193548387097
USC00364019,1994,10.530434782608696,12.946666666666669,13.287362637362639,12.208064516129033
USC00364019,1995,10.819565217391304,10.190000000000003,12.564835164835166,14.806451612903226
USC00364019,1996,9.197282608695652,10.226666666666667,11.348901098901102,11.96290322580645
USC00364019,1997,9.494021739130433,9.306666666666667,11.76208791208791,12.396774193548387
USC00364159,1894,10.589010989010989,9.068965517241379,13.07394366197183,13.317499999999999
USC00364159,1895,9.767934782608695,10.116666666666667,11.992045454545456,8.839285714285714
USC00364159,1896,10.293333333333333,12.26551724137931,12.628378378378379,10.106666666666666
USC00364159,1897,10.09277777777778,10.118333333333332,11.785057471264368,11.449999999999998
USC00364159,1898,10.802717391304348,8.208333333333334,12.402197802197804,12.543548387096775
USC00364159,1899,10.21923076923077,10.900000000000002,11.706043956043956,12.774193548387096
USC00364159,1900,8.64423076923077,10.120689655172415,13.329333333333334,14.861290322580643
USC00364159,1901,10.249137931034484,,10.273333333333332,
USC00364159,1902,10.381521739130434,9.418333333333333,13.280219780219781,12.77741935483871
USC00364159,1903,11.665934065934065,9.579310344827586,10.701648351648352,12.029032258064516
USC00364159,1904,8.79945652173913,7.224999999999999,10.904444444444444,10.461666666666668
USC00364159,1905,10.309550561797753,9.737931034482758,10.869277108433735,12.429032258064515
USC00364159,1906,8.747191011235955,10.374137931034484,11.702298850574714,11.275806451612903
USC00364159,1907,8.675543478260867,7.078333333333334,10.503296703296703,8.837096774193547
USC00364159,1908,10.502173913043478,10.291666666666666,11.832417582417582,11.516129032258062
USC00364159,1909,9.358152173913044,9.876666666666667,11.65222222222222,9.168333333333333
USC00364159,1910,11.327173913043477,11.911666666666665,11.86098901098901,13.108064516129035
USC00364159,1911,10.08532608695652,8.701666666666664,11.688461538461539,11.706451612903226
USC00364159,1912,10.115217391304348,11.381666666666666,13.085714285714285,12.625806451612902
USC00364159,1913,11.222222222222223,11.419999999999998,12.451162790697675,13.244827586206897
USC00364159,1914,9.384444444444444,9.225,12.13426966292135,14.256666666666668
USC00364159,1915,9.480555555555556,12.967241379310344,12.618131868131869,12.908064516129036
USC00364159,1916,8.998369565217391,9.816666666666665,11.35934065934066,11.456451612903226
USC00364159,1917,8.839130434782607,9.811666666666667,9.289010989010988,8.591935483870968
USC00364159,1918,11.729891304347827,9.205,11.686263736263736,13.514516129032259
USC00364159,1919,10.3875,9.865000000000002,12.65989010989011,14.401612903225805
USC00364159,1920,8.832608695652175,7.935000000000001,13.047752808988765,14.624193548387096
USC00364159,1921,12.786956521739128,13.411666666666667,12.88131868131868,11.640322580645158
USC00364159,1922,10.965217391304348,10.728333333333335,12.962777777777776,12.871666666666666
USC00364159,1923,8.627058823529413,7.628260869565218,11.293678160919539,10.399999999999999
USC00364159,1924,8.151648351648351,8.486666666666666,10.72857142857143,11.829032258064517
USC00364159,1925,9.756043956043955,11.377586206896554,10.957692307692307,8.13225806451613
USC00364159,1926,8.381521739130436,8.298333333333334,11.3021978021978,11.511290322580646
USC00364159,1927,9.945054945054943,8.683333333333334,13.174175824175826,13.283870967741935
USC00364159,1928,8.930681818181819,7.970689655172414,12.014999999999999,12.927419354838712
USC00364159,1929,11.07087912087912,11.628333333333334,11.816867469879519,10.160344827586208
USC00364159,1930,9.55271739130435,9.276666666666666,11.80852272727273,10.529032258064515
USC00364159,1931,9.307065217391303,9.538333333333332,14.36860465116279,13.356451612903227
USC00364159,1932,8.515555555555554,9.05,11.362087912087913,11.909677419354834
USC00364159,1933,10.07142857142857,10.610000000000003,10.858045977011495,10.735000000000001
USC00364159,1934,9.584239130434783,9.651666666666669,12.288068181818181,10.993333333333334
USC00364159,1935,9.53258426966292,8.719999999999999,11.591011235955058,10.768965517241378
USC00364159,1936,10.511111111111111,8.255,11.874444444444448,12.540322580645158
USC00364159,1937,8.964444444444446,8.910344827586208,10.299444444444443,10.041935483870967
USC00364159,1938,10.6021978021978,10.573333333333334,11.576666666666664,12.254838709677422
USC00364159,1939,9.799444444444445,8.268965517241378,11.12307692307692,11.293548387096775
USC00364159,1940,7.497282608695652,7.071666666666667,10.332417582417582,9.55
USC00364159,1941,9.955978260869564,13.013333333333332,12.956043956043956,13.562903225806451
USC00364159,1942,11.445108695652175,12.29,11.955,12.601666666666665
USC00364159,1943,7.950549450549451,5.88,10.344505494505494,10.693548387096776
USC00364159,1944,10.265760869565218,8.53,11.292307692307693,10.779032258064515
USC00364159,1945,12.075000000000001,12.065000000000001,11.73777777777778,10.748333333333335
USC00364159,1946,10.807065217391305,9.338333333333333,13.197252747252747,13.79032258064516
USC00364159,1947,9.201630434782608,11.039999999999997,12.63626373626374,14.983870967741934
USC00364159,1948,10.270394736842105,10.861999999999998,11.714835164835165,10.366129032258065
USC00364159,1949,9.023369565217392,8.63,11.75274725274725,13.970967741935485
USC00364159,1950,8.344021739130435,7.743333333333333,,
USC00364159,1951,9.569021739130434,9.3,10.912087912087912,12.608064516129033
USC00364159,1952,9.272826086956522,10.691666666666665,10.890659340659338,9.00967741935484
USC00364159,1953,10.29945652173913,9.215000000000002,11.84120879120879,12.366129032258065
USC00364159,1954,9.353260869565217,11.500000000000002,12.033516483516486,13.240322580645161
USC00364159,1955,10.661494252873563,11.270000000000001,11.098314606741573,12.146774193548387
USC00364159,1956,7.865217391304348,8.006666666666666,10.868333333333332,
USC00364159,1958,8.634782608695652,10.148333333333332,10.443292682926828,10.083333333333334
USC00364159,1959,9.638372093023257,10.401785714285714,12.219540229885057,12.693548387096774
USC00364159,1960,7.909239130434783,12.153333333333334,11.742307692307692,10.738709677419353
USC00364159,1961,8.156521739130433,7.093333333333333,13.013953488372096,12.153846153846152
USC00364159,1965,8.920454545454545,8.576785714285714,11.231666666666666,10.149999999999999
USC00364159,1966,8.623626373626372,7.675000000000001,10.766483516483516,9.566129032258065
USC00364159,1967,8.223333333333333,10.685714285714285,10.00934065934066,10.488709677419351
USC00364159,1968,9.761494252873563,11.359615384615385,12.193181818181818,12.85
USC00364159,2006,9.113586956521738,10.551666666666668,10.700549450549453,9.664516129032258
USC00364159,2007,8.318478260869567,7.079999999999999,11.587912087912086,13.448387096774193
USC00364159,2008,8.11195652173913,10.693333333333333,10.047777777777778,8.764516129032256
USC00364159,2009,8.834782608695651,9.3,10.264285714285714,8.708064516129031
USC00364159,2010,10.26388888888889,10.689999999999998,10.945604395604395,11.412903225806453
USC00364159,2011,10.178804347826087,10.253333333333332,11.841208791208787,10.266129032258066
USC00364190,1907,9.441847826086958,7.5566666666666675,10.694505494505496,9.009677419354837
USC00364190,1908,11.544021739130434,11.54,12.509890109890108,12.643548387096777
USC00364190,1909,6.6286885245901646,10.193333333333333,11.328571428571427,8.795161290322582
USC00364190,1910,11.495652173913042,11.841666666666669,11.865384615384613,13.63225806451613
USC00364190,1911,9.879891304347824,8.29,11.979120879120881,12.406451612903224
USC00364190,1912,10.472282608695656,11.81333333333333,12.926923076923076,12.625806451612906
USC00364190,1913,11.431666666666665,11.008333333333331,12.44230769230769,13.04677419354839
USC00364190,1914,9.6625,10.113333333333333,11.870329670329673,13.735483870967741
USC00364190,1915,9.266304347826088,12.621666666666668,12.356043956043957,12.62741935483871
USC00364190,1916,8.968478260869563,9.55,11.574175824175825,11.435483870967742
USC00364190,1917,9.844565217391304,11.216666666666665,9.353932584269664,8.635483870967741
USC00364190,1918,12.006521739130434,9.944999999999999,11.220348837209302,13.648387096774192
USC00364190,1926,8.949456521739132,8.515000000000002,12.026923076923074,12.220967741935485
USC00364190,1927,10.941304347826089,9.299999999999999,14.003296703296703,14.019354838709676
USC00364190,1928,9.5510989010989,9.158620689655173,12.2032967032967,13.345161290322583
USC00364190,1929,11.77445652173913,12.45,12.251648351648347,11.016129032258066
USC00364190,1930,11.304891304347828,11.148333333333333,12.491208791208791,10.824193548387097
USC00364190,1931,10.129347826086958,10.31,15.155494505494506,13.503225806451612
USC00364190,1932,9.665217391304349,9.711666666666666,12.033516483516483,12.354838709677422
USC00364190,1933,11.37608695652174,12.360000000000001,12.262637362637365,11.695161290322584
USC00364190,1934,10.846739130434784,11.63833333333333,13.275568181818182,12.194642857142858
USC00364190,1935,8.793442622950819,9.523333333333332,12.625,12.222580645161292
USC00364214,1947,8.034782608695652,10.801666666666666,12.535882352941176,14.16451612903226
USC00364214,1948,10.37277777777778,11.641666666666667,11.192857142857143,9.501612903225805
USC00364214,1949,8.99836956521739,8.22,10.201648351648354,12.796774193548389
USC00364214,1950,7.236956521739131,6.366666666666668,9.913186813186813,12.022580645161291
USC00364214,1951,8.857065217391305,8.631666666666666,9.903296703296704,12.129032258064518
USC00364214,1952,8.371739130434783,9.344999999999999,9.754945054945052,7.619354838709677
USC00364214,1953,9.915217391304349,8.3,11.073626373626375,11.406451612903222
USC00364214,1954,9.205434782608695,12.308333333333334,11.542857142857141,12.141935483870967
USC00364214,1955,10.78586956521739,12.308333333333332,10.971428571428572,11.588709677419352
USC00364214,1956,8.055434782608694,8.068333333333333,10.986263736263737,12.762903225806449
USC00364214,1957,9.996739130434781,11.104999999999999,10.637362637362637,9.162903225806453
USC00364214,1958,8.36032608695652,9.838333333333333,11.062637362637362,10.38548387096774
USC00364214,1959,9.763586956521738,9.968333333333335,11.641208791208793,11.861290322580647
USC00364214,1960,7.078804347826087,11.445,11.364285714285716,10.4741935483871
USC00364214,1961,7.82336956521739,6.338333333333333,12.581868131868132,12.062903225806451
USC00364214,1962,9.11304347826087,8.005,10.03131868131868,11.341935483870966
USC00364214,1963,9.116304347826087,9.084999999999999,11.41923076923077,12.74032258064516
USC00364214,1964,9.523369565217392,9.536666666666665,10.910989010989011,9.130645161290323
USC00364214,1965,9.12554347826087,8.934999999999999,11.215934065934066,9.556451612903222
USC00364214,1966,8.401630434782609,7.9366666666666665,10.03076923076923,9.254838709677419
USC00364214,1967,8.47391304347826,10.411666666666667,9.45934065934066,10.761290322580642
USC00364214,1968,9.38641304347826,11.048333333333336,11.675274725274724,11.532258064516125
USC00364214,1969,9.428260869565218,11.051666666666666,10.955494505494505,11.27258064516129
USC00364214,1970,9.308695652173913,9.978333333333332,12.969780219780217,12.979032258064517
USC00364214,1971,7.42554347826087,7.751666666666667,13.316483516483515,14.99032258064516
USC00364214,1972,8.89782608695652,8.55166666666667,10.521978021978024,9.43548387096774
USC00364214,1973,9.891304347826088,9.354999999999999,11.752197802197802,11.795161290322582
USC00364214,1974,9.598369565217393,10.181666666666665,10.03956043956044,9.203225806451613
USC00364214,1975,8.519565217391305,6.483333333333333,11.820879120879123,12.643548387096775
USC00364214,1976,10.096739130434784,9.818333333333333,7.952747252747252,8.09516129032258
USC00364214,1977,11.30271739130435,10.426666666666666,11.395604395604398,9.856451612903225
USC00364214,1978,7.907608695652174,8.488333333333335,11.374725274725277,9.78225806451613
USC00364214,1979,9.671739130434784,8.79,11.525274725274722,10.256451612903227
USC00364214,1980,8.597826086956522,8.508333333333333,10.174175824175824,8.858064516129032
USC00364214,1981,8.839130434782607,10.658333333333333,10.157777777777778,9.825
USC00364214,1982,9.546739130434782,7.663333333333333,12.056043956043956,11.753225806451614
USC00364214,1983,8.221195652173913,7.378333333333333,11.692857142857143,11.629032258064518
USC00364214,1984,7.234615384615385,9.186666666666667,11.595054945054946,14.556451612903228
USC00364214,1985,10.59076086956522,11.886666666666667,13.142307692307693,13.1258064516129
USC00364214,1986,10.193478260869565,10.821666666666665,11.596153846153847,11.693548387096774
USC00364214,1987,10.201630434782608,9.796666666666669,10.874175824175826,8.591935483870968
USC00364214,1988,9.301086956521738,8.958333333333332,10.301648351648351,7.943548387096774
USC00364214,1989,8.540760869565217,7.613333333333333,11.105494505494505,11.738709677419358
USC00364214,1990,9.5510989010989,9.92333333333333,12.025274725274725,12.411290322580642
USC00364214,1991,11.67065217391304,11.318333333333333,11.163736263736263,12.111290322580645
USC00364214,1992,8.646739130434783,9.735000000000001,10.526923076923078,8.8758064516129
USC00364214,1993,8.940217391304348,9.661666666666667,10.848351648351647,10.559677419354841
USC00364214,1994,8.746739130434781,11.381666666666668,11.297802197802197,10.480645161290322
USC00364214,1995,9.325000000000003,8.258333333333333,10.410989010989011,12.65645161290323
USC00364214,1996,8.11413043478261,8.941666666666666,10.225824175824176,11.15322580645161
USC00364214,1997,8.071195652173913,7.568333333333333,10.49065934065934,11.379032258064516
USC00364214,1998,11.332065217391307,10.575000000000001,12.115384615384615,11.290322580645162
USC00364214,1999,9.450543478260869,10.793333333333335,13.596703296703296,13.041935483870969
USC00364214,2000,12.07336956521739,10.723333333333333,12.986263736263732,14.583870967741937
USC00364214,2001,10.063043478260868,12.235000000000001,12.458791208791208,12.172580645161291
USC00364214,2002,10.089130434782609,11.248333333333337,11.449450549450548,10.561290322580644
USC00364214,2003,10.207608695652173,10.814999999999998,11.907142857142857,10.30483870967742
USC00364214,2004,11.265760869565215,9.816666666666666,12.621428571428574,11.885483870967743
USC00364214,2005,11.761475409836065,10.705,12.758988764044945,12.456896551724139
USC00364214,2006,9.763043478260869,11.308333333333334,11.208888888888888,10.490322580645161
USC00364214,2007,10.146153846153846,8.325862068965517,13.1010989010989,14.96290322580645
USC00364214,2008,8.752197802197802,11.001666666666665,10.263953488372094,10.095
USC00364214,2009,9.418478260869565,9.106666666666667,11.224175824175825,9.358064516129035
USC00364214,2010,10.283695652173915,10.608333333333333,11.002197802197802,10.49193548387097
USC00364214,2011,10.152873563218389,10.303333333333336,12.181318681318679,10.735483870967743
USC00364214,2012,11.535326086956522,8.038333333333334,10.575274725274724,11.420967741935485
USC00364214,2013,8.405978260869565,9.826666666666666,10.660344827586206,11.620967741935484
USC00364214,2014,7.873626373626373,9.211666666666666,10.448351648351649,11.812903225806451
USC00364214,2015,8.813043478260868,9.599999999999998,12.72078651685393,10.73225806451613
USC00364214,2016,9.688586956521739,8.8,12.523333333333335,12.691935483870969
USC00364214,2017,9.589673913043478,12.035000000000002,11.936666666666666,13.819354838709677
USC00364214,2018,8.2625,6.3933333333333335,11.774431818181819,11.710344827586205
USC00364214,2019,9.358695652173914,10.208333333333334,11.043956043956044,12.125806451612904
USC00364214,2020,8.779347826086957,7.3,11.474175824175823,11.01290322580645
USC00364214,2021,8.9,8.938333333333334,11.586813186813188,13.837096774193546
USC00364214,2022,8.954347826086956,7.8183333333333325,10.705494505494507,9.180645161290323
USC00364214,2023,8.733695652173912,9.898333333333335,11.030219780219781,11.81774193548387
USC00364214,2024,10.891304347826088,10.183333333333332,11.960989010989014,11.01935483870968
USC00364214,2025,10.495569620253166,12.841176470588236,10.87,10.991666666666667
USC00364219,1897,10.960869565217392,10.664285714285715,13.681868131868129,15.008064516129032
USC00364219,1903,11.892307692307693,9.17,10.29945054945055,11.546774193548387
USC00364219,1904,8.25934065934066,6.423333333333332,11.06607142857143,10.75862068965517
USC00364219,1905,9.721739130434782,8.528333333333332,10.372222222222222,10.916129032258068
USC00364219,1906,8.028021978021977,9.763333333333332,12.037777777777782,10.936666666666667
USC00364219,1907,8.51304347826087,5.9366666666666665,10.28076923076923,9.061290322580644
USC00364219,1908,10.7438202247191,10.57068965517241,12.702747252747253,13.02741935483871
USC00364219,1909,8.836538461538462,9.622916666666667,11.884090909090911,9.485000000000001
USC00364219,1910,11.34715909090909,11.237931034482758,12.216483516483517,13.764516129032256
USC00364219,1911,10.028260869565218,8.085,11.522527472527475,11.749999999999998
USC00364219,1912,9.748369565217391,10.855,12.555,12.333870967741936
USC00364219,1913,10.704347826086957,10.635,11.942857142857145,12.375806451612904
USC00364219,1914,8.963043478260868,8.983333333333333,12.093956043956046,14.240322580645165
USC00364219,1915,9.027173913043478,12.650000000000002,12.778571428571427,12.593548387096778
USC00364219,1916,8.882065217391306,9.014999999999999,11.435164835164834,11.811290322580644
USC00364219,1917,8.392391304347827,9.658333333333333,9.272527472527472,8.45
USC00364219,1918,11.786956521739132,9.836666666666668,11.624725274725277,13.983870967741936
USC00364219,1919,10.182417582417584,9.836666666666666,13.091111111111111,14.951612903225808
USC00364219,1920,9.285164835164833,8.250000000000002,12.607142857142858,14.51451612903226
USC00364219,1921,12.957065217391303,13.153333333333334,12.701098901098904,11.670967741935485
USC00364219,1922,11.372826086956522,10.934999999999999,13.04230769230769,12.79032258064516
USC00364219,1924,7.8374999999999995,8.991666666666667,10.967032967032967,12.222580645161292
USC00364219,1925,9.703260869565218,11.455,10.823626373626373,8.746774193548383
USC00364219,1942,10.655555555555555,11.044642857142858,12.02747252747253,12.627419354838711
USC00364219,1943,8.473369565217391,6.363333333333332,11.233124999999998,11.917499999999999
USC00364219,1944,10.213186813186812,8.458620689655172,11.919540229885058,11.433870967741935
USC00364219,1949,10.134782608695652,9.371666666666666,11.988461538461536,14.808064516129031
USC00364219,1950,8.325543478260869,7.470000000000001,11.31868131868132,13.530645161290325
USC00364219,1951,9.857865168539325,9.372413793103446,11.313736263736264,13.854838709677422
USC00364219,1952,9.394565217391305,10.629999999999999,11.759890109890108,9.595161290322581
USC00364276,1902,12.716949152542375,,12.794943820224718,11.591379310344827
USC00364276,1903,12.741208791208795,10.504999999999999,11.406593406593403,12.966129032258065
USC00364276,1904,9.790760869565217,7.848333333333334,12.706666666666665,12.885483870967743
USC00364276,1905,11.365760869565216,10.093333333333334,12.266853932584272,12.91896551724138
USC00364276,1906,10.36032608695652,11.476666666666667,13.735714285714284,13.20483870967742
USC00364276,1907,9.785869565217391,7.278333333333332,11.532222222222224,10.38833333333333
USC00364276,1908,11.981976744186044,10.419642857142856,13.292307692307691,13.687096774193545
USC00364276,1909,9.589673913043478,10.098333333333333,12.88465909090909,10.56607142857143
USC00364276,1910,11.884239130434782,11.701666666666664,10.754861111111113,12.245238095238093
USC00364276,1911,10.48695652173913,8.831666666666667,13.480722891566266,13.355555555555556
USC00364276,1912,10.519021739130435,11.903333333333334,13.63956043956044,13.37258064516129
USC00364276,1914,9.609782608695651,10.318333333333333,12.173684210526318,
USC00364276,1915,9.574456521739132,12.668333333333333,13.878021978021978,14.601612903225806
USC00364276,1916,9.041304347826088,9.04833333333333,12.127528089887642,12.269354838709678
USC00364276,1917,8.661956521739132,9.576666666666664,8.347802197802197,7.983870967741935
USC00364276,1918,10.605978260869565,8.853333333333333,10.33901098901099,12.608064516129033
USC00364276,1919,9.733695652173912,9.56833333333333,12.698901098901095,14.991935483870968
USC00364276,1920,8.446739130434782,7.290000000000002,12.021951219512196,14.325000000000001
USC00364276,1922,14.16065573770492,11.110000000000003,15.208904109589044,12.948387096774194
USC00364276,1923,7.67037037037037,8.313333333333333,,
USC00364276,1924,7.176630434782608,7.653333333333333,10.550641025641024,12.025925925925925
USC00364276,1925,10.054347826086957,11.741666666666667,10.52967032967033,7.683870967741934
USC00364276,1926,7.407608695652173,6.739999999999999,11.699999999999998,11.55806451612903
USC00364276,1927,9.708695652173914,8.568333333333333,12.098901098901099,11.75
USC00364276,1928,7.573369565217392,6.749999999999999,10.258333333333333,11.606666666666666
USC00364276,1929,10.085869565217392,10.26,10.612222222222222,9.674193548387096
USC00364276,1930,9.195108695652173,9.618333333333334,10.802197802197803,8.709677419354836
USC00364276,1931,8.303804347826086,8.686666666666667,13.570329670329668,11.840322580645163
USC00364276,1932,8.465730337078652,9.056666666666667,12.309550561797753,13.30161290322581
USC00364276,1933,10.307954545454546,11.384999999999998,12.154395604395607,11.906451612903227
USC00364276,1934,10.176704545454545,10.61730769230769,13.206593406593406,12.132258064516131
USC00364276,1935,9.378260869565215,7.553333333333332,12.365384615384619,12.393548387096775
USC00364276,1936,10.321739130434782,7.31,12.27967032967033,12.754838709677417
USC00364276,1938,11.5375,11.479999999999999,12.292857142857144,12.580645161290322
USC00364276,1939,10.450543478260869,8.713333333333333,12.718131868131866,13.35483870967742
USC00364276,1940,8.614673913043479,8.423333333333334,11.351098901098904,11.362903225806452
USC00364276,1941,9.772282608695651,13.116666666666667,13.791208791208792,14.606451612903225
USC00364276,1942,11.558695652173913,12.193333333333332,12.455494505494508,13.167741935483873
USC00364276,1943,8.740217391304348,6.496666666666666,10.178021978021976,9.885483870967743
USC00364276,1944,10.48695652173913,8.969999999999999,12.354395604395602,11.82258064516129
USC00364276,1945,12.500543478260875,12.865,12.730769230769228,11.593548387096773
USC00364276,1946,12.077717391304349,9.764999999999999,15.899999999999999,16.44516129032258
USC00364276,1947,8.869565217391303,11.485000000000001,12.84120879120879,15.627419354838707
USC00364276,1948,11.775543478260868,13.043333333333331,12.116483516483516,9.57741935483871
USC00364276,1949,10.50989010989011,9.326666666666666,12.32197802197802,14.875806451612902
USC00364276,1950,8.984782608695653,8.268333333333333,11.404945054945054,13.387096774193548
USC00364276,1951,10.12554347826087,9.469999999999999,11.843333333333334,14.070967741935483
USC00364276,1952,10.408333333333335,11.160000000000002,11.651685393258429,10.009677419354839
USC00364276,1953,11.136413043478258,9.163333333333334,12.989560439560437,13.270967741935484
USC00364276,1954,10.609340659340658,14.351666666666668,12.949999999999998,14.157692307692306
USC00364276,1955,12.660256410256409,14.626,12.530000000000001,12.998333333333331
USC00364276,1956,11.72542372881356,,12.653932584269663,14.598387096774196
USC00364325,1933,4.099166666666667,8.870689655172415,9.512087912087912,9.114516129032259
USC00364325,1934,7.397777777777779,6.776666666666667,11.13,9.629032258064512
USC00364325,1935,7.1326086956521735,6.526666666666667,9.985714285714286,9.898387096774192
USC00364325,1936,3.4798387096774195,3.144642857142857,10.157142857142858,10.324193548387095
USC00364325,1937,6.581521739130435,6.906666666666668,8.87111111111111,8.930645161290323
USC00364325,1938,9.103804347826086,9.185,10.613186813186813,10.93709677419355
USC00364325,1940,6.096195652173913,5.821666666666666,9.735714285714286,9.679032258064513
USC00364325,1941,7.770652173913044,11.133333333333331,11.265555555555558,12.38548387096774
USC00364325,1942,9.44438202247191,10.051724137931034,10.207142857142856,10.675806451612903
USC00364325,1943,5.881521739130435,3.9316666666666666,8.51153846153846,8.409677419354837
USC00364325,1944,7.270108695652173,5.4783333333333335,10.2510989010989,9.543548387096774
USC00364325,1945,9.526630434782609,10.008333333333333,10.862637362637363,9.52258064516129
USC00364325,1946,10.031868131868132,7.732758620689657,12.406043956043952,13.149999999999999
USC00364325,1947,6.392934782608696,8.231666666666667,11.660439560439562,14.619354838709677
USC00364325,1949,7.5157608695652165,6.6450000000000005,10.57808988764045,13.324193548387097
USC00364325,1950,5.518681318681319,5.0566666666666675,9.873333333333333,11.470967741935485
USC00364325,1951,7.217391304347826,6.295,9.394505494505495,12.148387096774194
USC00364325,1952,7.560869565217391,8.925,9.99835164835165,7.75
USC00364325,1953,7.7972222222222225,6.179999999999999,10.88131868131868,11.285483870967743
USC00364325,1954,7.265168539325842,10.305000000000001,11.175824175824175,12.441935483870967
USC00364325,1955,9.334239130434783,11.301666666666668,10.015384615384615,11.125806451612904
USC00364325,1956,6.083695652173913,6.5,10.435164835164835,12.070967741935483
USC00364325,1957,8.242391304347828,8.995,9.914835164835164,9.119354838709675
USC00364325,1958,7.249456521739131,8.843333333333332,10.887362637362637,10.532258064516132
USC00364325,1959,7.908152173913044,7.695000000000001,10.91722222222222,11.109677419354838
USC00364325,1960,5.717391304347826,9.775,10.944505494505496,9.191935483870967
USC00364325,1961,6.3233695652173925,4.928333333333332,11.745604395604394,11.730645161290322
USC00364325,1962,7.954347826086957,6.920000000000001,9.861538461538462,10.959677419354838
USC00364325,1963,7.525543478260869,8.003333333333336,11.187362637362638,13.10483870967742
USC00364325,1964,8.534782608695652,8.443333333333333,10.05054945054945,8.487096774193548
USC00364325,1965,7.278804347826088,6.016666666666667,10.096703296703298,8.579032258064515
USC00364325,1966,6.856593406593406,6.758333333333335,9.19065934065934,8.761290322580646
USC00364325,1967,6.481521739130436,8.835,8.523626373626373,9.653225806451614
USC00364325,1968,7.622527472527472,9.74310344827586,10.893956043956043,11.030645161290321
USC00364325,1969,7.3538461538461535,9.063793103448276,9.860989010989012,9.893548387096772
USC00364325,1970,7.986413043478261,8.793333333333333,11.691758241758242,12.061290322580646
USC00364325,1971,5.3652173913043475,5.2766666666666655,12.061538461538463,13.904838709677417
USC00364325,1972,6.997826086956523,6.66,9.320879120879122,8.098387096774193
USC00364325,1973,8.920652173913043,8.755,11.186516853932583,11.955172413793104
USC00364325,1974,7.246195652173912,7.7266666666666675,9.034065934065934,7.945161290322582
USC00364325,1975,6.334444444444444,3.5714285714285716,10.646666666666667,10.975
USC00364325,1976,8.297282608695653,8.111666666666666,7.04230769230769,7.45483870967742
USC00364325,1977,9.501086956521743,8.485,10.715934065934066,9.282258064516126
USC00364325,1978,5.772282608695652,6.450000000000001,10.397252747252749,8.751612903225805
USC00364325,1979,7.734239130434782,6.74,10.709444444444445,9.949999999999998
USC00364325,1980,7.202747252747253,7.46,9.777272727272727,8.6625
USC00364325,1981,7.817934782608695,9.536666666666667,9.715168539325843,9.01551724137931
USC00364325,1982,7.6451086956521745,5.625,11.21,11.07258064516129
USC00364325,1983,7.508152173913045,6.929999999999999,11.143406593406594,11.075806451612904
USC00364325,1984,5.427717391304348,7.866666666666666,10.936516853932584,12.79032258064516
USC00364325,1985,9.407142857142857,10.493333333333334,12.023863636363636,11.331666666666667
USC00364325,1986,9.286813186813188,9.671666666666669,11.125842696629213,11.3758064516129
USC00364325,1987,9.074456521739132,8.881666666666668,10.163218390804598,7.561290322580645
USC00364325,1988,7.926923076923076,7.390000000000001,9.437362637362638,7.333870967741937
USC00364325,1989,7.136263736263736,5.805172413793104,9.953296703296703,10.470967741935487
USC00364325,1990,8.515217391304349,8.719999999999999,11.188333333333334,10.845161290322581
USC00364325,1991,10.995555555555557,10.093333333333334,10.442857142857143,11.469354838709679
USC00364325,1992,7.3489130434782615,7.595,9.645000000000001,8.416666666666666
USC00364325,1993,7.177173913043479,7.970000000000001,9.71923076923077,9.379032258064516
USC00364325,1994,6.6,8.75,10.835714285714287,9.95
USC00364325,1996,6.29945652173913,7.628333333333334,9.57142857142857,10.561290322580646
USC00364325,1997,6.46032608695652,5.8083333333333345,9.548351648351646,10.266129032258064
USC00364325,1998,9.560326086956522,8.81,11.319780219780219,10.912903225806453
USC00364325,1999,8.129891304347826,9.588333333333335,11.087362637362636,9.567741935483868
USC00364325,2000,9.121195652173913,7.868333333333335,10.034615384615384,10.951612903225806
USC00364325,2001,7.9625,9.176666666666668,11.195054945054943,10.783870967741937
USC00364325,2002,7.279347826086956,8.738333333333333,10.375274725274725,9.14032258064516
USC00364325,2003,7.990760869565214,8.463333333333333,10.47111111111111,8.713333333333333
USC00364325,2004,8.867934782608696,7.466666666666668,11.181111111111111,10.624193548387098
USC00364325,2005,6.423913043478261,9.056666666666667,11.478571428571431,11.177419354838712
USC00364325,2006,8.1625,9.713333333333335,9.842134831460674,8.566129032258065
USC00364325,2007,7.9653846153846155,6.543103448275863,11.630769230769232,14.035483870967745
USC00364325,2008,6.847282608695653,10.083333333333336,9.662087912087912,8.61935483870968
USC00364325,2009,8.278804347826087,8.376666666666667,10.692307692307692,8.472580645161292
USC00364325,2010,9.802747252747253,10.116666666666667,10.387222222222222,10.26
USC00364325,2011,8.225,8.821666666666667,11.60659340659341,10.046774193548385
USC00364325,2012,10.739673913043477,7.159999999999999,9.685164835164834,10.550000000000002
USC00364325,2013,7.580978260869564,8.315000000000001,9.82967032967033,11.314516129032258
USC00364325,2014,6.445108695652174,8.091666666666665,9.414285714285713,11.191935483870969
USC00364325,2015,7.425543478260869,8.486666666666666,12.29010989010989,10.12258064516129
USC00364325,2016,8.714673913043477,7.665,12.202747252747253,12.101612903225808
USC00364325,2017,9.057065217391303,12.391666666666667,11.558791208791208,13.249999999999996
USC00364325,2018,7.502173913043479,4.820000000000001,10.47912087912088,10.443548387096776
USC00364325,2019,7.88858695652174,8.564999999999998,10.664285714285715,11.917741935483871
USC00364325,2020,9.98360655737705,6.543333333333335,11.063186813186812,10.274193548387094
USC00364325,2021,8.8125,8.74,11.582967032967035,14.111290322580645
USC00364325,2022,8.564673913043478,7.4399999999999995,10.384065934065935,9.461290322580645
USC00364325,2023,8.023913043478261,9.475,11.02967032967033,12.130645161290325
USC00364325,2024,10.402173913043478,9.903333333333332,12.31043956043956,11.130645161290323
USC00364325,2025,9.039130434782608,8.563333333333334,11.032417582417581,12.003225806451612
USC00364385,1894,11.822619047619048,9.883333333333335,12.713529411764707,12.354838709677418
USC00364385,1897,9.71141304347826,9.696666666666665,12.354395604395602,13.038709677419357
USC00364385,1898,10.716847826086957,7.641666666666667,12.224175824175825,12.374193548387098
USC00364385,1899,11.40111111111111,11.808333333333334,12.502197802197802,13.70967741935484
USC00364385,1900,9.270652173913042,10.120000000000001,14.346153846153847,15.480645161290324
USC00364385,1901,9.593103448275864,9.180357142857144,10.857222222222221,12.180645161290323
USC00364385,1902,10.927717391304347,9.343333333333334,13.595604395604395,12.982258064516131
USC00364385,1903,12.544565217391305,10.811666666666667,11.360000000000001,12.68709677419355
USC00364385,1904,9.78131868131868,8.018333333333333,11.95111111111111,11.76666666666667
USC00364385,1906,9.421195652173912,10.803333333333333,12.728571428571431,11.756451612903223
USC00364385,1907,9.059890109890112,6.188333333333333,11.02752808988764,9.818965517241377
USC00364385,1908,11.181521739130435,10.51,12.280219780219781,12.138709677419355
USC00364385,1911,10.256521739130436,8.639999999999999,12.146153846153846,12.493548387096775
USC00364385,1912,10.330555555555554,11.50862068965517,13.26923076923077,12.89193548387097
USC00364385,1913,10.895108695652175,10.558333333333334,12.20164835164835,12.575806451612902
USC00364385,1914,9.312500000000002,9.17666666666667,12.197802197802197,14.13709677419355
USC00364385,1915,9.454347826086956,13.033333333333335,12.734615384615383,12.788709677419357
USC00364385,1916,8.994565217391303,9.216666666666667,11.292857142857144,11.264516129032259
USC00364385,1917,8.487499999999999,9.42,9.33131868131868,8.337096774193547
USC00364385,1918,11.696739130434782,9.436666666666667,11.598351648351649,13.77258064516129
USC00364385,1919,10.28804347826087,9.881666666666668,13.065934065934064,14.832258064516127
USC00364385,1920,9.242391304347825,8.21,12.767032967032966,14.306451612903228
USC00364385,1921,12.929347826086957,13.265000000000004,13.058241758241758,11.71774193548387
USC00364385,1922,11.29565217391304,11.175,13.297802197802197,12.929032258064515
USC00364385,1923,9.55054347826087,9.466666666666665,11.76153846153846,10.637096774193548
USC00364385,1924,8.195108695652173,8.821666666666665,10.956818181818182,12.484482758620691
USC00364385,1925,10.422471910112359,12.236206896551723,10.868681318681318,7.848387096774193
USC00364385,1926,8.4125,8.018333333333334,11.764835164835164,11.872580645161289
USC00364385,1927,10.516304347826088,9.020000000000001,13.49835164835165,13.475806451612904
USC00364385,1928,9.02142857142857,8.215,12.086813186813188,13.466129032258063
USC00364385,1930,10.416304347826088,10.358333333333333,12.220879120879122,10.65322580645161
USC00364385,1931,9.27717391304348,9.465,14.764285714285716,13.172580645161291
USC00364385,1932,9.067934782608695,9.485000000000001,11.766483516483518,11.890322580645162
USC00364385,1933,10.457608695652175,11.286666666666665,10.283552631578948,11.785483870967745
USC00364385,1934,10.178804347826087,10.081666666666669,13.209340659340661,12.080645161290322
USC00364385,1935,10.302717391304348,9.055,12.541208791208792,12.627419354838711
USC00364385,1937,9.134239130434782,9.373333333333333,11.189010989010987,10.58548387096774
USC00364385,1938,11.591847826086957,11.340000000000002,12.757692307692306,13.422580645161291
USC00364385,1939,10.63641304347826,8.803333333333335,13.023626373626369,13.129032258064518
USC00364385,1940,7.619021739130434,7.48,9.539010989010988,9.495161290322583
USC00364385,1941,8.809444444444447,12.058620689655172,12.692307692307692,13.430645161290322
USC00364385,1942,10.631521739130434,11.361666666666668,11.496153846153847,12.196774193548386
USC00364385,1943,8.385326086956521,6.176666666666667,9.409890109890112,9.356451612903227
USC00364385,1944,9.41304347826087,7.826666666666667,10.904945054945054,10.651612903225802
USC00364385,1945,11.928804347826086,12.17,12.609340659340658,11.595161290322583
USC00364385,1946,11.685869565217388,9.801666666666668,13.563186813186814,14.072580645161292
USC00364385,1947,9.069021739130434,11.341666666666665,13.205494505494507,15.504838709677419
USC00364385,1948,11.214835164835165,11.675862068965515,12.643406593406594,11.024193548387094
USC00364385,1949,10.527173913043478,10.12,12.73076923076923,15.23225806451613
USC00364385,1950,8.297826086956523,7.463333333333333,12.098351648351647,14.133870967741935
USC00364385,1951,10.165760869565217,9.70166666666667,11.568681318681321,13.95
USC00364385,1952,10.125543478260868,11.168333333333333,11.63901098901099,10.333870967741936
USC00364385,1953,10.55163043478261,8.551666666666666,13.153846153846157,13.959677419354838
USC00364385,1954,10.642391304347827,13.225,12.665384615384616,13.838709677419354
USC00364385,1955,11.855978260869565,13.133333333333333,11.529670329670333,12.570967741935483
USC00364385,1956,8.821739130434784,9.038333333333334,11.02087912087912,12.44032258064516
USC00364385,1957,8.725,9.401666666666667,10.947802197802199,9.19516129032258
USC00364385,1958,9.382065217391304,11.109999999999998,12.37692307692308,12.201612903225806
USC00364385,1959,10.7125,10.903333333333334,12.225,12.63225806451613
USC00364385,1960,7.944444444444445,12.260714285714286,12.619444444444444,11.662903225806451
USC00364385,1961,7.928804347826087,6.183333333333333,12.090659340659341,10.635483870967743
USC00364385,1962,9.976630434782608,9.383333333333333,11.045054945054945,12.479032258064516
USC00364385,1963,9.716847826086957,9.906666666666666,12.503846153846153,14.183870967741935
USC00364385,1964,10.616304347826087,10.065000000000001,11.859890109890113,10.029032258064515
USC00364385,1965,10.357065217391305,9.905000000000001,12.32857142857143,10.561290322580643
USC00364385,1966,9.247252747252746,8.006666666666668,10.875274725274725,10.093548387096773
USC00364385,1967,9.559239130434785,11.871666666666668,10.456593406593404,11.229032258064517
USC00364385,1968,10.677717391304347,12.339999999999998,12.354945054945057,12.267741935483869
USC00364385,1969,10.032065217391304,11.57666666666667,11.30164835164835,10.904838709677417
USC00364385,1970,9.795108695652173,10.895000000000001,13.60274725274725,13.60967741935484
USC00364385,1971,8.717934782608696,9.381666666666666,14.09767441860465,14.817741935483872
USC00364385,1972,9.86413043478261,9.778333333333334,10.259444444444444,8.706451612903225
USC00364385,1973,10.891304347826088,10.018333333333334,13.378571428571432,13.883870967741936
USC00364385,1974,9.674999999999999,10.283333333333333,11.336666666666668,10.36774193548387
USC00364385,1975,9.646111111111113,7.510714285714287,13.178333333333333,14.061666666666664
USC00364385,1976,10.891758241758241,11.683333333333332,9.464606741573032,8.59032258064516
USC00364385,1977,12.658064516129034,,11.800555555555555,9.94032258064516
USC00364385,1978,9.820731707317073,10.06521739130435,12.580113636363638,10.088333333333335
USC00364385,1980,8.686206896551724,9.458620689655174,10.182738095238095,8.968333333333334
USC00364385,1981,9.676470588235295,11.113043478260867,10.828409090909092,9.876666666666667
USC00364385,1982,10.130434782608694,8.898333333333335,12.08076923076923,11.37903225806452
USC00364385,1983,8.383152173913043,8.078333333333335,12.125824175824176,12.141935483870968
USC00364385,1984,8.842934782608696,10.594999999999999,12.493956043956045,15.491935483870966
USC00364385,1985,12.07445652173913,13.146666666666668,14.004395604395606,13.496774193548388
USC00364385,1986,11.714130434782613,11.866666666666667,12.767032967032966,12.669354838709678
USC00364385,1987,12.348369565217391,12.143333333333333,11.868131868131865,9.800000000000002
USC00364385,1988,10.917934782608697,10.34,11.617582417582415,9.522580645161291
USC00364385,1989,10.105434782608695,9.626666666666667,12.33956043956044,12.964516129032257
USC00364385,1990,10.152173913043478,11.025000000000002,12.991758241758241,13.388709677419355
USC00364385,1991,12.716304347826085,12.063333333333334,12.375824175824176,13.10483870967742
USC00364385,1992,10.302173913043477,11.580000000000002,14.133606557377052,10.653225806451612
USC00364432,1941,5.888888888888889,9.570689655172414,9.299444444444445,9.996774193548386
USC00364432,1942,7.633516483516483,8.538333333333332,8.132022471910112,9.098387096774195
USC00364432,1944,5.916847826086957,3.866666666666667,7.936813186813188,6.817741935483871
USC00364432,1945,7.663043478260871,8.063333333333333,8.239560439560437,7.275806451612904
USC00364432,1946,7.108695652173912,4.781666666666667,9.44065934065934,10.01774193548387
USC00364432,1947,4.270652173913044,6.0600000000000005,8.90879120879121,11.345161290322581
USC00364432,1949,6.077173913043478,5.730000000000001,7.704444444444443,9.991935483870968
USC00364432,1950,3.8353260869565213,2.893333333333333,7.892222222222221,9.62741935483871
USC00364432,1951,6.477173913043478,6.211666666666667,6.771839080459769,8.9
USC00364432,1952,5.046739130434783,7.011666666666668,7.261538461538461,4.904838709677419
USC00364432,1953,6.414130434782609,4.79,8.424175824175823,8.846774193548388
USC00364432,1954,5.766847826086957,8.37,9.157142857142858,10.370967741935486
USC00364432,1955,7.43695652173913,8.866666666666667,7.769230769230769,8.964516129032255
USC00364432,1956,4.183152173913043,4.416666666666667,8.04945054945055,9.027419354838708
USC00364432,1957,6.614130434782608,7.4,7.416483516483516,6.52258064516129
USC00364432,1958,5.291304347826087,6.643333333333333,8.112087912087913,7.683870967741935
USC00364432,1959,6.1375,6.576666666666667,8.73241758241758,9.10967741935484
USC00364432,1960,3.9038043478260867,7.968333333333333,8.436813186813188,6.933870967741936
USC00364432,1961,4.774456521739131,4.071666666666667,9.414835164835164,9.053225806451612
USC00364432,1962,6.239444444444444,5.55,6.016666666666667,8.412903225806454
USC00364432,1963,5.755978260869565,5.971666666666665,8.64388888888889,10.32333333333333
USC00364432,1964,9.753333333333332,6.612068965517241,8.182022471910113,6.591379310344827
USC00364432,1965,5.253260869565217,3.958333333333334,8.508241758241759,7.464516129032258
USC00364432,1966,5.106043956043956,4.905,7.226923076923077,6.379032258064515
USC00364432,1967,4.705978260869566,6.896666666666667,6.809444444444445,8.101612903225806
USC00364432,1968,6.257608695652174,7.785,8.802747252747253,8.846774193548386
USC00364432,1970,5.817934782608697,6.405000000000001,10.164285714285715,10.287096774193552
USC00364432,1971,3.975,4.36,10.303296703296702,11.612903225806454
USC00364432,1972,4.719021739130435,4.1049999999999995,7.08901098901099,6.061290322580645
USC00364432,1973,6.893478260869567,6.938333333333332,9.293956043956046,9.522580645161293
USC00364432,1974,5.534782608695652,6.068333333333333,7.07032967032967,5.927419354838709
USC00364432,1975,4.863586956521738,2.5349999999999997,8.647802197802196,9.238709677419356
USC00364432,1976,6.650568181818182,6.781666666666665,5.428571428571429,5.541935483870967
USC00364432,1977,7.470108695652174,6.788333333333333,8.68021978021978,6.9951612903225815
USC00364432,1978,4.4994565217391305,5.0216666666666665,7.908791208791209,6.575806451612903
USC00364432,1979,6.149456521739133,5.406666666666666,8.501098901098901,7.969354838709678
USC00364432,1980,5.26304347826087,5.916666666666667,6.991208791208793,6.2290322580645165
USC00364432,1981,5.891208791208792,7.72,7.246153846153846,6.487096774193549
USC00364432,1982,5.569565217391304,3.8250000000000006,8.986813186813187,8.767741935483869
USC00364432,1983,5.663586956521739,4.981666666666667,8.772527472527475,8.679032258064515
USC00364432,1984,3.657608695652174,5.9316666666666675,8.42857142857143,11.032258064516132
USC00364432,1985,7.165760869565218,8.325,9.538461538461537,8.667741935483871
USC00364432,1986,6.94891304347826,7.323333333333333,8.169101123595505,8.80483870967742
USC00364432,1987,6.945652173913044,7.453333333333333,7.47087912087912,5.537096774193549
USC00364432,1988,5.628260869565218,5.5133333333333345,7.313186813186813,5.864516129032259
USC00364432,1989,4.584782608695653,3.6083333333333334,7.782967032967033,8.290322580645162
USC00364432,1990,5.866847826086956,7.171666666666668,9.027472527472526,9.345161290322583
USC00364432,1991,8.013586956521738,7.601666666666668,7.7423076923076914,8.92741935483871
USC00364432,1992,4.7375,5.571666666666666,7.247252747252747,5.811290322580645
USC00364432,1993,5.0201086956521745,6.236666666666666,7.646153846153846,6.879032258064516
USC00364432,1994,4.36195652173913,6.65,8.004395604395603,7.0919354838709685
USC00364432,1995,5.091304347826087,3.921666666666667,7.42967032967033,9.69516129032258
USC00364432,1996,4.126630434782608,5.038333333333333,6.5527472527472534,7.658064516129032
USC00364432,1997,3.720652173913043,3.445,6.812637362637363,7.246774193548387
USC00364432,1998,7.42282608695652,6.658333333333332,8.506593406593407,8.451612903225806
USC00364432,1999,4.886413043478261,5.756666666666665,8.01978021978022,6.55
USC00364432,2000,6.558152173913043,5.125000000000001,7.079120879120878,8.111290322580645
USC00364432,2001,4.83641304347826,6.361666666666666,8.179670329670332,7.60483870967742
USC00364432,2002,4.3940217391304355,5.746666666666668,6.804945054945054,5.898387096774194
USC00364432,2003,4.186413043478261,4.683333333333334,6.214285714285713,4.445161290322581
USC00364432,2004,5.119021739130434,3.881666666666667,6.639560439560442,5.3758064516129025
USC00364432,2005,4.2146739130434785,6.940000000000001,9.49945054945055,9.120967741935482
USC00364432,2006,5.67445652173913,7.1816666666666675,8.108241758241755,6.577419354838709
USC00364432,2007,5.697826086956522,4.131666666666666,9.88956043956044,11.946774193548388
USC00364432,2008,5.153804347826087,7.9766666666666675,7.6791208791208785,6.870967741935484
USC00364432,2009,6.447282608695654,6.278333333333333,8.434065934065933,6.77741935483871
USC00364432,2010,7.97445652173913,8.218333333333335,8.35989010989011,8.020967741935483
USC00364432,2011,6.4010869565217385,6.503333333333333,9.778021978021979,7.959677419354839
USC00364432,2012,9.138586956521738,5.44,8.260439560439563,9.280645161290321
USC00364432,2013,5.486956521739131,6.348333333333334,7.943406593406594,9.314516129032262
USC00364432,2014,4.715760869565218,6.418333333333334,7.825274725274727,9.091935483870968
USC00364432,2015,5.4554347826086955,5.88,9.877472527472527,8.080645161290322
USC00364432,2016,6.7032608695652165,5.126666666666668,9.794505494505493,9.712903225806448
USC00364432,2017,6.661956521739129,9.293333333333333,9.171978021978022,11.04032258064516
USC00364432,2018,5.441847826086956,3.26,8.745054945054946,8.845161290322583
USC00364432,2019,5.704347826086957,6.6499999999999995,7.815384615384614,9.480645161290319
USC00364432,2020,5.673913043478261,4.281666666666666,9.586813186813185,9.31451612903226
USC00364432,2021,6.746195652173914,7.17,10.343975903614457,11.886206896551723
USC00364432,2022,6.976630434782607,6.073333333333333,7.513636363636363,8.148387096774194
USC00364432,2023,6.655978260869565,8.56,9.643406593406594,10.682258064516128
USC00364432,2024,8.815760869565217,8.201666666666666,10.451098901098902,9.575806451612902
USC00364481,1952,8.813483146067416,10.076666666666663,10.163068181818181,8.485714285714286
USC00364481,1953,10.034065934065934,8.834999999999999,11.662087912087914,12.44032258064516
USC00364481,1955,11.033695652173913,12.131666666666666,10.495604395604394,11.541935483870967
USC00364481,1956,8.207608695652175,7.889999999999999,9.885227272727274,11.475862068965517
USC00364481,1957,9.896195652173915,11.085,10.878021978021978,9.503225806451612
USC00364481,1958,8.865217391304348,10.305,11.585714285714287,10.85967741935484
USC00364481,1959,10.184782608695654,10.528333333333336,11.676373626373627,12.324193548387095
USC00364481,1960,7.725543478260869,11.971666666666666,11.49835164835165,10.662903225806453
USC00364481,1961,8.091847826086957,6.904999999999999,12.690109890109888,12.356451612903225
USC00364481,1962,9.538043478260871,8.956666666666669,10.187362637362638,11.956451612903225
USC00364481,1963,9.646195652173912,9.906666666666666,12.307692307692308,13.804838709677417
USC00364481,1964,9.8989010989011,8.879999999999999,11.157142857142857,9.551612903225806
USC00364481,1965,9.334782608695653,8.754999999999999,11.431868131868129,9.656451612903224
USC00364481,1966,,,,
USC00364481,1974,10.86032608695652,11.676666666666664,11.09470588235294,10.542
USC00364481,1976,11.609782608695651,12.303333333333333,9.607303370786516,9.040322580645162
USC00364481,1977,12.62611111111111,12.401666666666669,12.01022727272727,10.225000000000003
USC00364481,1978,9.25,10.125,12.36813186813187,10.708064516129031
USC00364481,1979,10.61098901098901,10.018333333333334,12.679213483146066,11.469354838709679
USC00364481,1980,10.156470588235296,9.931034482758621,11.621022727272726,10.144642857142857
USC00364481,1982,9.938888888888888,8.131666666666666,12.046666666666667,12.12258064516129
USC00364481,1983,9.367222222222221,8.955,12.31703296703297,12.340322580645163
USC00364481,1984,6.042307692307692,8.861666666666668,9.00392156862745,16.34047619047619
USC00364481,1985,10.814673913043476,12.15,12.520879120879119,12.174193548387096
USC00364481,1986,10.38804347826087,10.63,10.958791208791208,11.411290322580644
USC00364481,1989,12.205737704918032,9.435,11.858791208791212,12.37741935483871
USC00364481,1990,10.904945054945054,11.628333333333334,12.98314606741573,13.25806451612903
USC00364533,1894,11.023863636363636,9.67,12.688202247191011,12.899999999999997
USC00364533,1895,9.928260869565218,10.081666666666669,12.917582417582414,9.854838709677418
USC00364533,1896,10.677717391304348,11.891666666666667,13.026373626373625,10.919354838709676
USC00364533,1897,10.791847826086956,10.56,13.289444444444444,13.416666666666664
USC00364533,1898,11.180978260869564,8.83,13.492222222222221,13.662903225806451
USC00364533,1899,10.661538461538461,10.715,13.150549450549452,13.975806451612906
USC00364533,1900,9.882608695652175,10.998333333333333,15.576923076923077,16.246774193548386
USC00364533,1901,9.916853932584269,9.888333333333332,11.953296703296703,12.869354838709679
USC00364533,1903,12.118888888888886,10.67857142857143,12.265934065934069,13.212903225806452
USC00364533,1904,9.703804347826088,8.73,11.202197802197803,10.780645161290325
USC00364533,1907,9.126086956521739,7.881666666666667,11.763636363636365,
USC00364533,1908,11.587500000000002,11.453333333333335,12.696703296703296,13.94838709677419
USC00364533,1909,10.264130434782608,10.761666666666667,12.16868131868132,10.438709677419356
USC00364533,1910,12.196739130434782,12.981666666666666,12.509890109890112,13.669354838709678
USC00364533,1911,10.616847826086957,8.958333333333334,12.265934065934067,12.396774193548385
USC00364533,1912,10.452717391304347,11.101666666666667,13.630219780219779,14.077419354838707
USC00364533,1913,11.717934782608696,11.419999999999998,13.339010989010989,14.133870967741936
USC00364533,1914,10.091304347826087,10.025,12.558823529411763,14.437096774193549
USC00364533,1915,8.641129032258064,,13.397802197802198,13.76290322580645
USC00364533,1916,9.416304347826086,10.136666666666665,12.733516483516482,12.874193548387098
USC00364533,1919,11.298369565217392,10.303333333333333,13.689010989010987,15.624193548387098
USC00364533,1920,9.493548387096771,,13.224725274725275,14.937096774193547
USC00364533,1921,13.123076923076924,13.843333333333332,13.042696629213482,12.356451612903225
USC00364758,1894,11.13532608695652,9.535,12.867441860465116,12.954838709677416
USC00364758,1896,10.739673913043479,11.828333333333335,14.487912087912086,11.658064516129029
USC00364758,1912,10.510112359550561,11.505172413793103,13.125824175824176,13.608064516129032
USC00364758,1913,11.234782608695651,11.180000000000001,12.484615384615383,13.335483870967744
USC00364758,1914,9.297282608695651,9.776666666666666,12.286263736263733,14.224193548387097
USC00364758,1915,9.840760869565218,12.978333333333332,13.270114942528735,13.483333333333336
USC00364758,1916,9.311538461538461,10.04655172413793,11.696153846153845,11.438709677419357
USC00364758,1917,9.47111111111111,10.885714285714286,10.303296703296702,10.027419354838708
USC00364758,1918,11.959239130434783,10.381666666666668,13.013186813186813,13.81774193548387
USC00364758,1919,11.622282608695652,10.365000000000002,14.325824175824179,15.159677419354837
USC00364758,1920,9.47840909090909,9.878333333333332,13.189743589743593,15.27241379310345
USC00364758,1921,13.828260869565215,14.148333333333333,13.042307692307693,11.587096774193547
USC00364758,1922,11.253260869565217,10.795,12.933707865168541,12.861290322580645
USC00364758,1923,10.244565217391306,10.551666666666666,12.450555555555555,11.89166666666667
USC00364758,1925,11.08695652173913,12.08666666666667,12.049999999999999,9.62741935483871
USC00364758,1926,8.29782608695652,8.045,12.982967032967034,12.685483870967744
USC00364758,1927,10.711413043478261,9.740000000000002,13.143406593406594,13.012903225806452
USC00364758,1928,9.15326086956522,7.958333333333333,12.369230769230771,13.006451612903227
USC00364758,1929,11.366483516483516,11.406896551724138,12.113186813186813,10.774193548387098
USC00364758,1930,10.36032608695652,9.09,12.491208791208791,10.814516129032262
USC00364758,1931,8.922282608695653,9.026666666666669,13.397252747252745,11.45806451612903
USC00364758,1932,8.583152173913044,8.188333333333334,10.725824175824176,11.130645161290323
USC00364758,1933,9.884239130434782,10.21166666666667,10.463736263736264,9.803225806451614
USC00364758,1934,10.742934782608696,10.758333333333333,12.246111111111112,10.84032258064516
USC00364758,1935,10.259239130434782,9.341666666666669,12.119780219780221,11.038709677419355
USC00364758,1936,11.555978260869566,9.030000000000001,12.726111111111114,13.387096774193548
USC00364758,1937,10.38967391304348,10.583333333333332,11.415384615384616,11.291935483870969
USC00364758,1938,11.426630434782611,11.958333333333336,12.441758241758242,12.477419354838712
USC00364758,1939,10.81195652173913,9.293333333333335,12.178571428571429,12.191935483870969
USC00364758,1940,9.007608695652175,8.423333333333334,11.265384615384617,10.12741935483871
USC00364758,1941,10.927717391304347,13.676666666666666,14.114835164835164,15.322580645161292
USC00364758,1942,12.8478021978022,13.15,12.990109890109892,12.946774193548388
USC00364758,1943,10.583695652173915,8.808333333333334,11.594505494505496,11.162903225806454
USC00364758,1944,11.119565217391305,9.85,12.23516483516483,11.388709677419355
USC00364758,1945,12.832065217391303,12.733333333333333,13.042307692307693,11.559677419354836
USC00364758,1946,12.075000000000001,10.461666666666666,13.335164835164836,13.872580645161287
USC00364758,1947,10.171739130434782,11.566666666666666,13.018131868131869,14.877419354838707
USC00364758,1948,11.402717391304348,11.248333333333333,12.480219780219779,10.903225806451614
USC00364758,1949,11.04945652173913,10.528333333333332,11.772527472527475,14.148387096774194
USC00364758,1950,9.682608695652174,9.259999999999998,12.234615384615383,12.732258064516131
USC00364758,1951,11.109444444444444,10.746666666666668,11.767032967032966,13.05483870967742
USC00364758,1952,10.478260869565217,11.860000000000003,11.552747252747253,10.13225806451613
USC00364758,1953,11.728804347826088,10.705000000000002,12.187912087912089,12.68225806451613
USC00364758,1954,11.0125,12.955,12.706111111111111,13.848387096774193
USC00364758,1955,11.988043478260868,12.578333333333337,12.25,13.548387096774196
USC00364758,1956,9.580978260869564,9.405,11.724725274725275,12.17741935483871
USC00364758,1957,11.525,12.340000000000002,12.315384615384616,10.538709677419355
USC00364758,1958,10.196739130434782,11.578333333333335,12.48846153846154,12.025806451612903
USC00364758,1959,12.337500000000002,12.91333333333333,13.596703296703295,14.61774193548387
USC00364758,1960,9.790760869565217,13.733333333333333,12.760555555555554,12.131666666666666
USC00364758,1961,9.841847826086957,8.863333333333333,13.794505494505493,12.680645161290323
USC00364758,1962,10.66413043478261,10.699999999999998,10.28131868131868,11.804838709677421
USC00364758,1963,11.11032608695652,11.466666666666669,13.352197802197802,14.23225806451613
USC00364758,1964,11.456521739130435,10.138333333333332,12.931868131868132,11.180645161290323
USC00364758,1965,10.936956521739132,9.981666666666666,12.877472527472527,11.883870967741936
USC00364758,1966,10.619565217391306,9.188333333333333,12.256043956043955,11.474193548387097
USC00364758,1967,10.040217391304349,12.034999999999998,11.78076923076923,12.606451612903227
USC00364758,1968,11.35163043478261,12.216666666666667,13.686263736263736,13.932258064516128
USC00364758,1969,11.354891304347825,12.48,12.457692307692309,12.417741935483871
USC00364758,1970,10.68967391304348,10.743333333333334,14.12967032967033,14.229032258064514
USC00364758,1971,9.383152173913043,9.675,14.65769230769231,16.106451612903225
USC00364763,1978,9.683064516129031,,15.76416666666667,12.067741935483873
USC00364763,1979,12.224590163934426,,13.654395604395607,12.311290322580648
USC00364763,1980,11.589673913043478,11.99666666666667,13.749166666666666,
USC00364763,1981,11.392934782608695,13.145,11.9510989010989,10.995161290322578
USC00364763,1982,10.578804347826088,9.493333333333334,13.259890109890108,12.714516129032258
USC00364763,1983,10.748369565217391,10.036666666666665,13.336813186813185,13.201612903225804
USC00364763,1984,9.02554347826087,9.658333333333333,12.666483516483515,15.277419354838706
USC00364763,1985,12.42282608695652,13.24,13.756043956043959,13.575806451612904
USC00364763,1986,11.366847826086957,10.504999999999999,11.664835164835164,12.691935483870967
USC00364763,1987,11.214835164835163,10.889999999999999,11.913186813186815,9.917741935483871
USC00364763,1988,10.53478260869565,9.566666666666666,11.214835164835165,9.629032258064514
USC00364763,1989,9.859782608695651,9.681666666666667,12.547252747252747,13.072580645161292
USC00364763,1990,11.119021739130433,11.401666666666667,13.41098901098901,14.506451612903227
USC00364763,1991,12.574456521739132,11.71,12.436813186813186,12.774193548387098
USC00364763,1992,9.48804347826087,10.065000000000001,11.491208791208795,10.075806451612904
USC00364763,1993,10.015760869565218,10.518333333333333,11.869780219780221,11.153225806451612
USC00364763,1994,10.221195652173913,13.176666666666668,12.68901098901099,11.453225806451613
USC00364763,1995,10.824175824175825,10.051666666666668,12.131318681318682,14.08548387096774
USC00364763,1996,9.408695652173913,10.956666666666665,11.517582417582416,12.030645161290318
USC00364763,1997,9.841304347826087,9.663333333333334,11.812637362637362,12.42258064516129
USC00364763,1998,12.158695652173913,11.748333333333335,13.241208791208791,12.459677419354842
USC00364763,1999,10.593478260869563,10.868333333333336,13.273076923076921,11.44677419354839
USC00364763,2000,11.84673913043478,10.506666666666668,11.926373626373628,12.591935483870964
USC00364763,2001,10.319021739130433,10.968333333333334,13.369780219780218,13.090322580645159
USC00364763,2002,11.485869565217392,12.643333333333329,12.509890109890108,11.825806451612904
USC00364763,2003,10.044565217391304,10.315,12.9543956043956,11.159677419354837
USC00364763,2004,12.565760869565217,11.468333333333332,13.118131868131869,11.875806451612904
USC00364763,2005,9.530978260869563,11.851666666666665,14.146703296703295,13.385483870967743
USC00364763,2006,11.402717391304348,12.073333333333332,12.760989010989011,11.89032258064516
USC00364763,2007,10.529891304347826,9.211666666666668,14.23021978021978,16.391935483870967
USC00364763,2008,10.644565217391303,12.075,12.347252747252746,11.654838709677422
USC00364763,2009,11.134239130434784,11.658333333333335,12.853846153846153,11.635483870967743
USC00364763,2010,12.972282608695652,13.021666666666667,10.106557377049178,12.919354838709676
USC00364763,2011,12.621739130434783,13.416666666666666,13.754945054945056,12.316129032258067
USC00364763,2012,13.68586956521739,11.038333333333334,12.244505494505495,13.05
USC00364763,2013,10.816847826086956,11.76333333333333,12.37692307692308,13.209677419354838
USC00364763,2014,9.470108695652174,10.430000000000001,12.55989010989011,13.851612903225808
USC00364763,2015,11.468478260869563,11.828333333333331,13.817582417582418,11.95967741935484
USC00364763,2016,11.503804347826087,10.331666666666667,14.265384615384612,14.067741935483872
USC00364763,2017,11.128804347826087,13.765000000000004,13.643406593406596,15.31774193548387
USC00364763,2018,10.490217391304348,9.053333333333335,13.428571428571429,14.222580645161289
USC00364763,2019,10.922282608695651,12.346666666666668,12.700549450549453,14.258064516129034
USC00364763,2020,10.205978260869568,8.856666666666667,14.09230769230769,13.662903225806451
USC00364763,2021,11.807608695652174,11.768333333333334,14.240659340659342,16.68870967741935
USC00364763,2022,11.97282608695652,10.43666666666667,13.229120879120881,11.846774193548386
USC00364763,2023,11.8375,13.786666666666667,13.58681318681319,14.479032258064517
USC00364763,2024,13.041304347826088,12.938333333333333,14.302747252747249,14.101612903225808
USC00364763,2025,12.941847826086958,12.461666666666666,13.223076923076922,13.053225806451612
USC00364778,1953,11.10217391304348,10.148333333333333,12.903846153846153,13.685483870967744
USC00364778,1954,10.182608695652174,11.694999999999999,12.815934065934064,14.451612903225804
USC00364778,1955,11.293406593406594,11.600000000000003,11.841208791208787,13.116129032258062
USC00364778,1956,8.462637362637363,8.651724137931035,11.11978021978022,11.633870967741935
USC00364778,1957,9.973369565217391,10.680000000000001,11.536263736263738,9.566129032258065
USC00364778,1958,9.251630434782609,10.548333333333336,11.811309523809525,10.789655172413795
USC00364778,1959,10.648369565217392,11.003333333333332,13.060989010989013,13.756451612903223
USC00364778,1960,8.007065217391306,12.395,11.963736263736267,11.13548387096774
USC00364778,1961,8.58858695652174,7.735,13.57857142857143,12.408064516129034
USC00364778,1962,9.980434782608697,9.963333333333333,10.630769230769232,12.017741935483873
USC00364778,1963,9.609239130434784,10.011666666666665,12.028021978021977,12.880645161290325
USC00364778,1964,9.204891304347825,8.063333333333334,11.2510989010989,9.669354838709678
USC00364778,1965,8.816304347826089,7.6433333333333335,11.11978021978022,9.649999999999997
USC00364778,1966,8.179891304347827,6.886666666666668,10.414835164835166,9.51774193548387
USC00364778,1967,7.328804347826086,9.031666666666666,9.83186813186813,10.041935483870969
USC00364778,1968,10.36032608695652,11.52,12.774175824175822,13.243548387096777
USC00364778,1969,10.627717391304346,11.83333333333333,11.819230769230769,11.408064516129036
USC00364778,1970,10.10217391304348,10.178333333333333,13.954945054945059,14.291935483870967
USC00364778,1971,9.692391304347826,10.053333333333335,13.849450549450548,15.433870967741935
USC00364778,1972,9.749999999999998,8.864999999999998,11.277472527472527,10.167741935483868
USC00364778,1973,11.017391304347823,10.626666666666663,13.36098901098901,13.151612903225805
USC00364778,1974,11.365217391304347,12.183333333333334,11.62362637362637,10.343548387096776
USC00364778,1975,10.194565217391306,8.231666666666666,13.36263736263736,14.583870967741934
USC00364778,1976,11.755434782608699,12.408333333333331,10.468131868131868,10.03225806451613
USC00364778,1977,12.661413043478262,11.859999999999998,13.069230769230765,11.5
USC00364778,1978,9.394021739130434,10.476666666666667,12.178888888888888,11.386666666666667
USC00364778,1979,11.075543478260869,9.766666666666667,12.636263736263734,11.487096774193551
USC00364778,1980,10.81098901098901,11.161666666666664,12.170879120879121,11.583870967741936
USC00364778,1981,10.880434782608695,12.406666666666668,11.439010989010987,10.474193548387099
USC00364778,1982,10.528260869565216,9.403333333333332,12.763736263736265,12.417741935483871
USC00364778,1983,10.253260869565215,9.430000000000001,12.874725274725272,12.612903225806452
USC00364778,1984,8.920108695652173,9.984999999999998,12.783516483516483,15.582258064516129
USC00364778,1985,12.396739130434783,12.940000000000001,13.874175824175826,13.666129032258064
USC00364778,1986,11.61304347826087,10.566666666666666,12.081318681318683,12.885483870967741
USC00364778,1987,11.223913043478262,10.82666666666667,12.098901098901099,10.12258064516129
USC00364778,1988,11.125,10.076666666666664,10.887362637362637,9.330645161290324
USC00364778,1989,9.905978260869563,9.315,12.997252747252746,13.332258064516129
USC00364778,1990,11.884782608695653,11.79,13.780769230769232,14.656451612903227
USC00364778,1991,13.235869565217394,12.481666666666666,12.832417582417586,13.211290322580645
USC00364778,1992,9.86521739130435,10.443333333333333,11.526373626373628,10.137096774193546
USC00364778,1993,10.008695652173913,10.475,12.260439560439558,11.638709677419357
USC00364778,1994,9.87228260869565,13.034999999999998,12.241758241758241,10.722580645161292
USC00364778,1995,11.090760869565216,10.315,12.38736263736264,14.416129032258066
USC00364778,1996,9.81086956521739,11.356666666666667,11.533516483516483,12.391935483870967
USC00364778,1997,10.02445652173913,9.491666666666667,11.785714285714288,12.270967741935484
USC00364778,1998,12.262500000000001,11.794999999999998,13.18131868131868,12.606451612903228
USC00364778,1999,10.210326086956522,10.555000000000003,13.17307692307692,11.520967741935484
USC00364778,2000,12.222826086956522,11.075000000000001,11.412637362637367,12.062903225806453
USC00364778,2001,9.978804347826088,10.916666666666666,13.297802197802199,12.730645161290324
USC00364778,2002,11.279347826086957,11.963333333333335,12.567582417582413,11.84354838709677
USC00364778,2003,10.04076086956522,10.078333333333335,12.843406593406593,10.924193548387096
USC00364778,2004,12.63695652173913,11.481666666666666,12.962087912087911,11.769354838709676
USC00364778,2005,9.538586956521739,11.973333333333334,14.390116279069764,13.183870967741937
USC00364778,2006,10.831521739130435,11.521666666666665,12.362087912087913,11.479032258064516
USC00364778,2007,10.045108695652173,8.936666666666666,13.84175824175824,16.312903225806455
USC00364778,2008,10.63913043478261,11.873333333333333,12.335057471264367,10.97
USC00364778,2009,11.183152173913042,11.775,12.599450549450546,11.55967741935484
USC00364778,2010,12.729891304347827,12.708333333333336,13.154395604395601,12.782258064516126
USC00364778,2011,11.948913043478262,12.693333333333332,13.466483516483517,11.98709677419355
USC00364778,2012,13.896739130434783,10.846666666666668,12.19010989010989,13.27741935483871
USC00364778,2013,10.30163043478261,11.061666666666667,11.960989010989008,13.04193548387097
USC00364778,2014,9.071195652173914,9.826666666666664,12.3510989010989,13.833870967741934
USC00364778,2015,10.653260869565218,11.246666666666668,13.83296703296703,12.05322580645161
USC00364778,2016,11.32880434782609,10.318333333333333,14.149450549450549,14.046774193548387
USC00364778,2017,10.294565217391305,12.3,12.163736263736261,14.009677419354839
USC00364778,2018,8.867934782608694,7.178333333333333,12.368681318681318,12.922580645161288
USC00364778,2019,10.192391304347826,11.459999999999999,11.760989010989013,12.683870967741935
USC00364778,2020,10.697282608695653,8.943333333333332,13.28241758241758,13.088709677419352
USC00364778,2024,12.368478260869566,12.046666666666665,13.193956043956044,12.912903225806453
USC00364815,1995,6.307608695652172,4.73,8.439325842696629,11.019354838709676
USC00364815,1996,5.259340659340659,6.996666666666665,7.973626373626374,8.598387096774193
USC00364815,1997,5.260989010989011,5.376666666666666,8.21,8.978333333333333
USC00364815,1998,8.674175824175824,8.132758620689655,9.925842696629214,9.631666666666664
USC00364815,1999,6.89945054945055,7.180000000000001,9.553846153846154,7.719354838709678
USC00364815,2000,8.122826086956522,6.578333333333333,8.211666666666666,
USC00364815,2001,6.101086956521738,6.685,10.273333333333332,10.161666666666665
USC00364815,2002,6.5989130434782615,7.758333333333334,8.83956043956044,7.720967741935483
USC00364815,2003,5.983152173913043,5.771666666666666,8.937362637362638,7.09516129032258
USC00364815,2004,8.10054347826087,6.766666666666667,9.481318681318681,8.320967741935485
USC00364815,2005,5.196739130434782,8.101666666666667,10.205494505494505,9.05161290322581
USC00364815,2006,6.938586956521738,8.211666666666666,8.771428571428572,7.49032258064516
USC00364815,2007,6.021739130434781,4.653333333333334,10.417032967032968,12.729032258064517
USC00364815,2008,6.402717391304347,9.23,8.401666666666667,7.991666666666665
USC00364815,2009,7.070652173913042,7.958333333333332,9.004945054945056,7.3903225806451625
USC00364815,2010,9.38967391304348,10.069999999999997,9.380219780219779,9.34032258064516
USC00364815,2011,6.600543478260871,6.7700000000000005,10.251098901098903,8.874193548387098
USC00364815,2012,9.5625,6.39,8.457692307692307,9.409677419354841
USC00364815,2013,5.921195652173913,6.359999999999999,8.275824175824177,10.425806451612901
USC00364815,2014,5.008152173913044,6.051666666666666,8.282967032967031,9.764516129032259
USC00364815,2015,6.225543478260871,6.221666666666666,10.384065934065935,8.008064516129034
USC00364815,2016,7.2331521739130435,5.818333333333333,10.226373626373626,9.793548387096775
USC00364815,2017,6.345108695652174,9.673333333333336,9.825824175824177,11.827419354838707
USC00364815,2018,5.952717391304348,3.916666666666667,8.562087912087913,8.738709677419354
USC00364815,2019,6.499456521739131,7.698333333333333,8.051098901098902,8.696774193548386
USC00364815,2020,6.018478260869564,4.570000000000001,9.853846153846154,9.309677419354838
USC00364815,2021,6.8548913043478255,6.879999999999999,9.978333333333333,11.87741935483871
USC00364815,2022,6.760869565217392,5.6483333333333325,8.882417582417581,7.706451612903226
USC00364815,2023,6.527173913043477,8.763333333333332,9.041208791208792,10.575806451612904
USC00364815,2024,8.551086956521738,7.443333333333333,9.874175824175824,9.67258064516129
USC00364815,2025,7.429347826086956,7.158333333333332,8.860989010989012,8.841935483870966
USC00364836,1972,6.469886363636363,5.961666666666667,7.875568181818181,6.267741935483871
USC00364836,1976,7.969277108433734,8.468,6.309890109890108,5.827419354838711
USC00364836,1977,8.978260869565217,8.508333333333333,9.10989010989011,7.8887096774193575
USC00364836,1978,5.289772727272727,6.68076923076923,9.937362637362638,8.016129032258066
USC00364836,1980,5.416483516483516,5.903333333333333,7.398888888888889,6.1
USC00364836,1981,6.590217391304347,8.866666666666669,7.514835164835164,6.8661290322580655
USC00364836,1982,7.080434782608696,4.933333333333334,9.481318681318681,9.479032258064517
USC00364836,1983,5.810795454545455,4.793333333333333,8.996703296703297,8.690322580645162
USC00364836,1984,4.823033707865169,5.708333333333333,8.732417582417584,11.914516129032261
USC00364836,1988,7.114117647058825,6.616666666666667,7.548351648351649,5.033870967741934
USC00364836,1989,6.182065217391303,5.5249999999999995,8.468131868131868,9.433870967741935
USC00364836,1990,7.494565217391305,8.143333333333334,10.849450549450552,11.351612903225806
USC00364836,1991,8.231927710843374,8.943333333333332,9.416071428571428,11.330645161290322
USC00364836,2001,8.11098901098901,11.906666666666666,11.98111111111111,11.508333333333333
USC00364836,2002,9.322282608695652,10.303333333333335,10.392857142857142,9.501612903225807
USC00364836,2003,9.434659090909092,9.885,10.89034090909091,9.222580645161292
USC00364836,2004,10.296590909090911,9.305769230769231,11.580769230769233,10.717741935483868
USC00364836,2005,7.475624999999999,11.015517241379312,12.063529411764707,11.408620689655175
USC00364836,2009,9.340760869565218,9.683333333333334,11.41123595505618,9.474193548387097
USC00364836,2010,11.204494382022471,12.271428571428572,11.214285714285714,11.15967741935484
USC00364853,1965,8.879347826086956,7.8933333333333335,11.14065934065934,9.979032258064517
USC00364853,1966,8.241304347826086,7.536666666666667,10.643406593406594,10.264516129032257
USC00364853,1967,6.979347826086957,9.256666666666666,9.363736263736262,9.693548387096776
USC00364853,1968,8.8875,10.806666666666667,11.629120879120881,11.906451612903227
USC00364853,1969,9.107608695652173,9.979999999999999,11.006593406593405,10.956451612903226
USC00364853,1970,9.967391304347828,10.666666666666668,13.487362637362638,13.845161290322581
USC00364853,1971,9.18913043478261,9.615000000000002,13.323076923076922,15.211290322580645
USC00364853,1972,9.663586956521739,9.169999999999998,10.796703296703297,9.535483870967742
USC00364853,1973,10.969565217391304,10.806666666666667,11.911666666666667,
USC00364853,1974,10.27282608695652,11.151666666666666,10.992857142857142,10.583870967741936
USC00364853,1975,9.574456521739132,7.88,12.550549450549447,13.264516129032256
USC00364853,1976,10.96413043478261,12.405000000000001,8.687777777777779,8.308064516129033
USC00364853,1977,13.025543478260872,12.761666666666667,12.028409090909092,10.90322580645161
USC00364853,1978,9.439673913043478,10.448333333333334,11.487362637362637,10.919354838709674
USC00364853,1979,10.850555555555557,9.848214285714286,11.966483516483517,10.883870967741936
USC00364853,1980,10.492391304347828,10.726666666666665,11.584615384615383,10.658064516129029
USC00364853,1981,10.942857142857143,12.581666666666667,11.182967032967033,10.290322580645162
USC00364853,1982,10.20054347826087,9.345,12.351648351648352,12.358064516129033
USC00364853,1983,9.89836956521739,9.216666666666667,12.460989010989008,12.061290322580646
USC00364853,1984,7.697826086956524,9.211666666666668,12.456593406593406,14.874193548387098
USC00364853,1985,11.816847826086954,12.848333333333333,12.849450549450546,12.069354838709678
USC00364853,1986,11.218478260869567,10.921666666666665,10.981318681318681,11.819354838709675
USC00364853,1987,11.174999999999999,11.196666666666669,10.794444444444444,9.975806451612902
USC00364853,1988,10.463186813186812,10.030000000000001,10.210919540229884,8.48103448275862
USC00364853,1989,9.23532608695652,9.255,11.304945054945058,12.111290322580649
USC00364853,1990,10.742934782608698,11.388333333333334,12.865934065934068,13.706451612903225
USC00364853,1991,12.275000000000002,11.363333333333335,11.518681318681319,12.566129032258065
USC00364853,1992,8.986956521739131,9.639999999999999,6.919672131147539,9.20483870967742
USC00364853,1993,8.944021739130436,9.816666666666665,9.946703296703296,9.608064516129033
USC00364853,1994,8.693478260869565,11.045,12.590659340659341,11.914516129032256
USC00364853,1995,10.203804347826088,9.193333333333332,11.610989010989012,14.037096774193548
USC00364853,1996,8.81195652173913,10.398333333333333,10.603846153846153,11.42741935483871
USC00364853,1997,9.233152173913043,9.455,10.702222222222222,11.65
USC00364853,1999,10.213736263736264,11.045,10.369444444444445,7.901612903225805
USC00364853,2000,11.13586956521739,10.429999999999998,14.850833333333332,12.920967741935485
USC00364853,2001,6.569166666666666,11.129310344827584,12.594999999999999,12.126666666666667
USC00364853,2002,10.342391304347826,11.750000000000002,11.706666666666665,10.318333333333335
USC00364853,2003,9.667934782608693,10.768333333333334,11.781318681318682,10.303225806451614
USC00364853,2004,11.538586956521739,10.918333333333333,12.417222222222222,11.118333333333332
USC00364853,2005,8.552173913043477,10.951666666666666,12.894505494505498,12.399999999999999
USC00364873,1897,8.543956043956044,8.677586206896551,9.805747126436783,10.040740740740741
USC00364873,1899,7.237640449438202,8.396666666666668,9.559876543209876,10.06346153846154
USC00364873,1900,5.394021739130435,6.783333333333333,11.984999999999998,13.185483870967742
USC00364873,1902,7.8039325842696625,6.483333333333333,10.861931818181818,9.721428571428573
USC00364873,1903,9.125,6.705,9.745402298850577,10.472580645161289
USC00364873,1904,6.751630434782609,4.983333333333333,8.288764044943822,7.813333333333334
USC00364873,1905,6.792567567567568,6.296,9.82439024390244,10.501724137931035
USC00364873,1906,6.43695652173913,8.08,10.297252747252749,9.798387096774196
USC00364873,1907,6.613586956521737,4.7,9.339772727272727,7.748333333333334
USC00364873,1908,8.403932584269661,8.261666666666667,10.868749999999999,11.124193548387098
USC00364873,1909,7.2749999999999995,7.586666666666665,9.584883720930232,7.996774193548387
USC00364873,1910,10.21195652173913,11.326666666666666,11.63058823529412,13.317741935483872
USC00364873,1911,8.267241379310345,6.594000000000001,10.534459459459457,10.25483870967742
USC00364873,1912,3.694915254237288,9.47037037037037,11.693406593406593,11.06451612903226
USC00364873,1913,8.529310344827584,9.276666666666667,10.770000000000001,
USC00364873,1914,6.934239130434785,6.508333333333334,10.330898876404493,12.793103448275861
USC00364873,1915,7.339673913043479,11.031666666666668,11.641111111111108,11.496774193548388
USC00364873,1916,6.705747126436784,7.721428571428572,10.850581395348836,10.638709677419358
USC00364873,1917,6.6461538461538465,8.220689655172414,7.817977528089888,7.343333333333333
USC00364873,1918,9.753804347826089,7.791666666666667,10.31566265060241,11.99814814814815
USC00364873,1919,8.788461538461538,8.72758620689655,11.407142857142857,12.613793103448279
USC00364873,1920,7.040217391304347,6.623333333333334,11.344505494505496,13.6258064516129
USC00364873,1921,11.01358695652174,11.773333333333333,10.712500000000002,10.456451612903225
USC00364873,1922,8.997701149425287,8.59655172413793,11.457142857142856,11.451612903225808
USC00364873,1923,6.860555555555556,8.021666666666667,10.037362637362637,9.095161290322583
USC00364873,1924,6.339130434782608,6.6866666666666665,9.517816091954023,9.545161290322579
USC00364873,1925,8.472826086956522,9.943333333333332,8.902747252747252,6.106451612903226
USC00364873,1926,5.721195652173913,5.48,9.866483516483516,9.425806451612901
USC00364873,1927,8.078260869565218,7.273333333333334,12.005000000000003,11.991935483870966
USC00364873,1928,7.002717391304348,6.616666666666666,10.432967032967033,11.453225806451611
USC00364873,1929,9.129891304347826,9.315,9.134065934065934,7.874193548387097
USC00364873,1930,6.7554347826086945,6.471666666666666,10.92857142857143,9.65967741935484
USC00364873,1931,7.8190217391304335,7.6883333333333335,13.363333333333332,11.467741935483874
USC00364873,1932,6.583695652173914,6.341666666666668,10.809999999999999,11.99074074074074
USC00364873,1933,9.257142857142858,9.828333333333335,10.064835164835165,10.048387096774194
USC00364873,1934,8.639130434782608,9.048333333333336,11.518131868131869,9.879032258064516
USC00364873,1935,7.317391304347825,6.938333333333332,10.345604395604395,10.580645161290322
USC00364873,1936,8.980978260869565,6.7283333333333335,10.362637362637363,11.154838709677422
USC00364873,1937,7.140760869565218,7.206666666666667,9.407692307692308,8.901612903225805
USC00364873,1938,9.27608695652174,9.408333333333333,9.430769230769231,10.564516129032258
USC00364873,1939,8.4625,7.428333333333334,10.345,10.843333333333332
USC00364873,1940,5.714285714285714,5.321666666666667,8.765384615384615,8.156451612903227
USC00364873,1941,6.506666666666667,9.810714285714285,11.074175824175823,11.683870967741937
USC00364873,1943,7.2472826086956506,4.883333333333335,9.418131868131866,9.73225806451613
USC00364873,1944,8.140217391304347,6.003333333333333,10.586813186813187,9.711290322580641
USC00364873,1945,10.232967032967032,10.936666666666666,11.025274725274725,10.106451612903225
USC00364873,1946,9.463483146067416,7.8583333333333325,12.514835164835166,13.22741935483871
USC00364873,1947,7.447826086956522,8.305,11.567032967032967,14.19032258064516
USC00364873,1948,8.731521739130436,10.085,11.450000000000001,9.674193548387098
USC00364873,1949,8.326086956521738,7.676666666666666,10.555494505494506,13.385483870967743
USC00364873,1950,5.825609756097561,6.418333333333334,10.093956043956046,11.287096774193548
USC00364873,1951,7.631318681318681,7.501724137931035,8.545604395604396,11.224193548387097
USC00364873,1953,7.296195652173914,6.185,9.864835164835164,9.970967741935485
USC00364873,1954,6.9875,8.545,10.556593406593406,11.809677419354836
USC00364873,1955,8.502173913043478,9.406666666666668,9.39065934065934,10.66451612903226
USC00364873,1956,4.727717391304348,5.594999999999999,9.236263736263735,9.824193548387097
USC00364873,1957,6.866847826086955,8.071666666666667,9.106593406593406,8.24516129032258
USC00364873,1958,7.042934782608695,7.426666666666666,10.069780219780219,9.595161290322583
USC00364873,1959,8.290760869565217,8.198333333333334,10.884065934065934,11.462903225806453
USC00364873,1960,6.625543478260869,11.370000000000001,10.564285714285715,9.100000000000001
USC00364873,1961,7.2554347826086945,6.619999999999999,12.081318681318683,11.888709677419353
USC00364873,1962,8.260326086956521,8.036666666666665,8.822222222222223,10.741935483870968
USC00364873,1963,7.842934782608697,7.806666666666666,10.971428571428572,12.441935483870969
USC00364873,1964,8.959239130434783,8.058333333333334,9.846703296703295,8.501612903225807
USC00364873,1965,7.4750000000000005,5.813333333333334,10.19065934065934,9.193548387096774
USC00364873,1966,6.697282608695651,6.031666666666667,9.46153846153846,8.796774193548387
USC00364873,1967,5.98641304347826,8.101666666666667,8.97967032967033,9.996774193548385
USC00364873,1968,8.125000000000002,9.8,11.012087912087912,11.266129032258064
USC00364873,1969,8.348901098901099,9.211666666666666,9.846703296703296,9.669354838709681
USC00364873,1970,7.52282608695652,7.988333333333333,11.797252747252747,12.170967741935485
USC00364873,1971,6.240217391304348,6.140000000000001,12.266483516483516,13.946774193548386
USC00364873,1972,6.752173913043477,5.824999999999999,8.763736263736265,7.635483870967742
USC00364873,1973,8.779347826086957,8.729999999999999,11.14175824175824,11.390322580645163
USC00364891,1894,10.64945652173913,9.183333333333334,12.001724137931033,12.381481481481481
USC00364891,1895,10.08310810810811,10.784210526315789,11.980898876404492,9.003333333333336
USC00364891,1896,10.288095238095238,11.898275862068962,12.25934065934066,10.404838709677419
USC00364891,1897,9.95,9.963333333333333,12.401098901098901,12.55967741935484
USC00364891,1898,10.816304347826089,8.625,12.62967032967033,12.62096774193548
USC00364891,1899,10.125,10.796666666666665,11.781818181818181,12.51551724137931
USC00364891,1900,9.319230769230769,10.688333333333333,14.681666666666665,15.366129032258065
USC00364891,1901,9.546739130434784,9.433333333333332,11.327472527472526,11.911290322580646
USC00364891,1902,10.121052631578948,10.84259259259259,13.259090909090908,12.685483870967744
USC00364891,1903,12.141666666666667,10.518333333333334,11.769230769230772,12.85967741935484
USC00364891,1904,9.566847826086958,8.428333333333335,11.456741573033707,10.70967741935484
USC00364891,1905,10.708791208791208,10.396666666666667,11.951685393258428,12.291666666666664
USC00364891,1906,9.520555555555555,11.663333333333334,13.183516483516485,12.106451612903228
USC00364891,1907,9.307065217391303,8.138333333333334,11.8010989010989,10.124193548387098
USC00364891,1908,11.475842696629215,11.491666666666665,13.196703296703296,14.285483870967745
USC00364891,1909,10.152717391304348,10.573333333333332,12.71813186813187,10.662903225806454
USC00364891,1910,12.467934782608696,13.526666666666666,12.768681318681319,14.033870967741935
USC00364891,1911,9.62277777777778,8.091666666666667,11.353296703296705,11.408064516129032
USC00364891,1916,9.15054347826087,10.036666666666667,12.338461538461537,11.996774193548386
USC00364891,1917,9.609239130434784,11.055000000000001,10.446153846153846,9.729032258064517
USC00364891,1918,12.075,10.798333333333336,13.185164835164837,14.883870967741935
USC00364891,1919,11.471195652173913,10.594999999999999,12.950549450549447,14.108064516129033
USC00364891,1920,9.526630434782609,9.401666666666667,13.967582417582417,15.767741935483869
USC00364891,1921,13.875,14.438333333333333,13.403846153846153,12.432258064516132
USC00364891,1922,11.581521739130437,11.266666666666667,13.61043956043956,14.054838709677417
USC00364891,1923,9.435326086956522,9.991666666666669,12.929411764705879,14.207999999999997
USC00364891,1924,8.855978260869566,9.04,11.417582417582414,12.645161290322578
USC00364891,1925,9.746739130434781,10.753333333333334,11.441208791208792,8.625806451612904
USC00364891,1926,8.392391304347827,7.826666666666667,11.419230769230767,11.604838709677422
USC00364891,1927,9.729891304347825,8.846666666666668,13.306043956043958,13.474193548387095
USC00364891,1928,9.128260869565217,8.663333333333332,12.455617977528089,13.280645161290321
USC00364891,1929,11.35054347826087,11.343333333333332,11.961538461538462,10.75
USC00364891,1930,11.10054347826087,9.713333333333333,14.005747126436779,13.096296296296297
USC00364891,1931,10.182065217391305,10.331666666666665,15.37142857142857,14.266129032258062
USC00364891,1932,8.876630434782609,9.106666666666667,12.32802197802198,12.488709677419354
USC00364891,1933,10.477717391304347,10.723333333333334,11.848901098901099,11.479032258064517
USC00364891,1934,9.543820224719102,9.769642857142857,12.885714285714288,11.27096774193548
USC00364891,1935,10.044565217391304,9.544999999999998,12.64120879120879,12.414516129032258
USC00364891,1936,11.445652173913041,8.774999999999999,12.04835164835165,12.635483870967743
USC00364891,1937,9.552717391304348,9.368333333333334,11.339010989010985,10.99193548387097
USC00364891,1938,10.833695652173912,11.279999999999998,12.470329670329672,13.016129032258066
USC00364891,1939,10.348369565217391,8.72,12.09010989010989,12.30483870967742
USC00364891,1940,8.22967032967033,7.996551724137932,10.707692307692309,9.606451612903223
USC00364891,1941,10.668478260869565,13.668333333333335,13.964285714285712,14.883870967741935
USC00364891,1942,11.67608695652174,12.168333333333333,12.44120879120879,12.498387096774193
USC00364891,1943,8.313068181818181,6.828333333333333,11.51111111111111,11.731666666666666
USC00364891,1944,10.17663043478261,8.481666666666666,12.328021978021974,11.527419354838706
USC00364891,1945,12.307065217391305,12.118333333333336,13.004945054945052,11.896774193548387
USC00364891,1946,12.2,10.211666666666668,13.775824175824177,14.530645161290325
USC00364891,1947,9.318478260869563,10.223333333333333,12.853333333333333,15.438333333333333
USC00364891,1949,10.47391304347826,10.313333333333333,12.403846153846157,14.969354838709679
USC00364891,1950,7.950000000000001,7.886666666666668,12.002247191011236,13.024193548387096
USC00364891,1951,10.064130434782609,9.986666666666668,11.614285714285716,13.348387096774193
USC00364891,1952,9.921739130434782,11.389999999999999,11.748809523809523,10.683333333333335
USC00364891,1953,10.879347826086956,9.963333333333333,12.823626373626372,13.31451612903226
USC00364891,1954,10.147826086956524,12.075,12.661538461538465,14.133870967741936
USC00364891,1957,10.033152173913043,10.756666666666666,11.626373626373626,10.14032258064516
USC00364891,1958,9.244021739130435,10.655000000000001,11.483707865168538,10.87258064516129
USC00364891,1959,10.652717391304348,11.126666666666667,12.59450549450549,13.274193548387096
USC00364891,1960,8.41141304347826,12.336666666666666,11.974725274725273,11.441935483870967
USC00364891,1961,8.680978260869566,7.918333333333335,14.027472527472526,13.37741935483871
USC00364896,1966,9.16304347826087,7.936666666666666,11.620879120879124,10.801612903225806
USC00364896,1967,8.379891304347828,10.308333333333332,10.806593406593409,11.246774193548388
USC00364896,1968,10.271195652173912,11.559999999999999,13.048901098901096,13.296774193548385
USC00364896,1969,10.34673913043478,11.305000000000001,11.92857142857143,11.706451612903223
USC00364896,1970,9.71195652173913,9.748333333333333,13.763736263736265,13.943548387096776
USC00364896,1971,8.904891304347828,9.171666666666669,13.704945054945055,15.111290322580643
USC00364896,1973,10.953409090909089,10.435,13.02247191011236,12.76551724137931
USC00364896,1974,10.8061797752809,11.675925925925926,10.402173913043478,9.606521739130436
USC00364896,1977,12.278571428571428,11.485416666666666,12.490555555555556,11.498333333333331
USC00364896,1978,9.045604395604393,10.293333333333333,11.13111111111111,10.128333333333332
USC00364896,1979,10.212790697674418,8.735416666666667,12.19107142857143,11.264516129032259
USC00364896,1980,8.096153846153847,10.389999999999999,11.361363636363635,12.6
USC00364896,1981,11.39294117647059,13.064,12.611363636363638,11.403225806451612
USC00364896,1982,10.205978260869566,9.611666666666666,12.839560439560438,12.411290322580646
USC00364896,1983,9.96195652173913,8.944999999999999,13.273626373626374,12.890322580645162
USC00364896,1984,8.594021739130437,9.538333333333334,13.076373626373625,15.669354838709674
USC00364896,1985,11.69836956521739,12.568333333333333,13.998901098901097,13.570967741935485
USC00364896,1986,11.164673913043476,10.531666666666668,12.029120879120878,12.64516129032258
USC00364896,1987,10.632608695652173,10.453333333333335,10.612637362637363,8.622580645161289
USC00364896,1988,9.851086956521739,9.008333333333333,10.131868131868131,8.269354838709678
USC00364896,1989,8.776630434782609,8.598333333333333,11.348901098901102,12.009677419354837
USC00364896,1990,10.041847826086956,10.373333333333335,12.157692307692306,12.975806451612904
USC00364896,1991,11.414673913043476,10.526666666666667,11.443956043956042,11.822580645161292
USC00364896,1992,8.569565217391304,8.951666666666666,10.370329670329669,8.851612903225806
USC00364896,1993,9.08858695652174,9.863333333333335,10.675274725274727,9.98548387096774
USC00364896,1994,9.066304347826087,11.883333333333335,11.51153846153846,10.227419354838707
USC00364896,1995,9.6375,8.556666666666667,11.144505494505495,13.261290322580646
USC00364896,1996,8.382608695652175,9.601666666666667,10.65,11.398387096774192
USC00364896,1997,9.049999999999999,8.921666666666669,11.200549450549449,11.909677419354841
USC00364896,1998,11.334239130434783,11.058333333333334,12.426923076923076,11.809677419354838
USC00364896,1999,9.709782608695653,9.916666666666666,12.102747252747255,10.408064516129034
USC00364896,2000,11.103260869565217,9.771666666666667,11.07857142857143,11.68064516129032
USC00364896,2001,9.372282608695652,10.003333333333332,12.41098901098901,12.149999999999999
USC00364896,2002,10.219565217391304,11.578333333333335,11.611538461538462,10.720967741935485
USC00364896,2003,9.145652173913044,9.466666666666667,11.904494382022472,10.382258064516128
USC00364896,2004,11.627173913043478,10.543333333333335,12.31703296703297,10.974193548387099
USC00364896,2005,8.678260869565218,11.068333333333332,13.334615384615384,12.89193548387097
USC00364896,2006,10.628260869565217,11.229999999999999,11.903296703296702,10.953225806451613
USC00364896,2007,9.772826086956522,8.315,13.226923076923079,15.579032258064519
USC00364896,2008,9.794021739130434,11.28,11.49835164835165,10.685483870967742
USC00364896,2009,10.45,10.731666666666666,12.143956043956043,10.990322580645158
USC00364896,2010,12.42282608695652,12.196666666666665,12.465384615384616,12.167741935483871
USC00364896,2011,10.989673913043479,11.558333333333334,12.929670329670328,11.629032258064518
USC00364896,2012,13.20217391304348,10.881666666666668,11.850000000000001,12.470967741935485
USC00364896,2013,10.238043478260868,10.968333333333334,11.566867469879517,13.577419354838709
USC00364896,2014,9.191304347826087,9.85,12.005494505494504,13.317741935483868
USC00364896,2015,10.410326086956522,10.60333333333333,13.574725274725274,11.588709677419354
USC00364896,2016,11.110326086956523,9.786666666666665,13.807692307692308,13.401612903225807
USC00364896,2017,10.701086956521738,13.455,13.062087912087913,15.11290322580645
USC00364896,2018,9.882065217391304,8.520000000000001,12.721428571428573,13.177419354838712
USC00364896,2019,11.002173913043478,12.08,12.590659340659345,13.779032258064516
USC00364896,2020,10.365217391304348,8.76,13.163186813186815,12.643548387096773
USC00364896,2021,11.04782608695652,11.026666666666667,13.081666666666665,15.13
USC00364896,2022,10.994021739130433,9.91,12.482967032967034,11.261290322580646
USC00364896,2023,10.784782608695652,12.366666666666665,12.615934065934065,13.420967741935483
USC00364896,2024,11.878804347826089,10.983333333333333,13.210989010989012,13.020967741935483
USC00364896,2025,11.709239130434783,11.516666666666664,13.032417582417583,12.979032258064516
USC00364976,1997,8.323913043478258,8.446666666666667,10.346703296703296,10.991935483870968
USC00364976,1998,11.03804347826087,10.998333333333333,12.150549450549452,11.929032258064517
USC00364976,1999,9.603260869565217,10.16,11.792307692307697,9.851612903225808
USC00364976,2000,11.072826086956523,9.908333333333333,10.984065934065933,12.169354838709676
USC00364976,2001,8.860869565217394,9.374999999999998,11.70054945054945,11.151612903225807
USC00364976,2002,9.169565217391304,10.471666666666668,11.154945054945054,10.151612903225805
USC00364976,2004,10.951086956521738,9.881666666666668,12.101098901098899,10.706451612903226
USC00364976,2005,7.908152173913044,10.266666666666667,12.415934065934065,11.86451612903226
USC00364976,2006,9.892934782608695,10.875,11.079120879120879,10.311290322580644
USC00364976,2007,9.224456521739132,8.226666666666667,12.884444444444444,15.331666666666667
USC00364976,2008,8.53956043956044,10.736666666666666,10.546022727272726,9.719354838709675
USC00364976,2009,9.758152173913043,10.134999999999998,10.991758241758241,9.358064516129033
USC00364976,2010,11.816847826086958,12.195,11.237362637362638,11.06451612903226
USC00364976,2011,9.881521739130434,10.04166666666667,11.7489010989011,10.566129032258063
USC00364976,2012,12.16304347826087,9.711666666666668,10.587912087912088,11.588709677419356
USC00364976,2013,8.829347826086956,9.523333333333333,10.531318681318682,12.095161290322578
USC00364976,2014,7.76195652173913,8.818333333333333,10.686263736263736,11.985483870967741
USC00364976,2015,8.94836956521739,9.181666666666668,12.39340659340659,10.525806451612905
USC00364976,2016,9.73695652173913,8.196666666666667,12.297252747252744,11.858064516129032
USC00364976,2017,9.19891304347826,11.743333333333334,11.56318681318681,13.44838709677419
USC00364976,2018,8.582065217391303,6.328333333333334,11.23131868131868,11.611290322580643
USC00364976,2019,9.720108695652174,10.773333333333333,10.975824175824176,11.829032258064514
USC00364976,2020,9.258695652173914,7.918333333333334,11.890109890109892,11.650000000000002
USC00364976,2021,9.858695652173916,10.034999999999998,12.163186813186812,14.301612903225807
USC00364976,2022,9.547222222222222,8.92,11.163736263736261,9.740322580645161
USC00364976,2023,9.72608695652174,11.513333333333332,11.49065934065934,12.730645161290322
USC00364976,2024,11.275543478260868,10.441666666666666,12.080769230769233,11.511290322580644
USC00364976,2025,10.45,10.481666666666666,11.64175824175824,11.32741935483871
USC00364979,1894,9.921511627906975,8.325925925925926,12.007758620689655,12.146875
USC00364979,1895,9.25222222222222,9.78,11.642441860465116,8.361290322580645
USC00364979,1896,9.757954545454545,11.482758620689655,10.96566265060241,8.879032258064516
USC00364979,1897,9.46358695652174,9.965,11.65222222222222,11.885483870967743
USC00364979,1898,10.374725274725275,8.258333333333333,11.97252747252747,12.109677419354837
USC00364979,1899,9.52142857142857,10.291379310344826,11.181666666666667,12.191935483870967
USC00364979,1900,8.875,10.360000000000003,14.03988764044944,15.105172413793104
USC00364979,1901,9.66,9.293333333333333,10.43465909090909,11.021428571428572
USC00364979,1902,10.457065217391303,9.975,12.217032967032967,11.35483870967742
USC00364979,1903,11.441304347826089,9.838333333333333,11.08,12.248387096774195
USC00364979,1904,8.932065217391305,7.523333333333331,10.451648351648352,10.030645161290325
USC00364979,1905,10.15989010989011,9.948275862068968,11.323626373626377,11.909677419354841
USC00364979,1906,8.570108695652175,10.395,12.393956043956043,11.387096774193548
USC00364979,1907,8.634239130434782,7.608333333333333,11.069780219780219,9.724193548387095
USC00364979,1908,10.615760869565218,10.285,11.909340659340662,12.337096774193547
USC00364979,1909,9.390760869565218,9.594999999999999,11.8478021978022,9.806451612903224
USC00364979,1910,11.24425287356322,12.201666666666663,12.179411764705884,13.729032258064516
USC00364979,1911,10.326086956521738,8.584999999999999,12.077777777777778,12.408064516129034
USC00364979,1912,9.559239130434783,10.416666666666668,12.768539325842697,13.03166666666667
USC00364979,1913,10.745108695652174,10.850000000000001,11.690697674418605,13.066129032258061
USC00364979,1914,8.734239130434782,8.433333333333334,11.33956043956044,13.474193548387097
USC00364979,1915,7.0475806451612915,,12.604444444444443,12.498333333333333
USC00364979,1916,8.611666666666668,9.767857142857142,11.281868131868134,11.187096774193552
USC00364979,1917,8.710326086956522,10.036666666666667,10.095402298850574,9.088709677419354
USC00364979,1918,11.509239130434784,9.166666666666666,11.031012658227848,11.786842105263156
USC00364979,1919,10.58858695652174,10.098333333333333,12.77197802197802,13.856451612903227
USC00364979,1920,8.554891304347827,8.081666666666665,15.60677966101695,14.041935483870969
USC00364979,1921,12.700000000000001,13.39137931034483,12.745054945054948,11.783870967741938
USC00364979,1922,10.91304347826087,10.341666666666667,13.15879120879121,13.108064516129033
USC00364979,1923,9.48913043478261,10.328333333333331,11.722222222222221,11.003225806451612
USC00364979,1924,8.876630434782609,9.261666666666665,10.889325842696628,11.61774193548387
USC00364979,1925,10.060326086956522,11.456666666666665,11.126923076923077,8.506451612903225
USC00364979,1926,8.194021739130434,7.603333333333334,11.202222222222222,11.501612903225809
USC00364979,1927,9.751098901098901,9.080000000000002,13.262222222222219,13.172580645161293
USC00364979,1928,9.035714285714285,8.777586206896553,12.19887640449438,13.112903225806454
USC00364979,1929,11.304891304347825,11.290000000000001,12.057865168539326,10.709677419354838
USC00364979,1930,10.15,9.246666666666668,12.720555555555555,11.308064516129031
USC00364979,1931,10.270329670329671,10.281034482758622,14.936263736263736,13.753225806451614
USC00364979,1932,9.197826086956523,9.156666666666666,12.345604395604395,12.783870967741935
USC00364979,1933,10.834782608695651,11.350000000000001,11.555494505494508,11.025806451612901
USC00364992,1939,11.269565217391307,9.978333333333332,12.168604651162791,11.837096774193549
USC00364992,1940,9.032065217391304,8.943333333333332,11.687078651685395,10.985483870967744
USC00364992,1941,11.157608695652174,14.181666666666668,14.279120879120878,15.212903225806452
USC00364992,1942,12.601612903225806,11.63529411764706,13.011194029850746,13.25
USC00364992,1943,10.578804347826088,8.284999999999998,9.993333333333334,10.214705882352943
USC00364992,1944,10.179113924050634,9.166666666666666,11.450574712643677,10.313333333333334
USC00364992,1946,11.720114942528737,10.57,13.61043956043956,14.212903225806452
USC00364992,1947,8.893956043956043,10.0,12.985164835164834,15.430645161290323
USC00364992,1948,8.138524590163934,11.069999999999999,12.646703296703299,10.87741935483871
USC00364992,1949,10.058695652173913,9.685,12.107692307692307,14.429032258064515
USC00364992,1950,7.980978260869564,7.235,11.803296703296704,12.961290322580645
USC00364992,1951,9.602747252747253,9.533333333333333,11.452747252747253,12.85483870967742
USC00364992,1952,9.464673913043478,10.703333333333331,11.648333333333335,9.970967741935484
USC00364992,1953,10.622826086956524,9.504999999999999,12.37637362637363,13.21774193548387
USC00364992,1954,9.729347826086956,11.631666666666666,12.765384615384619,14.062903225806453
USC00364992,1955,11.298913043478262,11.833333333333332,11.74835164835165,12.920967741935483
USC00364992,1956,8.472826086956523,8.433333333333334,11.61179775280899,12.564516129032256
USC00364992,1957,10.461956521739129,11.256666666666666,11.897252747252745,10.55
USC00364992,1958,9.366304347826087,10.811666666666666,12.1521978021978,11.267741935483869
USC00364992,1959,10.358152173913044,10.438333333333333,12.679670329670332,13.485483870967743
USC00364992,1960,8.4125,12.383333333333333,12.596703296703296,11.925806451612903
USC00364992,1961,8.881521739130436,7.981666666666667,13.993406593406595,13.250000000000002
USC00364992,1962,10.468478260869563,9.961666666666668,11.17802197802198,12.548387096774194
USC00364992,1963,9.702173913043477,10.188333333333333,12.78736263736264,14.453225806451613
USC00364992,1964,9.991304347826086,8.671666666666665,11.90879120879121,10.290322580645162
USC00364992,1965,9.423369565217392,8.4,11.921428571428573,10.719354838709679
USC00364992,1966,8.978804347826086,7.996666666666668,10.956593406593404,10.45806451612903
USC00364992,1967,8.463888888888889,10.470689655172414,10.625274725274725,11.095161290322581
USC00364992,1968,10.061413043478261,11.255,12.747191011235955,13.038333333333334
USC00364992,1969,10.192934782608695,11.228333333333332,11.846153846153847,11.458064516129033
USC00364992,1971,9.333152173913042,9.978333333333333,13.471978021978023,14.761290322580647
USC00364992,1973,10.816847826086956,10.846666666666666,12.975,12.822580645161292
USC00364992,1974,10.56195652173913,11.77,11.253296703296705,10.164516129032258
USC00364992,1975,9.848333333333334,7.743333333333333,13.085164835164832,13.903225806451612
USC00364992,1976,10.822282608695653,11.665,10.011931818181818,9.91290322580645
USC00364992,1977,12.890760869565218,12.655000000000001,12.12692307692308,10.511290322580647
USC00364992,1978,9.484239130434785,10.1,12.307142857142855,10.98709677419355
USC00364992,1980,9.361666666666666,10.065,9.790140845070423,9.190384615384616
USC00364992,1981,9.1,10.575000000000001,9.25561797752809,8.451612903225806
USC00364992,1983,8.965909090909092,9.3,10.19652777777778,11.245161290322581
USC00364992,1984,7.767391304347826,9.591666666666667,11.724175824175823,14.537096774193548
USC00364992,1985,11.06195652173913,12.16833333333333,12.946153846153848,11.877419354838711
USC00364992,1986,10.978260869565217,10.688333333333333,11.331318681318683,11.775806451612903
USC00364992,1987,10.942391304347826,10.731666666666666,10.767582417582416,8.761290322580646
USC00364992,1988,10.146195652173914,9.158333333333333,10.303846153846155,8.637096774193546
USC00364992,1989,9.128260869565217,9.248333333333333,11.295054945054947,11.861290322580643
USC00364992,1990,10.166304347826088,10.56,12.330769230769228,13.13709677419355
USC00364992,1991,11.836956521739127,10.916666666666664,11.483516483516482,12.093548387096776
USC00364992,1992,9.080978260869568,9.751666666666667,10.59010989010989,9.67741935483871
USC00364992,1993,9.366304347826086,9.738333333333335,10.85,10.053225806451612
USC00364992,1994,9.423913043478262,12.165000000000001,11.74835164835165,10.453225806451615
USC00364992,1995,9.63804347826087,8.408333333333333,11.155494505494508,13.37096774193548
USC00364992,1996,8.441304347826087,9.943333333333332,11.013736263736265,11.703225806451611
USC00364992,1997,8.973369565217393,8.908333333333333,11.071978021978023,11.53225806451613
USC00364992,1998,11.445652173913043,11.733333333333333,13.028021978021977,12.453225806451611
USC00364992,1999,9.888586956521738,10.621666666666668,12.489560439560439,10.66935483870968
USC00364992,2000,11.296739130434785,9.526666666666666,11.126666666666665,
USC00364992,2001,9.445652173913045,10.046666666666669,12.502197802197802,11.870967741935486
USC00364992,2002,9.920652173913043,11.405,11.99175824175824,10.82258064516129
USC00364992,2003,9.385869565217392,9.788333333333334,12.146153846153846,10.635483870967741
USC00364992,2004,11.530978260869562,10.058333333333332,12.850000000000001,11.253225806451612
USC00364992,2005,8.707608695652175,10.886666666666667,13.204395604395605,12.651612903225805
USC00364992,2006,10.22445652173913,11.416666666666666,11.744505494505495,10.912903225806454
USC00364992,2007,9.645108695652175,8.581666666666669,13.169230769230767,15.504838709677419
USC00364992,2008,8.080645161290322,,11.360439560439563,10.330645161290322
USC00364992,2009,10.091304347826087,10.368333333333334,11.927777777777777,10.27258064516129
USC00364992,2010,12.19891304347826,12.504999999999999,12.63956043956044,12.453225806451613
USC00364992,2011,10.885326086956521,10.891666666666667,12.954945054945053,11.698387096774196
USC00364992,2012,12.841304347826087,10.433333333333334,11.853296703296701,13.091935483870968
USC00364992,2013,9.946739130434782,10.990000000000002,11.873076923076924,13.370967741935486
USC00364992,2014,8.802173913043479,9.805000000000001,11.974725274725275,13.353225806451611
USC00364992,2015,10.241304347826087,10.29,13.609340659340655,11.761290322580644
USC00364992,2016,10.83913043478261,9.74,13.846703296703298,13.545161290322584
USC00364992,2017,10.460326086956522,13.261666666666663,12.87912087912088,14.911290322580644
USC00364992,2018,9.629891304347826,7.893333333333333,12.524725274725272,13.027419354838708
USC00364992,2019,10.839130434782607,11.791666666666668,12.52802197802198,13.237096774193548
USC00364992,2020,10.191304347826087,8.938333333333334,12.367582417582419,12.290322580645165
USC00364992,2021,10.491847826086957,11.013333333333334,13.056593406593407,14.89032258064516
USC00364992,2022,10.577717391304349,9.444999999999999,12.058791208791208,10.701612903225806
USC00364992,2023,10.351630434782608,11.838333333333333,12.860989010989012,13.788709677419357
USC00364992,2024,11.903260869565221,11.293333333333331,13.112637362637363,12.767741935483869
USC00364992,2025,11.328260869565218,11.691666666666668,12.258241758241759,12.058064516129031
USC00365050,1942,7.6092391304347835,7.853333333333335,8.233516483516484,8.508064516129032
USC00365050,1943,1.06056338028169,2.1733333333333333,6.5375,5.717741935483871
USC00365050,1944,3.1889610389610397,3.210344827586207,7.680898876404495,6.124999999999999
USC00365050,1945,5.971323529411765,7.226190476190476,6.700641025641025,6.57258064516129
USC00365050,1948,4.765625,5.9075,8.108791208791208,5.948387096774192
USC00365050,1949,5.029213483146067,3.65,7.7317073170731705,10.293999999999999
USC00365050,1953,8.291847826086956,7.191666666666666,10.637912087912088,10.295161290322584
USC00365050,1954,7.4451086956521735,10.751666666666667,11.115555555555554,11.850000000000001
USC00365050,1955,9.35054347826087,11.246666666666664,9.924725274725274,10.622580645161289
USC00365050,1956,6.414673913043478,6.446666666666667,10.432417582417584,12.156451612903227
USC00365050,1957,8.423076923076922,9.031666666666666,9.87857142857143,8.820967741935485
USC00365050,1958,6.978804347826086,8.348333333333333,10.479670329670329,10.116129032258065
USC00365050,1983,7.001086956521739,6.651666666666666,13.763114754098362,10.822580645161288
USC00365050,1984,5.042934782608696,7.798333333333332,10.363186813186815,12.466129032258065
USC00365050,1985,9.105494505494505,10.426666666666668,11.71868131868132,11.200000000000001
USC00365050,1986,8.757608695652175,9.520000000000001,10.567582417582416,11.317741935483872
USC00365050,1987,8.991847826086955,8.729999999999999,9.399999999999999,7.07258064516129
USC00365050,1988,7.07554347826087,6.663333333333332,8.529120879120878,6.191935483870966
USC00365050,1989,5.788043478260869,5.178333333333333,8.995604395604396,9.11290322580645
USC00365050,1990,8.488043478260868,8.736666666666666,11.737362637362637,11.65967741935484
USC00365050,1991,10.352197802197802,9.63,10.815934065934067,11.930645161290323
USC00365050,1992,7.396195652173913,7.578333333333333,9.917857142857144,9.270833333333334
USC00365050,1993,6.914673913043478,7.8933333333333335,9.536813186813186,9.17741935483871
USC00365050,1994,6.298369565217392,8.54833333333333,10.863186813186813,10.009677419354839
USC00365050,1995,7.097826086956521,5.611666666666667,9.694505494505496,11.83064516129032
USC00365050,1996,6.01304347826087,7.011666666666668,9.235164835164838,10.533870967741935
USC00365050,1997,5.888586956521739,5.416666666666668,9.50934065934066,10.332258064516127
USC00365050,1998,9.497826086956522,8.391666666666667,11.252747252747252,11.024193548387096
USC00365050,1999,7.913586956521738,9.001666666666665,11.028571428571427,9.632258064516128
USC00365050,2000,9.233695652173914,7.721666666666667,10.214285714285714,11.356451612903228
USC00365050,2001,7.817934782608695,8.984999999999998,11.372527472527473,11.091935483870968
USC00365050,2002,7.325000000000001,8.756666666666664,11.670886075949365,9.524193548387096
USC00365050,2003,7.643478260869564,8.07,10.882222222222222,8.946666666666667
USC00365050,2004,8.620652173913044,7.434999999999999,11.450000000000001,10.656451612903224
USC00365050,2005,6.192934782608695,8.881666666666666,11.840109890109888,11.448387096774194
USC00365050,2006,8.164673913043478,9.361666666666668,10.041208791208792,8.703225806451613
USC00365050,2007,7.933152173913043,6.148333333333334,12.12362637362637,14.462903225806448
USC00365050,2008,6.769021739130435,10.181666666666667,10.040659340659339,8.959677419354842
USC00365050,2009,8.17554347826087,8.408333333333333,10.98076923076923,8.816129032258063
USC00365050,2010,9.665760869565217,10.436666666666664,10.72032967032967,10.37258064516129
USC00365050,2011,7.928804347826085,8.316666666666666,11.891208791208793,10.37258064516129
USC00365050,2012,10.980434782608695,6.928333333333334,9.813736263736265,10.15967741935484
USC00365050,2013,6.720108695652174,6.89,10.16758241758242,11.651612903225805
USC00365050,2014,6.251086956521739,8.093333333333334,9.713186813186812,10.761290322580644
USC00365050,2015,7.6385869565217375,8.458333333333334,12.56373626373626,10.25967741935484
USC00365050,2016,8.933695652173913,7.415000000000001,12.603846153846153,12.233870967741936
USC00365050,2017,8.71413043478261,11.415000000000001,11.64285714285714,13.303225806451614
USC00365050,2018,7.1809782608695665,4.565,10.721428571428573,10.808064516129033
USC00365050,2019,7.759239130434783,8.838333333333335,11.057142857142857,12.316129032258063
USC00365050,2020,7.978260869565218,6.156666666666667,11.493406593406595,10.698387096774194
USC00365104,1896,10.892857142857142,12.755172413793105,12.369230769230768,10.477419354838709
USC00365104,1897,10.584239130434783,11.034999999999998,12.737362637362637,13.206451612903225
USC00365104,1898,11.541847826086958,9.038333333333332,12.660439560439562,13.051612903225806
USC00365104,1899,10.816847826086958,11.806666666666667,12.09120879120879,13.208064516129033
USC00365104,1901,10.33641304347826,10.083333333333334,11.644505494505493,12.199999999999998
USC00365104,1902,11.313736263736265,10.224137931034482,13.057142857142857,12.395161290322577
USC00365104,1903,12.18901098901099,10.438333333333333,11.264285714285714,12.43225806451613
USC00365104,1904,9.348901098901097,7.97241379310345,11.017582417582416,10.880645161290323
USC00365104,1905,10.665217391304347,10.291666666666666,11.684065934065934,12.398387096774194
USC00365104,1906,9.10989010989011,10.774137931034483,12.434065934065936,11.45483870967742
USC00365104,1907,9.098369565217391,7.876666666666667,10.672222222222222,9.146774193548387
USC00365104,1908,10.165760869565217,9.176666666666668,12.176373626373627,12.306451612903226
USC00365104,1909,9.759782608695653,10.733333333333333,11.707692307692309,9.398387096774194
USC00365104,1910,11.53111111111111,12.358928571428573,11.729166666666666,13.036
USC00365104,1911,10.492934782608694,9.225,11.354945054945057,11.85483870967742
USC00365104,1912,10.145108695652175,11.271666666666665,12.621978021978022,12.359677419354838
USC00365104,1913,11.333695652173914,11.691666666666666,12.908333333333333,13.699999999999998
USC00365104,1914,9.808241758241758,8.883333333333333,12.462637362637361,14.911290322580642
USC00365104,1916,8.993478260869566,9.658333333333333,11.554395604395602,11.640322580645162
USC00365104,1917,8.70217391304348,9.971666666666668,8.572527472527472,7.164516129032258
USC00365104,1918,11.359239130434782,9.315,11.535164835164835,13.488709677419354
USC00365104,1919,10.409239130434784,10.051666666666666,11.791758241758242,13.149999999999999
USC00365104,1920,8.111956521739131,7.064999999999999,12.14175824175824,14.049999999999999
USC00365104,1927,10.974456521739132,10.198333333333332,13.458791208791206,13.37258064516129
USC00365104,1928,9.868888888888888,9.360000000000001,12.351648351648349,13.12741935483871
USC00365104,1929,11.979347826086958,12.246666666666666,11.877472527472527,10.569354838709677
USC00365104,1930,11.116483516483518,10.566666666666665,12.834444444444443,11.601612903225806
USC00365104,1931,10.401111111111112,10.626666666666667,15.446022727272727,13.62586206896552
USC00365104,1932,9.903804347826087,10.113333333333333,12.336813186813188,13.140322580645162
USC00365104,1933,11.129891304347824,11.726666666666667,11.57967032967033,11.335483870967739
USC00365104,1934,9.973369565217393,10.194999999999999,12.986813186813187,11.720967741935485
USC00365104,1935,10.003296703296703,9.673333333333336,12.109890109890108,11.570967741935483
USC00365104,1937,9.623913043478261,9.586666666666668,10.924175824175826,10.54032258064516
USC00365104,1938,11.210869565217392,11.526666666666666,11.982777777777779,12.38225806451613
USC00365104,1939,10.453260869565218,9.233333333333333,11.678021978021974,11.687096774193549
USC00365104,1940,8.215217391304348,7.913333333333333,10.61043956043956,9.767741935483873
USC00365104,1941,9.69010989010989,12.713333333333333,12.319230769230765,13.183870967741935
USC00365104,1942,10.780769230769232,11.361666666666668,11.307142857142857,11.701612903225806
USC00365104,1943,7.817934782608697,5.753333333333333,10.467582417582417,10.711290322580645
USC00365104,1944,9.906521739130437,8.118333333333332,11.531318681318682,10.751612903225809
USC00365104,1945,12.182608695652174,12.618333333333336,11.92197802197802,11.033870967741937
USC00365104,1946,11.68478260869565,10.463333333333335,13.30879120879121,13.922580645161291
USC00365104,1947,9.304891304347825,10.55,13.069780219780219,15.648387096774194
USC00365104,1949,9.31195652173913,9.136666666666668,11.079120879120879,13.49516129032258
USC00365104,1950,7.33532608695652,6.656666666666666,11.15934065934066,12.366129032258067
USC00365104,1951,9.940217391304346,9.705,10.922527472527474,12.899999999999997
USC00365104,1952,9.504891304347826,10.666666666666668,11.070879120879122,9.261290322580644
USC00365104,1953,10.521739130434783,9.273333333333333,11.936813186813186,12.62258064516129
USC00365104,1954,9.822282608695652,12.043333333333333,12.237362637362638,13.350000000000001
USC00365104,1955,11.357065217391304,12.633333333333333,11.107142857142856,12.361290322580645
USC00365104,1956,7.943373493975903,8.961666666666668,11.136363636363635,12.469354838709679
USC00365104,1957,10.962499999999999,11.513793103448275,11.524444444444443,10.348387096774196
USC00365104,1958,9.941764705882354,11.618,11.48021978021978,11.291935483870969
USC00365104,1959,10.589130434782609,10.966666666666667,11.627472527472529,12.083870967741937
USC00365104,1960,7.517391304347826,11.888333333333332,11.265384615384614,10.311290322580646
USC00365104,1961,7.86358695652174,6.968333333333333,12.50879120879121,11.788709677419355
USC00365104,1962,9.418478260869565,8.955000000000002,9.563736263736265,10.967741935483874
USC00365104,1963,9.110989010989012,9.351666666666665,10.928333333333333,12.320967741935483
USC00365104,1964,8.898913043478261,7.546666666666668,10.959340659340658,9.58548387096774
USC00365104,1965,8.366847826086957,7.226666666666666,10.99010989010989,9.850000000000001
USC00365104,1966,7.9972826086956506,7.46,9.404945054945054,8.727419354838709
USC00365104,1967,6.645652173913044,8.951666666666666,9.334615384615383,9.995161290322581
USC00365104,1968,8.470652173913043,9.866666666666669,11.421428571428573,11.735483870967743
USC00365104,1969,8.301086956521738,9.065000000000001,10.455494505494507,10.022580645161288
USC00365104,1974,8.48481012658228,9.9625,10.13653846153846,9.015384615384615
USC00365109,1980,8.544021739130434,9.585,8.45977011494253,6.8166666666666655
USC00365109,1981,9.132417582417583,10.655172413793101,9.714835164835165,8.477419354838712
USC00365109,1982,9.06195652173913,8.139999999999999,11.813186813186814,11.443548387096778
USC00365109,1983,9.138586956521738,8.458333333333336,11.893956043956049,11.558064516129031
USC00365109,1984,7.454347826086958,8.968333333333334,11.50054945054945,13.611290322580645
USC00365109,1985,10.591847826086957,11.601666666666665,11.953846153846154,11.325806451612902
USC00365109,1986,10.608695652173912,10.234999999999998,10.138461538461538,10.851612903225805
USC00365109,1987,10.248369565217391,9.848333333333334,8.136764705882353,8.70483870967742
USC00365109,1988,9.856521739130436,8.966666666666667,12.236885245901638,8.443548387096774
USC00365109,1989,8.963333333333333,8.818333333333332,10.779999999999998,11.525000000000002
USC00365109,1990,9.542391304347825,10.223333333333334,12.280219780219783,13.379032258064514
USC00365109,1991,11.451086956521738,10.651666666666667,10.871978021978023,11.346774193548386
USC00365109,1992,8.066935483870967,,10.121428571428572,8.461290322580645
USC00365109,1993,8.38586956521739,9.263333333333332,10.218681318681318,9.730645161290324
USC00365109,1994,8.21304347826087,10.658333333333331,11.344505494505496,10.319354838709678
USC00365109,1995,9.003260869565217,7.7700000000000005,10.741758241758241,13.004838709677419
USC00365109,1996,7.6499999999999995,9.238333333333335,10.351648351648352,10.617741935483872
USC00365109,1997,8.029347826086957,8.023333333333332,10.590659340659341,11.09032258064516
USC00365109,1998,11.131868131868133,10.523333333333333,12.395604395604396,11.975806451612902
USC00365109,1999,9.625000000000002,9.856666666666666,11.917777777777777,10.085
USC00365109,2000,10.654347826086957,9.525000000000002,11.05824175824176,11.796774193548389
USC00365109,2001,8.902747252747252,9.498333333333335,11.821111111111112,11.377419354838711
USC00365109,2002,9.455978260869568,10.615,11.158791208791207,9.683870967741937
USC00365109,2003,8.728804347826086,9.155000000000003,11.287912087912089,9.730645161290324
USC00365109,2004,11.254891304347826,9.92,12.111538461538462,10.783870967741935
USC00365109,2005,7.722826086956521,10.023333333333332,12.524175824175824,12.02903225806452
USC00365109,2006,9.619021739130433,10.870000000000001,10.94010989010989,10.009677419354837
USC00365109,2007,8.70054347826087,7.486666666666666,12.678333333333333,14.979032258064517
USC00365109,2008,8.731521739130436,11.414999999999997,10.92912087912088,10.032258064516126
USC00365109,2009,9.677173913043479,9.948333333333332,11.181868131868134,9.619354838709679
USC00365109,2010,11.680434782608698,12.046666666666665,11.431318681318679,11.312903225806451
USC00365109,2011,9.785326086956523,9.596666666666668,12.07967032967033,10.787096774193548
USC00365109,2012,12.184782608695654,9.315,10.835714285714287,11.904838709677419
USC00365109,2013,8.646195652173914,9.316666666666666,10.623076923076923,12.366129032258065
USC00365109,2014,7.659782608695653,8.878333333333332,10.920879120879121,12.364516129032259
USC00365109,2015,8.898913043478261,9.104999999999999,12.819780219780219,11.024193548387098
USC00365109,2016,10.178260869565218,9.003333333333332,12.51208791208791,12.10483870967742
USC00365109,2017,9.545108695652173,12.536666666666665,11.869230769230771,13.769354838709678
USC00365109,2018,8.570652173913043,6.468333333333335,11.103846153846154,11.369354838709679
USC00365109,2019,9.429891304347825,10.314999999999998,10.594505494505494,11.29516129032258
USC00365109,2020,9.048369565217392,7.213333333333333,12.070879120879122,11.559677419354838
USC00365109,2021,10.078089887640449,10.48,14.257746478873239,15.738636363636363
USC00365109,2022,9.997826086956522,9.135000000000002,10.55379746835443,10.396774193548389
USC00365109,2023,9.781521739130435,11.47,12.004395604395606,13.045161290322584
USC00365109,2024,11.645652173913042,10.861666666666668,12.50879120879121,12.174193548387096
USC00365109,2025,10.773369565217392,10.759999999999998,11.897252747252749,11.637096774193548
USC00365212,1990,10.313483146067417,10.329310344827585,12.335000000000004,12.723333333333334
USC00365212,1991,12.445652173913047,11.481666666666667,11.542134831460674,12.162068965517243
USC00365212,1992,9.135714285714284,10.008620689655173,10.913333333333332,9.379032258064516
USC00365212,1993,10.21722222222222,11.053333333333331,12.130769230769229,11.637096774193548
USC00365212,1994,9.711797752808987,12.07758620689655,12.234065934065931,10.683870967741933
USC00365212,1996,9.213529411764707,11.126923076923077,12.098051948051948,12.248333333333333
USC00365212,1997,8.914556962025317,8.075862068965519,12.008333333333335,12.360714285714286
USC00365212,1998,11.636585365853659,10.963461538461537,13.512987012987013,12.969999999999997
USC00365212,2000,11.604651162790697,9.97962962962963,11.903488372093024,13.214285714285717
USC00365212,2004,11.445454545454545,10.1875,14.223437500000001,13.63125
USC00365212,2008,9.521969696969698,12.359090909090908,11.838235294117643,10.608333333333333
USC00365212,2010,10.604166666666666,12.129166666666668,11.683076923076923,11.55
USC00365212,2014,7.85813953488372,9.075925925925926,10.969277108433735,11.917241379310346
USC00365212,2015,8.165189873417722,9.61346153846154,12.437349397590362,10.955555555555554
USC00365212,2016,9.406521739130435,9.475,12.665168539325844,12.993333333333334
USC00365212,2017,9.920879120879121,12.028333333333336,11.965882352941177,13.117241379310345
USC00365212,2019,9.752717391304348,10.720000000000002,11.213186813186814,12.104838709677423
USC00365212,2020,9.041847826086958,7.62,11.76551724137931,11.246296296296295
USC00365212,2021,9.144943820224718,9.39310344827586,11.915060240963854,14.246551724137928
USC00365212,2022,9.202272727272726,8.346428571428572,11.104022988505747,9.65967741935484
USC00365212,2023,9.209239130434781,10.755,12.002976190476192,12.362499999999999
USC00365212,2024,11.691304347826087,11.381666666666666,13.257777777777775,12.416129032258063
USC00365212,2025,10.954444444444443,10.883333333333333,11.175000000000002,11.590322580645157
USC00365259,1894,11.004999999999999,9.651666666666666,12.925409836065576,13.006451612903227
USC00365259,1895,9.753804347826087,10.968333333333332,12.314835164835166,9.898387096774192
USC00365259,1896,10.267901234567901,13.09,8.946428571428571,9.061538461538461
USC00365259,1897,9.934239130434781,10.004999999999999,13.2510989010989,14.32258064516129
USC00365259,1898,10.433152173913044,7.09,12.427222222222223,12.822580645161292
USC00365259,1899,9.48831168831169,11.071666666666665,12.622159090909092,13.966129032258063
USC00365259,1900,8.600543478260871,9.285,14.640109890109887,16.22741935483871
USC00365259,1901,8.591304347826087,7.219999999999999,,
USC00365259,1902,9.953804347826088,8.293333333333335,13.723626373626372,12.487096774193551
USC00365259,1903,12.473369565217393,10.236666666666666,11.413186813186812,12.530645161290321
USC00365259,1904,9.458695652173914,7.504999999999998,11.017283950617285,11.967741935483868
USC00365259,1905,10.853804347826086,9.323333333333332,11.925274725274729,12.691935483870965
USC00365259,1906,9.230434782608695,10.669999999999998,12.612637362637363,11.579032258064517
USC00365259,1907,9.042391304347827,5.943333333333333,10.891758241758241,9.743548387096775
USC00365259,1908,11.270652173913042,10.763333333333334,13.526923076923078,13.674193548387098
USC00365259,1909,9.21141304347826,9.8,12.308241758241754,9.533870967741938
USC00365259,1910,12.029891304347826,11.703333333333331,13.033950617283951,15.351785714285715
USC00365259,1911,10.445652173913043,8.521666666666665,11.858791208791207,12.301612903225804
USC00365259,1912,10.245652173913042,11.613333333333333,12.50054945054945,12.425806451612901
USC00365259,1913,10.472826086956523,10.32,11.647252747252749,11.469354838709679
USC00365259,1915,8.494565217391306,12.12,12.895054945054943,12.883870967741935
USC00365259,1916,8.347282608695652,8.37,12.301098901098905,12.287096774193548
USC00365259,1917,8.498913043478263,9.501666666666667,9.8510989010989,9.090322580645159
USC00365259,1918,12.191304347826087,9.623333333333333,10.762499999999998,
USC00365259,1919,10.318478260869567,10.133333333333335,13.886813186813187,15.69516129032258
USC00365259,1920,9.47608695652174,8.351666666666667,13.276923076923078,15.53064516129032
USC00365259,1921,13.832608695652175,14.22,13.745604395604394,12.629032258064514
USC00365259,1922,11.67445652173913,11.216666666666667,13.86263736263736,13.712903225806452
USC00365259,1923,9.847282608695652,9.834999999999999,11.980219780219779,11.191935483870969
USC00365259,1924,8.029878048780487,10.392857142857142,11.827472527472525,13.558064516129031
USC00365259,1925,10.598369565217393,12.388333333333334,10.886813186813185,7.454838709677419
USC00365259,1926,7.981521739130434,7.5266666666666655,11.884615384615385,11.533870967741938
USC00365259,1927,10.440760869565217,9.538333333333334,13.979120879120877,14.18709677419355
USC00365259,1928,8.006470588235295,7.928333333333333,12.080219780219776,14.233870967741934
USC00365259,1929,11.382608695652175,11.608333333333333,11.85,10.726666666666667
USC00365259,1930,10.255434782608697,10.4,12.568131868131866,10.590322580645159
USC00365259,1931,8.817391304347826,9.953333333333335,15.048351648351646,14.212903225806452
USC00365259,1932,8.82663043478261,9.26,12.713186813186814,13.35
USC00365259,1933,10.332065217391305,11.273333333333335,12.330769230769233,12.129032258064514
USC00365259,1934,10.17741935483871,,13.726923076923075,12.348387096774193
USC00365259,1935,9.983152173913043,8.514999999999999,11.895604395604396,11.940322580645159
USC00365259,1936,10.229347826086958,7.073333333333333,12.267777777777777,12.675806451612903
USC00365259,1937,8.374999999999998,8.63,11.155494505494506,11.220967741935484
USC00365259,1938,11.496590909090909,11.745000000000001,11.843406593406593,12.37741935483871
USC00365259,1939,10.433152173913046,8.688333333333334,13.335164835164832,14.062903225806451
USC00365259,1940,8.207065217391303,8.276666666666667,11.043406593406592,11.441935483870967
USC00365259,1941,9.731318681318681,13.81551724137931,13.610439560439564,14.258064516129032
USC00365259,1942,12.46529411764706,15.080434782608696,12.644505494505495,13.416129032258064
USC00365336,1950,5.751086956521739,4.958333333333333,9.186263736263736,10.585483870967744
USC00365336,1951,7.272826086956522,7.029999999999999,8.635714285714286,10.617741935483872
USC00365336,1952,7.027717391304349,8.533333333333333,8.702197802197803,6.320967741935483
USC00365336,1953,8.567582417582416,7.0600000000000005,10.069230769230769,10.672580645161291
USC00365336,1954,7.701630434782611,10.186666666666667,9.94175824175824,11.37741935483871
USC00365336,1955,9.41,10.644827586206894,9.106741573033707,10.475000000000001
USC00365336,1956,4.821739130434783,5.043333333333334,8.00164835164835,8.87258064516129
USC00365336,1957,6.5690217391304335,7.831666666666667,8.20054945054945,7.029032258064515
USC00365336,1958,6.23858695652174,7.723333333333333,8.777472527472527,8.327419354838709
USC00365336,1959,7.2125,7.596666666666667,9.11978021978022,9.48225806451613
USC00365336,1960,4.386413043478262,8.786666666666667,8.847802197802196,7.348387096774193
USC00365336,1961,5.847282608695651,4.668333333333332,10.898076923076925,9.50806451612903
USC00365336,1962,7.077717391304349,6.388333333333333,7.588461538461538,8.98709677419355
USC00365336,1963,6.393478260869566,6.6000000000000005,8.88901098901099,10.170967741935483
USC00365336,1964,6.925543478260869,6.4300000000000015,7.803846153846154,5.96774193548387
USC00365336,1965,5.998369565217393,5.319999999999999,8.795604395604395,6.982258064516129
USC00365336,1966,6.0538043478260875,5.7333333333333325,7.329120879120877,6.538709677419354
USC00365336,1967,5.4728260869565215,7.841666666666665,6.979670329670328,7.840322580645162
USC00365336,1968,6.6304347826086945,7.926666666666666,9.019230769230768,9.119354838709679
USC00365336,1969,6.193478260869565,7.293333333333333,8.003846153846153,7.3838709677419345
USC00365336,1970,6.459782608695652,7.236666666666666,10.640659340659338,10.720967741935487
USC00365336,1971,4.58858695652174,5.0616666666666665,10.685714285714289,11.72741935483871
USC00365336,1972,6.077173913043478,5.531666666666667,11.012295081967215,6.2387096774193544
USC00365336,1973,7.446739130434781,7.236666666666667,9.75934065934066,9.73225806451613
USC00365336,1974,6.590217391304346,6.926666666666666,7.613186813186814,5.9951612903225815
USC00365336,1975,5.601630434782609,3.5316666666666667,9.312222222222223,9.95483870967742
USC00365336,1976,7.519021739130435,7.849999999999999,5.702197802197801,5.590322580645162
USC00365336,1977,8.540217391304347,7.991666666666666,8.968131868131868,6.869354838709678
USC00365336,1978,5.151123595505617,5.793103448275861,8.541208791208792,6.7951612903225795
USC00365336,1979,7.198351648351648,6.532758620689655,9.242857142857144,8.540322580645164
USC00365336,1980,6.12445652173913,6.5583333333333345,7.82912087912088,6.517741935483872
USC00365336,1981,6.517777777777777,7.813333333333334,7.7967032967032965,6.748387096774195
USC00365336,1982,6.181521739130434,4.716666666666667,9.740109890109888,9.10483870967742
USC00365336,1983,7.383333333333334,5.893333333333334,9.433516483516485,9.430645161290325
USC00365336,1984,4.937500000000001,6.613333333333332,9.08956043956044,11.929032258064517
USC00365336,1986,8.729891304347825,9.195,9.185,
USC00365336,1987,8.254347826086954,7.916666666666668,8.702222222222222,6.25
USC00365336,1988,6.994565217391305,6.6483333333333325,8.204945054945055,6.909677419354838
USC00365336,1989,6.060869565217391,5.605,8.825824175824176,9.35483870967742
USC00365390,1920,11.596341463414635,10.419047619047618,15.584615384615384,17.38387096774193
USC00365390,1921,14.490804597701153,15.612499999999999,14.836813186813188,14.380645161290321
USC00365390,1922,12.11467391304348,11.183333333333335,14.708791208791206,15.019354838709674
USC00365390,1923,12.07554347826087,12.385,13.610439560439563,12.706451612903228
USC00365390,1932,10.983749999999999,11.446296296296298,15.275280898876405,15.727586206896552
USC00365390,1933,13.195833333333335,13.236,14.724025974025974,15.215517241379313
USC00365390,1934,12.719565217391304,12.661666666666665,15.27696629213483,13.888709677419355
USC00365390,1935,13.615189873417721,14.336842105263157,15.191666666666666,14.991666666666669
USC00365390,1936,14.143956043956045,11.848333333333334,15.221111111111112,15.993333333333332
USC00365390,1937,12.632417582417585,12.461666666666666,14.037222222222221,14.422580645161293
USC00365390,1938,13.70054347826087,14.176666666666668,15.401111111111113,15.833870967741934
USC00365390,1939,13.52722222222222,12.246428571428572,14.779670329670328,14.937096774193549
USC00365390,1940,11.303296703296704,10.606896551724141,13.778571428571427,13.10161290322581
USC00365390,1941,13.490109890109892,15.906896551724135,16.669999999999998,17.504838709677422
USC00365390,1942,14.15284090909091,14.386206896551723,15.229670329670332,15.274193548387096
USC00365390,1943,11.770652173913042,9.613333333333333,14.065384615384616,13.753225806451612
USC00365390,1944,12.710869565217392,11.346666666666666,14.9510989010989,14.103225806451611
USC00365390,1945,15.624404761904762,15.386666666666668,15.982716049382715,15.508333333333333
USC00365390,1946,15.717647058823529,15.265517241379309,17.2054945054945,17.29193548387097
USC00365390,1947,11.61195652173913,12.373333333333335,16.27967032967033,18.656451612903226
USC00365390,1948,12.408988764044942,12.280357142857143,16.11043956043956,14.624193548387098
USC00365390,1949,12.703260869565218,12.328333333333331,15.450000000000001,17.28709677419355
USC00365390,1950,10.535326086956522,10.455000000000002,14.679120879120877,16.016129032258064
USC00365390,1951,12.470108695652174,12.234999999999998,14.193956043956042,15.846774193548386
USC00365390,1952,12.435326086956524,13.753333333333334,14.429120879120878,13.266129032258066
USC00365390,1953,12.842777777777776,11.993333333333332,15.374175824175822,15.879032258064518
USC00365390,1954,11.934782608695652,13.218333333333335,15.236813186813187,16.57258064516129
USC00365390,1955,13.28641304347826,13.408333333333335,14.572527472527474,15.746774193548388
USC00365390,1956,9.866304347826087,9.941666666666666,13.95054945054945,14.830645161290322
USC00365390,1957,12.90108695652174,13.286666666666665,14.976373626373627,13.566129032258063
USC00365390,1958,11.832065217391303,12.936666666666664,14.386263736263734,13.998387096774193
USC00365390,1959,12.39945652173913,12.588333333333331,15.381318681318682,16.412903225806453
USC00365390,1960,10.946739130434782,14.51333333333333,14.847252747252746,14.33225806451613
USC00365390,1961,11.10217391304348,10.418333333333331,16.22142857142857,15.467741935483874
USC00365390,1962,12.43641304347826,12.018333333333334,13.759340659340658,15.277419354838708
USC00365390,1963,12.2,12.368333333333334,14.810989010989013,16.122580645161285
USC00365390,1964,11.929347826086957,10.228333333333332,14.555494505494504,12.988709677419356
USC00365390,1965,14.936885245901639,10.264999999999999,14.31923076923077,13.558064516129033
USC00365390,1966,13.074590163934426,9.656666666666666,13.946703296703298,13.41935483870968
USC00365390,1967,9.977717391304347,11.481666666666667,12.845054945054944,13.541935483870969
USC00365390,1968,11.859782608695651,12.650000000000002,11.785245901639346,15.179032258064515
USC00365390,1969,11.826630434782608,12.745000000000003,13.809340659340657,13.664516129032256
USC00365390,1970,10.93695652173913,10.958333333333334,15.42802197802198,15.503225806451614
USC00365390,1971,10.53858695652174,10.958333333333332,16.177472527472528,17.651612903225804
USC00365390,1972,11.629347826086958,11.024999999999997,13.320879120879122,12.053225806451614
USC00365390,1973,14.505737704918031,12.53166666666667,15.653296703296704,15.86774193548387
USC00365390,1974,12.880434782608699,13.944999999999999,13.743406593406595,12.591935483870968
USC00365390,1975,12.120652173913042,10.248333333333335,15.429120879120878,15.758064516129032
USC00365390,1976,13.740217391304347,14.538333333333332,13.043956043956046,12.329032258064515
USC00365390,1977,15.11467391304348,14.888333333333337,15.167582417582418,13.858064516129032
USC00365390,1978,11.908695652173913,12.601666666666667,14.825274725274726,14.101612903225806
USC00365390,1979,13.045652173913044,11.53,15.259890109890112,13.619354838709675
USC00365390,1980,13.232065217391304,14.028333333333334,14.532967032967031,13.567741935483873
USC00365390,1981,12.944021739130434,13.851666666666667,13.811538461538458,12.743548387096771
USC00365390,1982,12.64836956521739,11.668333333333331,15.00054945054945,14.654838709677417
USC00365390,1983,12.472282608695652,12.036666666666665,15.39120879120879,14.766129032258064
USC00365390,1984,11.03695652173913,11.861666666666668,15.026373626373625,17.36935483870968
USC00365390,1985,14.276630434782613,14.809999999999999,15.94010989010989,15.524193548387096
USC00365390,1986,13.67771739130435,12.846666666666668,14.203846153846156,14.798387096774194
USC00365390,1987,12.86521739130435,12.121666666666666,13.796703296703297,12.038709677419355
USC00365390,1989,11.096195652173913,11.433333333333334,13.751098901098903,14.198387096774193
USC00365390,1990,12.127173913043476,12.431666666666667,15.034065934065934,15.920967741935485
USC00365390,1991,14.203260869565215,13.031666666666665,17.061475409836067,14.416129032258064
USC00365390,1993,11.35217391304348,11.598333333333334,13.969230769230768,13.15645161290323
USC00365390,1994,11.865934065934063,14.228333333333333,14.883516483516482,13.896774193548385
USC00365390,1996,10.648369565217392,11.785000000000002,13.404395604395605,13.880645161290323
USC00365390,1997,11.223369565217391,11.355000000000002,13.85879120879121,14.390322580645162
USC00365390,1998,13.298369565217392,13.366666666666665,15.629670329670331,14.929032258064515
USC00365390,1999,12.091304347826085,12.506666666666666,15.565384615384616,14.100000000000001
USC00365390,2000,13.446195652173913,11.981666666666667,14.492857142857142,15.288709677419357
USC00365390,2001,12.308695652173913,13.056666666666667,17.837704918032784,15.412903225806453
USC00365390,2002,13.072826086956523,14.234999999999998,15.010439560439561,14.261290322580642
USC00365390,2003,11.53423913043478,11.785,15.51703296703297,13.951612903225806
USC00365390,2004,13.997282608695652,12.87,15.470879120879122,14.23709677419355
USC00365390,2005,11.501630434782607,13.625,16.492857142857144,15.404838709677419
USC00365390,2006,13.576630434782611,14.493333333333332,15.292307692307693,14.383870967741936
USC00365390,2008,12.616847826086957,13.923333333333334,14.893406593406597,14.346774193548388
USC00365390,2009,12.85815217391304,13.415000000000001,15.021428571428572,13.91451612903226
USC00365390,2010,14.64945652173913,14.656666666666666,15.5,15.077419354838707
USC00365390,2011,13.38641304347826,13.895,16.00824175824176,14.669354838709676
USC00365390,2012,15.446739130434787,13.751666666666667,14.800000000000002,15.358064516129032
USC00365408,1961,6.651630434782608,4.608333333333334,12.105494505494505,12.072580645161288
USC00365408,1962,8.654347826086957,7.9799999999999995,9.307692307692307,10.617741935483869
USC00365408,1963,8.5875,8.828333333333331,11.543956043956044,13.866129032258064
USC00365408,1964,9.155978260869567,8.943333333333333,10.42197802197802,8.811290322580646
USC00365408,1965,8.027173913043478,7.7233333333333345,10.62912087912088,9.125806451612904
USC00365408,1966,7.343406593406593,6.237931034482758,9.478021978021978,9.043548387096775
USC00365408,1967,7.499999999999999,9.638333333333334,8.661538461538463,10.137096774193548
USC00365408,1968,8.816304347826089,10.67666666666667,10.807142857142857,10.774193548387098
USC00365408,1969,8.653260869565216,10.555000000000001,9.823626373626373,10.4241935483871
USC00365408,1970,8.309239130434785,9.488333333333335,12.002197802197802,11.97741935483871
USC00365408,1971,6.2625,6.701666666666668,12.271428571428569,14.15
USC00365408,1972,7.916847826086957,7.806666666666666,9.256593406593405,8.198387096774194
USC00365408,1973,9.227717391304349,8.445,11.431868131868132,12.006451612903227
USC00365408,1974,8.975,10.013333333333332,9.502747252747254,9.085483870967742
USC00365408,1975,7.834782608695652,5.640000000000001,11.38736263736264,11.972580645161289
USC00365408,1976,9.37554347826087,9.596666666666668,7.423076923076924,7.554838709677421
USC00365408,1977,10.95217391304348,10.091666666666669,10.762087912087912,9.414516129032258
USC00365408,1978,7.155978260869564,7.953333333333333,10.785164835164833,9.39516129032258
USC00365408,1979,8.81304347826087,7.856666666666668,10.778571428571427,9.637096774193548
USC00365408,1980,7.780434782608697,7.811666666666667,9.52747252747253,8.351612903225808
USC00365408,1981,8.342934782608696,10.178333333333336,9.274175824175824,9.093548387096778
USC00365408,1982,8.77336956521739,6.839999999999999,11.213186813186814,11.311290322580646
USC00365408,1983,7.404347826086957,6.736666666666667,10.77967032967033,11.161290322580648
USC00365408,1984,5.32554347826087,7.748333333333332,10.436263736263735,13.364516129032259
USC00365408,1985,9.643478260869564,10.878333333333332,11.74835164835165,11.353225806451611
USC00365408,1986,9.513586956521738,9.993333333333334,10.299450549450551,10.414516129032261
USC00365408,1987,9.617391304347825,9.353333333333332,10.02912087912088,7.764516129032257
USC00365408,1988,8.531521739130435,7.9783333333333335,9.350549450549451,6.95483870967742
USC00365408,1989,7.552717391304348,7.105000000000001,10.184615384615384,11.012903225806449
USC00365408,1991,10.817934782608695,10.175,6.183606557377049,9.356451612903228
USC00365408,1992,6.933695652173912,8.053333333333331,8.895604395604396,7.233870967741935
USC00365408,1993,7.573913043478262,8.555000000000001,8.895054945054945,8.453225806451613
USC00365470,1964,9.892934782608695,8.71,11.38901098901099,9.654838709677419
USC00365470,1965,9.35108695652174,8.071666666666665,10.765384615384615,9.659677419354841
USC00365470,1966,8.258152173913043,7.666666666666667,10.843406593406595,10.279032258064516
USC00365470,1967,7.370108695652176,9.701666666666666,10.436263736263736,11.491935483870972
USC00365470,1968,9.916304347826088,11.186666666666667,11.976373626373627,12.72741935483871
USC00365470,1969,9.355978260869565,10.905,11.04010989010989,10.83548387096774
USC00365470,1970,9.145108695652175,9.360000000000001,12.518131868131869,12.903225806451614
USC00365470,1971,8.0375,8.23,12.713186813186812,14.441935483870969
USC00365470,1972,8.813586956521739,7.7733333333333325,10.236263736263739,8.93225806451613
USC00365470,1973,10.469565217391304,10.631666666666668,12.386263736263734,12.87741935483871
USC00365470,1974,10.115760869565218,11.756666666666668,10.824725274725274,9.675806451612903
USC00365470,1975,9.26141304347826,7.093333333333335,12.48791208791209,13.385483870967741
USC00365470,1976,10.28641304347826,11.068333333333333,9.715384615384616,9.788709677419355
USC00365470,1977,11.372282608695652,10.478333333333332,11.848901098901099,10.620967741935484
USC00365470,1978,8.652717391304348,9.120000000000001,11.299450549450547,11.0
USC00365470,1979,10.41358695652174,9.191666666666665,12.113736263736262,11.0
USC00365470,1980,10.022282608695653,10.648333333333333,11.169230769230769,10.535483870967742
USC00365470,1981,10.374999999999998,11.371666666666668,11.006043956043955,9.551612903225807
USC00365470,1982,9.144021739130435,8.231666666666667,12.494505494505495,12.335483870967742
USC00365470,1984,7.811413043478262,9.325000000000001,11.999404761904763,13.493548387096775
USC00365470,1985,10.434444444444445,10.650000000000002,13.76065573770492,11.166129032258064
USC00365470,1986,9.651630434782607,9.636666666666665,10.242222222222221,11.293333333333333
USC00365470,1988,8.267391304347827,7.893333333333332,9.649450549450549,7.9241935483870956
USC00365470,1989,7.4714285714285715,6.858333333333334,10.643956043956043,11.061290322580646
USC00365470,1990,8.61358695652174,8.903333333333334,11.717222222222219,13.096666666666666
USC00365470,1991,10.671739130434782,10.201666666666666,10.89010989010989,10.998387096774193
USC00365470,1992,7.3148351648351655,7.451724137931034,9.717222222222222,8.679032258064517
USC00365470,1995,8.380434782608695,7.39,10.35,12.524193548387098
USC00365470,1996,6.807608695652172,7.878333333333334,10.113736263736264,10.417741935483871
USC00365470,1997,6.830434782608696,6.961666666666667,9.658791208791207,10.151612903225807
USC00365470,1998,9.973369565217391,9.283333333333333,10.883516483516486,10.716129032258065
USC00365470,1999,7.866666666666666,7.849999999999999,10.804651162790696,9.040322580645162
USC00365470,2000,9.065882352941177,7.471666666666668,8.874096385542169,9.81290322580645
USC00365470,2001,8.101898734177215,8.036538461538463,10.724175824175823,10.37258064516129
USC00365470,2002,7.886956521739131,8.771666666666668,9.8989010989011,9.011290322580644
USC00365470,2003,6.692391304347825,6.353333333333334,9.932558139534883,8.641935483870968
USC00365470,2004,8.893258426966293,8.218333333333332,10.819780219780219,9.64032258064516
USC00365470,2006,8.321195652173914,9.103333333333335,10.67967032967033,9.437096774193549
USC00365470,2007,7.445652173913042,6.853333333333333,11.80164835164835,14.074193548387097
USC00365470,2008,7.466847826086956,9.623333333333333,10.67802197802198,9.779032258064515
USC00365470,2009,8.236413043478262,8.82666666666667,10.664285714285713,9.217741935483868
USC00365470,2010,10.4875,10.578333333333331,10.574175824175825,10.069354838709678
USC00365470,2011,8.82197802197802,9.267241379310343,11.708791208791206,11.016129032258064
USC00365479,1894,9.946739130434782,8.418333333333333,10.970879120879122,11.308064516129035
USC00365479,1895,8.580978260869566,9.221666666666666,10.753846153846153,7.429032258064517
USC00365479,1896,9.597191011235953,11.603333333333332,11.095054945054946,9.069354838709677
USC00365479,1897,9.518478260869566,10.025000000000002,11.463186813186812,11.733870967741936
USC00365479,1898,10.01467391304348,7.711666666666667,11.785164835164835,11.933870967741937
USC00365479,1899,9.424999999999997,9.843333333333334,11.380219780219782,12.430645161290322
USC00365479,1900,8.472527472527474,10.100000000000001,13.665934065934065,14.582258064516129
USC00365479,1901,8.831521739130435,8.919999999999998,10.378571428571428,10.680645161290322
USC00365479,1902,10.262500000000001,9.638333333333332,11.953846153846154,10.916129032258068
USC00365479,1903,11.541304347826086,9.908333333333335,10.823626373626373,12.082258064516129
USC00365479,1904,8.783695652173913,7.499999999999999,10.183516483516485,9.854838709677418
USC00365479,1905,9.876086956521737,9.496666666666666,11.375824175824178,11.782258064516132
USC00365479,1906,8.529347826086957,10.068333333333333,12.276373626373628,11.56935483870968
USC00365479,1907,7.726630434782609,6.651666666666666,10.6010989010989,9.156451612903227
USC00365479,1908,9.944021739130434,9.639999999999999,12.084065934065938,12.593548387096776
USC00365479,1909,8.714673913043478,8.98333333333333,11.304395604395605,9.141935483870967
USC00365479,1910,11.007065217391304,11.89166666666667,11.589560439560438,12.877419354838711
USC00365479,1911,9.616847826086955,7.920000000000001,10.750549450549448,11.080645161290326
USC00365479,1912,8.954891304347825,9.528333333333334,12.513186813186813,13.317741935483872
USC00365479,1913,10.465760869565216,10.82333333333333,12.832222222222223,13.704838709677423
USC00365479,1914,8.908695652173913,8.249999999999998,11.757142857142856,13.574193548387097
USC00365479,1915,8.920108695652173,12.408333333333333,12.72087912087912,12.662903225806451
USC00365479,1916,7.940760869565217,9.173333333333334,11.257222222222223,11.595161290322581
USC00365479,1917,7.895604395604396,9.321666666666664,9.448901098901098,9.017741935483869
USC00365479,1918,11.02717391304348,9.241666666666667,11.473076923076922,13.538709677419357
USC00365479,1919,9.951086956521738,9.1,12.332967032967035,13.612903225806454
USC00365479,1920,8.392857142857146,7.766666666666667,12.529120879120878,14.625806451612902
USC00365479,1921,12.305434782608698,13.026666666666667,12.204395604395604,11.172580645161288
USC00365479,1922,10.371739130434781,9.866666666666665,12.57802197802198,12.688709677419354
USC00365479,1923,8.705434782608696,9.555000000000001,11.534065934065936,11.098387096774191
USC00365479,1924,8.272826086956522,8.615,10.965934065934066,12.056451612903224
USC00365479,1925,9.444318181818183,9.878333333333332,10.485164835164834,8.008064516129034
USC00365479,1926,7.505978260869566,6.908333333333333,11.277472527472527,10.477419354838707
USC00365479,1927,9.041847826086956,8.163333333333334,12.247252747252746,12.39032258064516
USC00365479,1928,7.690760869565217,7.1466666666666665,11.62967032967033,12.36935483870968
USC00365479,1929,9.712222222222222,9.65,10.504395604395604,9.698387096774194
USC00365479,1930,9.010326086956521,8.086666666666666,12.251744186046512,10.540384615384614
USC00365479,1931,9.444021739130434,9.308333333333334,14.217582417582415,12.854838709677422
USC00365479,1932,7.827717391304348,7.6933333333333325,10.606593406593406,11.070967741935483
USC00365479,1933,11.620652173913046,11.94,10.00934065934066,9.172580645161288
USC00365479,1934,8.084782608695651,8.211666666666668,12.044382022471908,9.894827586206896
USC00365479,1935,7.582777777777778,7.5,11.548901098901101,11.337096774193547
USC00365479,1939,9.530434782608697,8.085,11.081249999999999,11.837096774193547
USC00365479,1941,9.733888888888888,13.072413793103449,12.716666666666665,13.934999999999999
USC00365479,1942,9.976190476190478,10.190384615384614,10.372289156626508,10.070689655172414
USC00365479,1943,7.741379310344827,5.698275862068966,9.670394736842105,9.646296296296297
USC00365479,1944,8.403571428571427,6.654166666666666,10.670987654320987,9.179310344827586
USC00365479,1945,10.383734939759037,11.151785714285714,10.751764705882351,10.127419354838707
USC00365479,1946,10.258536585365853,9.183928571428572,12.378767123287673,12.377586206896554
USC00365479,1947,7.585185185185185,8.984,11.712337662337662,14.270370370370369
USC00365479,1949,9.16,9.299999999999999,10.827857142857143,12.784615384615384
USC00365479,1950,7.637499999999998,7.708928571428571,10.366265060240965,11.315517241379311
USC00365479,1951,9.270481927710845,9.303846153846154,9.904430379746834,11.294444444444446
USC00365479,1952,8.554268292682925,10.613461538461538,9.834269662921349,7.839999999999999
USC00365479,1953,10.059770114942529,9.485714285714286,12.764117647058827,13.203571428571427
USC00365573,1988,9.6875,9.371666666666668,10.125,7.967741935483871
USC00365573,1989,9.20217391304348,8.41,11.569230769230769,11.81451612903226
USC00365573,1990,10.391304347826086,10.84666666666667,12.443956043956044,12.651612903225807
USC00365573,1991,12.52247191011236,11.865517241379312,11.524725274725276,12.141935483870965
USC00365573,1992,12.698333333333332,10.808333333333332,11.347802197802196,9.964516129032257
USC00365573,1993,9.576666666666666,9.687931034482759,11.022222222222222,10.64516129032258
USC00365573,1994,9.225000000000001,11.741666666666665,11.912637362637362,10.990322580645165
USC00365573,1995,9.251149425287357,8.940000000000001,11.029444444444444,12.898333333333333
USC00365573,1996,8.618131868131869,9.545,10.679120879120878,11.366129032258065
USC00365573,1997,8.183333333333335,7.938333333333333,10.785164835164835,11.345161290322583
USC00365573,1998,11.512500000000001,10.195,12.617777777777777,11.864516129032259
USC00365573,1999,9.66609195402299,11.491666666666667,12.278333333333336,11.375806451612902
USC00365573,2000,11.46,10.310000000000002,11.317582417582422,12.609677419354837
USC00365573,2001,10.133152173913045,12.416666666666666,12.51923076923077,11.9
USC00365573,2005,8.947826086956523,11.43,12.820000000000002,12.364516129032259
USC00365573,2006,9.236666666666666,11.010000000000002,10.83021978021978,10.3
USC00365573,2007,10.0875,7.9416666666666655,12.85934065934066,14.875806451612902
USC00365573,2008,9.277777777777779,11.075,11.163736263736261,10.451612903225806
USC00365573,2009,11.43875,12.760869565217389,12.242307692307692,10.424193548387098
USC00365573,2010,11.89782608695652,12.293333333333331,12.237362637362637,12.327419354838707
USC00365573,2011,10.88804347826087,11.418333333333335,12.895054945054943,11.600000000000001
USC00365573,2012,13.456521739130437,10.233333333333333,11.336813186813188,11.98225806451613
USC00365573,2013,9.575,10.844999999999999,11.263333333333334,12.606451612903225
USC00365573,2014,8.455434782608695,10.441666666666666,11.426190476190477,12.34655172413793
USC00365573,2015,10.260326086956523,11.176666666666668,13.855494505494507,12.098387096774195
USC00365573,2016,10.683125,10.325000000000001,13.100568181818181,13.508064516129034
USC00365573,2017,10.806818181818182,13.01346153846154,12.92142857142857,14.601612903225806
USC00365573,2019,10.74,11.70166666666667,12.316483516483519,13.064516129032256
USC00365606,1929,10.366847826086957,10.436666666666667,9.818243243243245,10.661290322580644
USC00365606,1930,9.05108695652174,9.161666666666665,11.486263736263739,10.009677419354839
USC00365606,1931,8.41304347826087,8.895000000000001,14.424025974025973,13.924
USC00365606,1932,7.509550561797753,7.675925925925925,11.273863636363636,12.464516129032257
USC00365606,1933,9.780000000000001,10.977777777777776,9.855645161290322,10.659615384615385
USC00365606,1934,9.291764705882354,8.483333333333333,12.586263736263739,11.229032258064517
USC00365606,1935,8.881764705882354,7.645,11.49137931034483,11.576666666666664
USC00365606,1936,9.248333333333335,6.782142857142857,11.353846153846154,11.998387096774193
USC00365606,1937,7.702717391304348,8.303333333333335,8.211607142857144,7.951724137931035
USC00365606,1938,9.290243902439023,8.536666666666665,10.065384615384618,10.785483870967742
USC00365606,1939,7.5576923076923075,5.934999999999999,10.328571428571427,10.94032258064516
USC00365606,1940,5.805813953488371,5.788333333333333,8.680219780219781,8.098387096774193
USC00365606,1941,7.534482758620689,10.976923076923075,11.163218390804596,11.530357142857143
USC00365606,1942,9.204891304347827,9.973333333333331,10.221428571428572,10.63064516129032
USC00365606,1943,5.875543478260869,3.9949999999999997,8.62277777777778,8.645161290322582
USC00365606,1944,7.538043478260868,5.505,10.036263736263736,9.25806451612903
USC00365606,1945,9.306521739130437,9.601666666666667,10.41043956043956,8.943548387096774
USC00365606,1946,9.136956521739132,6.853333333333334,11.67197802197802,12.304838709677421
USC00365606,1947,5.965217391304347,7.673333333333332,11.292857142857144,14.149999999999999
USC00365606,1948,8.674725274725274,10.35,10.771978021978022,9.20483870967742
USC00365606,1949,7.63804347826087,6.659999999999999,10.327472527472526,12.67741935483871
USC00365606,1950,5.745652173913044,5.0649999999999995,10.04065934065934,11.772580645161291
USC00365606,1951,7.808695652173914,6.961666666666665,9.00054945054945,11.675806451612903
USC00365606,1952,7.069565217391303,8.73,9.6,7.114516129032258
USC00365606,1953,7.7796703296703305,6.091666666666666,10.703888888888887,11.04
USC00365606,1954,7.223369565217394,9.833333333333334,10.91043956043956,12.127419354838711
USC00365606,1955,9.223369565217393,11.22,9.635164835164836,10.63548387096774
USC00365606,1956,5.78913043478261,6.141666666666667,10.342307692307692,11.783870967741937
USC00365606,1957,8.194565217391306,9.053333333333335,9.736263736263737,9.00483870967742
USC00365606,1958,7.148913043478261,8.785,10.583516483516483,10.1
USC00365606,1959,7.857608695652174,7.76,10.637362637362637,10.983870967741934
USC00365606,1960,5.745652173913043,9.729999999999999,10.859890109890111,9.188709677419354
USC00365606,1961,6.231521739130433,5.050000000000001,11.771428571428572,11.783870967741938
USC00365606,1962,7.995652173913044,6.801666666666667,9.626923076923077,10.988709677419356
USC00365606,1963,7.562500000000001,8.038333333333334,10.994505494505496,12.85967741935484
USC00365606,1964,8.516847826086956,8.303333333333335,10.079120879120879,8.585483870967742
USC00365606,1965,7.077717391304348,6.053333333333333,10.16758241758242,8.819354838709678
USC00365606,1966,6.8336956521739145,6.913333333333333,9.156043956043957,8.356451612903225
USC00365606,1968,7.4923913043478265,9.023333333333335,10.890109890109889,10.91451612903226
USC00365606,1969,7.320652173913044,8.923333333333334,9.874725274725273,9.809677419354838
USC00365606,1970,7.408695652173915,8.188333333333333,10.99065934065934,11.416129032258066
USC00365606,1971,4.928260869565218,4.931666666666667,11.771428571428574,13.669354838709676
USC00365606,1972,6.489673913043479,5.968333333333333,12.091803278688525,7.909677419354839
USC00365606,1973,8.67336956521739,8.378333333333334,11.490109890109892,12.212903225806448
USC00365606,1974,7.264130434782608,7.706666666666666,9.254395604395603,8.166129032258064
USC00365606,1975,6.632065217391304,3.968333333333333,10.859340659340658,11.288709677419352
USC00365606,1976,8.304347826086957,8.389999999999999,7.426923076923077,7.714516129032259
USC00365606,1977,9.439673913043478,8.651666666666666,11.058241758241756,9.429032258064517
USC00365606,1978,5.956521739130436,6.5183333333333335,10.266483516483516,8.874193548387096
USC00365606,1979,7.523369565217391,6.870000000000001,10.653296703296702,9.824193548387095
USC00365606,1980,6.686956521739132,7.026666666666667,9.324725274725274,8.02741935483871
USC00365606,1981,7.252747252747253,8.872413793103446,9.413186813186815,8.527419354838708
USC00365606,1982,7.225,5.191666666666666,11.002197802197802,11.330645161290324
USC00365606,1983,7.246195652173914,6.666666666666668,11.053846153846152,10.970967741935484
USC00365606,1984,5.253260869565217,7.548333333333334,10.473626373626374,12.961290322580645
USC00365606,1985,8.740760869565218,10.126666666666667,11.485164835164834,10.629032258064516
USC00365606,1986,8.352173913043478,8.856666666666666,10.357142857142858,11.096774193548386
USC00365606,1987,8.566847826086954,8.604999999999999,9.337362637362638,6.877419354838708
USC00365606,1988,7.028260869565217,6.8616666666666655,9.31098901098901,7.4709677419354845
USC00365606,1989,6.5516304347826075,5.301666666666667,9.866483516483516,10.380645161290323
USC00365606,1990,8.018478260869566,8.521666666666667,10.952197802197801,10.640322580645163
USC00365606,1991,10.018478260869562,9.191666666666668,10.266483516483516,11.341935483870971
USC00365606,1992,7.085869565217393,7.595000000000001,9.776923076923076,8.777419354838708
USC00365606,1993,6.8,7.698333333333333,9.46923076923077,9.125806451612902
USC00365606,1994,6.429347826086955,8.753333333333332,10.586263736263737,9.751612903225807
USC00365606,1995,7.1375,5.551666666666668,9.60989010989011,11.704838709677418
USC00365606,1996,6.180434782608694,7.205,9.304945054945055,10.333870967741932
USC00365606,1997,5.741847826086956,5.321666666666667,9.610439560439561,10.395161290322578
USC00365606,1998,9.519021739130435,8.610000000000001,11.056593406593406,10.96935483870968
USC00365651,1953,8.991666666666667,7.153333333333334,12.054395604395605,12.229032258064517
USC00365651,1956,6.539130434782609,7.325,10.11923076923077,12.512903225806452
USC00365651,1957,8.81629213483146,9.129999999999999,10.208791208791208,9.062903225806453
USC00365651,1958,7.43021978021978,8.61551724137931,10.344444444444445,9.718333333333334
USC00365651,1959,8.331868131868132,8.26896551724138,10.633888888888889,10.893333333333336
USC00365651,1960,6.0375,10.253333333333332,10.896629213483145,9.943103448275863
USC00365651,1961,6.757303370786516,5.707407407407406,11.976404494382024,11.906896551724138
USC00365651,1962,8.59864864864865,6.592105263157895,9.982777777777777,11.358333333333333
USC00365651,1963,8.107142857142856,7.901666666666666,11.229444444444447,12.679032258064517
USC00365651,1966,7.546739130434784,7.16833333333333,9.87967032967033,9.393548387096773
USC00365651,1967,7.6891304347826095,9.685,9.235555555555555,10.924193548387096
USC00365651,1968,8.796195652173912,10.233333333333336,11.335164835164836,11.179032258064517
USC00365651,1969,8.427717391304347,10.18,10.37142857142857,11.090322580645159
USC00365651,1970,9.028804347826087,9.785,12.60879120879121,12.880645161290321
USC00365651,1971,6.405978260869565,6.238333333333332,12.788461538461538,14.793548387096772
USC00365651,1972,8.001630434782607,7.846666666666668,9.779120879120878,8.691935483870969
USC00365651,1973,9.840760869565216,9.009999999999998,11.739887640449437,12.501612903225805
USC00365651,1974,9.193406593406594,9.937931034482759,10.087362637362638,9.545161290322582
USC00365651,1975,7.8929347826086955,5.531666666666666,11.664285714285715,11.959677419354838
USC00365651,1976,9.85108695652174,9.706666666666669,7.925824175824176,8.253225806451614
USC00365651,1977,11.155434782608696,10.103333333333335,11.41153846153846,10.214516129032258
USC00365651,1978,7.2201149425287365,7.559615384615384,11.09611111111111,9.68548387096774
USC00365651,1979,8.855172413793102,7.803703703703703,11.861666666666663,
USC00365651,1980,7.980219780219779,7.816666666666667,9.916853932584269,8.566129032258063
USC00365651,1981,7.996067415730336,9.575,9.223837209302326,9.285
USC00365651,1982,8.202976190476189,6.869230769230769,11.691573033707865,11.966129032258063
USC00365651,1983,8.24022988505747,7.667241379310344,11.195882352941178,11.36290322580645
USC00365651,1984,6.398333333333333,8.563333333333334,11.437777777777779,13.525806451612903
USC00365651,1985,10.466867469879519,11.494642857142859,12.518333333333334,12.19032258064516
USC00365651,1986,10.194565217391304,10.668333333333333,11.315384615384616,11.716129032258065
USC00365651,1987,10.02608695652174,9.771666666666665,10.277472527472527,7.445161290322581
USC00365651,1988,8.993478260869566,8.574999999999998,9.93901098901099,7.419354838709677
USC00365651,1989,8.082608695652175,6.998333333333334,10.317032967032967,10.937096774193549
USC00365651,1990,9.815909090909091,10.53703703703704,11.422777777777778,11.511666666666667
USC00365651,1991,11.878804347826087,11.495,10.928235294117647,11.641999999999998
USC00365651,1992,7.985057471264367,8.923333333333336,9.336144578313252,8.453225806451615
USC00365651,1993,8.198795180722893,8.492,8.75,8.536
USC00365651,1994,6.930113636363638,10.274999999999999,9.974096385542168,9.135483870967741
USC00365651,1995,7.657558139534885,6.880000000000001,9.974725274725275,11.870967741935486
USC00365651,1996,7.741975308641974,8.691666666666666,10.226744186046513,10.796774193548387
USC00365651,1997,6.342771084337349,5.4409090909090905,9.754819277108433,9.708333333333332
USC00365651,1998,8.756521739130434,7.901666666666667,9.804,9.241071428571429
USC00365651,1999,8.822826086956523,10.474999999999998,11.188235294117648,10.143548387096775
USC00365651,2000,10.148913043478261,8.561666666666667,10.148888888888889,11.391935483870967
USC00365651,2001,7.530624999999999,8.792105263157895,11.260975609756098,11.007142857142856
USC00365651,2002,7.764673913043478,9.156666666666666,9.02922077922078,7.297826086956523
USC00365651,2003,8.008333333333333,8.838333333333333,9.87267441860465,8.114516129032257
USC00365651,2004,9.072222222222223,7.713333333333333,10.343125,9.019354838709676
USC00365651,2006,8.510227272727272,10.308620689655172,10.380681818181818,9.255172413793105
USC00365651,2007,8.323033707865168,6.823333333333333,12.278977272727273,14.017241379310345
USC00365662,1960,8.937500000000002,12.965,12.414285714285715,11.796774193548387
USC00365662,1961,9.176630434782608,8.215,14.11813186813187,13.240322580645161
USC00365662,1962,10.895652173913044,10.696666666666667,11.056043956043958,12.435483870967744
USC00365662,1963,10.289130434782608,11.050000000000002,13.123626373626374,14.333870967741936
USC00365662,1964,10.59076086956522,9.536666666666665,11.837362637362636,9.91774193548387
USC00365662,1965,10.06304347826087,9.156666666666668,12.119780219780223,10.687096774193547
USC00365662,1966,9.469021739130435,8.09,11.198351648351649,10.535483870967742
USC00365662,1967,9.191847826086956,11.458333333333334,10.494505494505495,10.796774193548385
USC00365662,1968,10.516847826086957,11.55,12.78956043956044,12.81451612903226
USC00365662,1969,10.690217391304348,11.811666666666667,11.512637362637362,10.930645161290323
USC00365662,1970,10.354891304347825,10.663333333333334,13.223076923076922,13.333870967741936
USC00365662,1971,8.026630434782607,8.538333333333334,13.60824175824176,14.680645161290325
USC00365662,1972,9.585326086956522,9.433333333333334,11.147252747252747,9.779032258064515
USC00365662,1973,10.842307692307692,10.32,13.069540229885055,13.625806451612904
USC00365662,1974,10.42802197802198,11.115,10.54065934065934,8.848387096774195
USC00365662,1975,8.792934782608697,7.166666666666666,11.83977272727273,12.308928571428572
USC00365662,1976,10.394565217391305,11.338333333333333,9.325274725274726,8.380645161290323
USC00365662,1977,11.791304347826086,11.133333333333333,12.235164835164834,10.72741935483871
USC00365662,1978,8.9125,9.921666666666665,11.63186813186813,10.08548387096774
USC00365662,1979,9.941758241758244,9.594827586206897,11.357142857142858,10.26290322580645
USC00365662,1980,10.38804347826087,11.35,11.308791208791213,10.472580645161289
USC00365662,1981,9.674418604651164,11.097916666666668,8.555555555555555,8.393181818181818
USC00365662,1982,9.870108695652174,8.805,11.52611111111111,11.004838709677419
USC00365662,1983,9.282608695652174,8.771666666666668,11.645604395604396,10.993548387096777
USC00365662,1984,8.894565217391305,9.951666666666664,11.602197802197802,14.341935483870966
USC00365662,1985,11.294021739130432,11.958333333333336,13.3021978021978,12.661290322580646
USC00365662,1986,10.404347826086957,11.056666666666667,11.667032967032968,12.461290322580645
USC00365662,1987,10.319565217391304,9.751666666666665,10.786813186813184,8.266129032258064
USC00365662,1988,9.765217391304347,9.406666666666668,10.804545454545455,9.112903225806452
USC00365662,1989,8.42282608695652,7.968333333333332,11.447252747252751,11.466129032258065
USC00365726,1904,9.32215909090909,7.851666666666668,10.58076923076923,9.866129032258064
USC00365726,1905,10.53186813186813,9.853333333333333,10.864999999999998,11.465
USC00365726,1906,8.771666666666668,10.601724137931035,11.74777777777778,11.143548387096772
USC00365726,1907,8.3375,6.705357142857144,10.360240963855421,7.446000000000001
USC00365726,1908,9.945121951219512,9.596428571428573,11.632142857142858,11.698333333333332
USC00365726,1909,9.179347826086955,9.238333333333337,11.304945054945055,9.298387096774194
USC00365726,1910,11.291304347826086,12.111666666666672,11.71,12.887931034482758
USC00365726,1911,9.671739130434784,8.4,11.267977528089887,11.298333333333334
USC00365726,1912,9.564673913043478,10.398333333333335,12.479120879120877,12.343548387096773
USC00365726,1913,11.231868131868133,11.433333333333332,12.286263736263738,13.074193548387099
USC00365726,1914,9.22282608695652,9.065,11.619230769230768,13.701612903225806
USC00365726,1915,9.142391304347825,12.695,11.930219780219781,12.208064516129033
USC00365726,1916,8.844021739130433,9.745000000000001,10.907777777777778,10.583333333333332
USC00365726,1917,8.88967391304348,10.035,9.422527472527474,8.501612903225809
USC00365726,1918,11.454347826086956,9.361666666666668,11.15989010989011,12.545161290322582
USC00365726,1919,11.360897435897435,9.938333333333334,12.023076923076925,13.548387096774192
USC00365726,1920,7.815760869565218,7.451666666666666,11.469780219780219,12.351612903225806
USC00365726,1921,12.35,13.491666666666665,13.108888888888892,12.254999999999999
USC00365726,1922,11.436413043478263,11.531666666666668,13.796703296703297,13.408064516129034
USC00365726,1923,10.392391304347827,11.043333333333331,12.164835164835162,11.588709677419354
USC00365726,1924,9.404891304347828,10.088333333333333,11.105494505494505,12.280645161290321
USC00365726,1925,10.422282608695655,11.92333333333333,11.382967032967032,8.625806451612902
USC00365726,1926,8.473913043478264,8.273333333333333,11.14943820224719,11.858064516129033
USC00365726,1927,9.922282608695653,8.930000000000001,12.874725274725277,13.069354838709677
USC00365726,1928,8.869021739130433,8.398333333333333,12.090555555555554,13.09677419354839
USC00365726,1929,10.104117647058823,10.826785714285716,9.782666666666668,10.023333333333332
USC00365726,1930,9.485465116279071,9.25,11.750000000000002,10.489285714285712
USC00365726,1931,9.152808988764045,9.41,14.232876712328768,14.246296296296297
USC00365726,1932,9.010326086956521,9.051666666666666,12.021428571428572,12.58548387096774
USC00365726,1933,11.475,11.945,12.15989010989011,11.704838709677418
USC00365726,1934,10.548369565217392,10.813333333333333,13.7510989010989,12.58225806451613
USC00365726,1937,9.7561797752809,9.688333333333333,10.972988505747127,10.100000000000001
USC00365738,1964,6.577717391304348,5.666666666666666,7.959890109890112,6.309677419354838
USC00365738,1965,5.875543478260869,4.483333333333333,7.798351648351648,6.590322580645161
USC00365738,1966,4.690760869565217,4.196666666666666,7.355494505494506,7.004838709677419
USC00365738,1967,3.5614130434782614,5.631666666666667,6.655494505494507,7.259677419354838
USC00365738,1968,6.065760869565218,7.7,8.573076923076924,8.979032258064516
USC00365738,1969,5.116304347826087,6.330000000000001,7.92967032967033,7.3758064516129025
USC00365738,1970,6.555978260869565,6.7366666666666655,10.706043956043958,10.696774193548388
USC00365738,1971,5.1336956521739125,5.136666666666666,10.958241758241758,12.491935483870968
USC00365738,1972,5.541304347826086,4.3566666666666665,8.096153846153847,6.817741935483871
USC00365738,1973,7.683152173913043,8.026666666666666,9.884615384615383,10.109677419354837
USC00365738,1974,6.871195652173912,8.12,8.648351648351648,6.791935483870966
USC00365738,2010,10.296590909090908,10.236666666666668,10.520555555555555,10.138709677419355
USC00365738,2011,8.327222222222222,8.08,11.532584269662923,11.082258064516129
USC00365738,2012,10.44836956521739,7.455,9.637362637362637,10.403225806451614
USC00365738,2013,7.524999999999999,7.864999999999999,9.808241758241758,11.506451612903227
USC00365738,2014,6.565217391304347,7.6350000000000025,10.206593406593406,11.443548387096774
USC00365738,2015,6.934239130434783,6.73,11.844505494505496,9.812903225806451
USC00365738,2016,9.253260869565219,8.101666666666667,10.97912087912088,10.714516129032257
USC00365738,2017,8.099456521739132,11.298333333333336,11.11098901098901,12.620967741935484
USC00365738,2018,7.228735632183907,5.546666666666666,10.174444444444443,10.354838709677422
USC00365738,2019,8.076630434782606,9.448333333333332,9.916483516483517,11.103225806451617
USC00365817,1961,6.817391304347824,6.075000000000001,11.807692307692308,11.022580645161288
USC00365817,1962,8.559239130434781,8.44,8.726923076923079,9.945161290322577
USC00365817,1963,7.664130434782607,8.415,10.91098901098901,12.411290322580646
USC00365817,1964,8.097826086956522,6.843333333333334,10.243956043956045,8.769354838709678
USC00365817,1965,7.416304347826086,6.131666666666667,9.848901098901099,8.488709677419354
USC00365817,1966,6.940760869565218,6.408333333333332,9.195604395604395,8.420967741935485
USC00365817,1967,6.151630434782611,8.333333333333334,8.787912087912089,9.175806451612903
USC00365817,1968,8.282608695652172,9.93,10.828021978021978,10.958064516129031
USC00365817,1969,8.180978260869566,9.156666666666666,9.726923076923079,9.433870967741935
USC00365817,1970,7.4402173913043494,8.106666666666667,11.578021978021978,11.641935483870967
USC00365817,1971,6.66098901098901,7.18103448275862,11.740109890109888,13.241935483870968
USC00365817,1972,7.212637362637363,6.393103448275863,8.963186813186812,7.59032258064516
USC00365817,1973,8.965217391304346,8.996666666666668,11.19010989010989,11.738709677419356
USC00365817,1974,7.947826086956521,8.735000000000001,9.272527472527473,7.917741935483869
USC00365817,1975,7.208888888888889,5.114999999999999,11.014999999999999,11.837096774193546
USC00365817,1976,8.704347826086956,10.136666666666667,7.88076923076923,7.654838709677419
USC00365817,1977,10.001630434782607,9.824999999999998,10.753296703296702,9.167741935483871
USC00365817,1978,6.911111111111111,7.6000000000000005,9.909890109890108,8.925806451612905
USC00365817,1979,8.709239130434783,7.773333333333334,10.984615384615385,10.42258064516129
USC00365817,1980,8.229891304347827,9.106666666666666,9.634615384615385,8.819354838709678
USC00365817,1981,8.182608695652174,9.575,9.424175824175824,8.283870967741937
USC00365817,1982,7.6048913043478255,6.318333333333333,10.32380952380952,9.175
USC00365817,1983,8.085326086956522,7.288333333333333,10.904945054945054,10.606451612903225
USC00365817,1984,6.3208791208791215,7.715,10.452439024390245,12.442307692307692
USC00365817,1985,9.395652173913042,10.13833333333333,11.504268292682926,10.875000000000002
USC00365817,1986,9.285164835164835,9.435,9.390361445783132,10.626086956521737
USC00365817,1987,9.307065217391305,9.915000000000001,9.385955056179775,7.594827586206896
USC00365817,1988,8.170108695652173,7.475,9.690740740740742,8.9
USC00365817,1989,7.105978260869565,6.7233333333333345,10.181410256410258,10.65952380952381
USC00365817,1990,8.391847826086957,8.853333333333333,10.998314606741573,11.829310344827585
USC00365817,1991,10.179891304347828,9.308333333333332,9.907954545454546,10.738709677419358
USC00365902,1962,10.803804347826087,9.621666666666666,11.680898876404493,12.988709677419353
USC00365902,1963,10.591304347826087,10.478333333333332,13.094505494505494,14.625806451612904
USC00365902,1964,11.164673913043476,11.27,12.363186813186815,10.833870967741934
USC00365902,1965,10.437500000000002,9.978333333333332,12.338461538461537,10.591935483870968
USC00365902,1966,9.567391304347826,9.116666666666667,11.346153846153847,10.60483870967742
USC00365902,1967,9.657065217391304,11.308333333333334,10.624725274725277,11.896774193548389
USC00365902,1968,10.52336956521739,11.933333333333334,12.774725274725272,12.606451612903227
USC00365902,1969,10.247826086956522,12.186666666666667,11.708241758241758,11.993548387096773
USC00365902,1970,10.807608695652174,11.705000000000002,13.754945054945056,13.614516129032257
USC00365902,1971,8.567391304347826,8.865,13.875274725274728,15.359677419354838
USC00365902,1972,9.583152173913044,9.461666666666668,11.122527472527471,10.025806451612903
USC00365902,1973,11.369021739130435,10.393333333333333,13.253296703296703,13.68225806451613
USC00365902,1974,10.694021739130434,11.656666666666668,11.086813186813188,10.5
USC00365902,1975,9.733152173913043,7.603333333333333,12.386666666666667,12.73225806451613
USC00365902,1976,11.541847826086956,11.203333333333335,8.9489010989011,9.098387096774195
USC00365902,1977,12.365217391304347,11.575,12.560989010989013,11.058064516129036
USC00365902,1978,9.373913043478263,10.116666666666667,12.687362637362638,11.041935483870967
USC00365902,1979,10.890217391304349,10.246666666666666,12.30164835164835,11.296774193548387
USC00365902,1980,9.64945652173913,9.684999999999999,11.42752808988764,10.115517241379315
USC00365902,1981,10.014130434782608,11.72,11.225824175824176,10.854838709677422
USC00365902,1982,10.871348314606742,9.446296296296296,12.973626373626372,13.359677419354838
USC00365902,1983,9.503260869565219,9.209999999999999,12.869230769230771,12.964516129032255
USC00365902,1984,7.920108695652175,9.168333333333331,12.243956043956041,14.246774193548386
USC00365902,1985,11.768478260869562,12.458333333333334,13.206043956043954,12.738709677419356
USC00365902,1986,12.65625,12.50333333333333,14.063461538461539,14.098148148148148
USC00365902,1987,9.321232876712328,11.23,12.369780219780221,9.800000000000002
USC00365902,1988,10.767391304347827,10.22,11.431868131868134,8.738709677419356
USC00365902,1989,9.333695652173912,8.65,12.137912087912087,12.533870967741938
USC00365902,1990,10.530434782608692,10.520000000000001,12.647802197802198,13.243548387096775
USC00365902,1991,12.924456521739133,12.558333333333334,12.5532967032967,13.685483870967744
USC00365902,1992,9.651630434782609,10.356666666666666,11.504945054945056,10.232258064516131
USC00365902,1993,9.893478260869566,10.354999999999999,11.645054945054946,11.248387096774195
USC00365902,1994,9.3125,11.731666666666667,12.603296703296705,11.558064516129033
USC00365902,1995,10.160869565217391,9.243333333333334,11.612087912087913,13.869354838709677
USC00365902,1996,8.919565217391304,9.938333333333334,11.22142857142857,12.498387096774195
USC00365902,1997,8.9,8.21,11.535714285714286,12.08548387096774
USC00365902,1998,11.934782608695652,11.270000000000001,13.61043956043956,13.01774193548387
USC00365902,1999,10.448913043478262,12.265000000000002,13.194505494505496,12.18548387096774
USC00365902,2000,11.665217391304346,10.531666666666665,11.892857142857142,13.279032258064515
USC00365902,2001,10.314130434782609,12.201666666666664,13.303846153846155,13.11290322580645
USC00365902,2002,10.067934782608695,11.475,12.503846153846155,11.883870967741935
USC00365902,2003,10.623369565217391,11.354999999999999,12.48791208791209,10.90967741935484
USC00365902,2004,11.652173913043478,10.229999999999999,13.352222222222222,12.832258064516125
USC00365902,2005,9.315217391304346,11.595,13.583516483516485,12.954838709677421
USC00365902,2006,10.561413043478261,12.620000000000003,11.965384615384616,11.379032258064516
USC00365902,2007,10.754347826086958,8.763333333333334,13.669230769230765,15.37258064516129
USC00365902,2008,8.880434782608694,11.410000000000004,12.654545454545458,12.344642857142857
USC00365902,2009,11.064285714285715,10.930000000000001,13.057058823529411,11.43
USC00365902,2010,12.233695652173912,12.911666666666665,13.114772727272726,12.988709677419353
USC00365902,2011,10.592391304347824,11.063333333333334,12.494505494505495,11.78225806451613
USC00365902,2012,12.213586956521738,8.913333333333332,11.185164835164835,11.872580645161289
USC00365902,2013,8.83586956521739,9.316666666666666,11.351648351648354,12.777419354838708
USC00365902,2014,7.206626506024096,9.18448275862069,11.216483516483514,12.251612903225805
USC00365902,2015,9.435326086956522,9.991666666666665,13.568888888888887,11.95166666666667
USC00365902,2016,10.328333333333333,9.193103448275862,13.432777777777781,13.234999999999996
USC00365902,2017,10.217777777777776,12.379310344827585,12.784482758620687,14.211666666666666
USC00365902,2018,9.054945054945055,6.888333333333334,11.856896551724137,12.088709677419354
USC00365902,2019,9.964606741573034,11.057407407407405,12.228333333333335,13.378333333333336
USC00365902,2020,9.939080459770112,8.39,13.109999999999998,12.60483870967742
USC00365902,2021,10.945,11.229310344827585,13.090449438202247,15.481666666666667
USC00365902,2022,10.508235294117648,9.582142857142857,11.344047619047616,10.618333333333334
USC00365902,2023,9.578333333333333,10.943333333333332,12.316483516483519,13.195161290322579
USC00365902,2024,11.86179775280899,11.561666666666666,13.625280898876406,12.624193548387096
USC00365902,2025,11.271176470588236,10.819642857142856,12.181481481481478,12.564285714285713
USC00365915,1904,6.364606741573034,4.6033333333333335,8.109659090909089,7.822413793103448
USC00365915,1905,6.970108695652174,6.69,9.191208791208792,9.911290322580646
USC00365915,1906,5.482065217391304,6.6933333333333325,9.882417582417583,9.56290322580645
USC00365915,1907,5.51141304347826,3.9700000000000006,8.22912087912088,6.766129032258065
USC00365915,1908,6.6521739130434785,6.3999999999999995,10.576373626373625,10.775806451612898
USC00365915,1909,5.46141304347826,5.541666666666668,9.179120879120877,7.259677419354838
USC00365915,1910,8.538586956521739,9.919999999999998,9.182967032967033,11.216129032258063
USC00365915,1911,6.646739130434782,5.578333333333334,8.670879120879121,8.990322580645163
USC00365915,1912,6.072527472527471,6.831666666666667,10.114285714285716,10.901612903225805
USC00365915,1913,7.48695652173913,8.433333333333334,10.281868131868134,10.672580645161291
USC00365915,1914,5.89891304347826,5.214999999999999,9.573626373626373,11.759677419354839
USC00365915,1915,5.591304347826087,9.793333333333333,11.157692307692308,10.44193548387097
USC00365915,1916,5.165760869565218,6.58,9.70934065934066,10.388709677419351
USC00365915,1917,5.197282608695652,6.975,7.054395604395605,6.690322580645161
USC00365915,1918,8.28804347826087,7.435,9.742857142857144,10.816129032258063
USC00365915,1919,7.181460674157303,6.4449999999999985,9.281318681318682,10.466129032258062
USC00365915,1920,6.038043478260871,5.933333333333334,11.161538461538463,13.561290322580644
USC00365915,1921,9.479891304347825,10.774999999999999,9.731318681318681,8.983870967741936
USC00365915,1922,6.842934782608697,6.113333333333332,12.158333333333335,
USC00365915,1923,6.595652173913043,7.6433333333333335,8.958241758241758,8.614516129032257
USC00365915,1924,4.492391304347825,4.723333333333334,8.255494505494507,9.514516129032256
USC00365915,1925,6.072282608695652,6.928333333333334,8.11098901098901,5.559677419354838
USC00365915,1926,4.104347826086957,3.85,9.481868131868133,8.532258064516126
USC00365915,1927,7.308152173913043,7.206666666666666,11.786263736263736,12.045161290322582
USC00365915,1928,6.233695652173914,6.148333333333334,9.594999999999999,10.873333333333337
USC00365915,1929,7.791847826086957,8.178333333333333,9.212637362637361,8.051612903225806
USC00365915,1930,6.645652173913043,5.84,9.412637362637362,8.301612903225807
USC00365915,1931,5.290760869565218,5.191666666666666,11.974725274725273,10.766129032258064
USC00365915,1932,4.994565217391305,4.838333333333335,9.605494505494505,10.529032258064516
USC00365915,1933,6.708695652173914,6.565,8.469230769230771,8.819354838709677
USC00365915,1937,5.6385869565217375,5.995000000000002,8.556043956043956,8.01935483870968
USC00365915,1938,8.011538461538464,8.548333333333334,9.774175824175824,11.158064516129029
USC00365915,1939,6.49945652173913,4.753333333333333,9.506043956043955,9.717741935483868
USC00365915,1940,4.775,4.586666666666667,8.303846153846154,7.814516129032258
USC00365915,1941,3.408695652173913,,10.46,10.319354838709678
USC00365915,1942,7.877717391304347,8.223333333333333,9.590449438202247,9.703225806451615
USC00365915,1943,4.474456521739131,2.39,8.07747252747253,8.335483870967742
USC00365915,1944,4.7459770114942526,3.8750000000000004,8.974025974025974,8.305263157894737
USC00365915,1945,8.323684210526316,8.710000000000003,9.208241758241757,8.070967741935483
USC00365915,1946,7.7760869565217385,5.374999999999999,11.291758241758242,11.94032258064516
USC00365915,1947,5.124999999999999,5.528333333333332,10.427472527472528,13.7
USC00365915,1948,6.004395604395604,7.114999999999999,10.10222222222222,8.056451612903226
USC00365915,1949,6.218539325842696,6.262500000000001,9.085057471264367,12.114285714285714
USC00365915,1950,3.7060439560439566,3.388333333333333,8.995,10.35967741935484
USC00365915,1951,6.098351648351649,6.45,8.11098901098901,9.920967741935485
USC00365915,1952,4.952816901408451,7.715000000000001,5.789843749999999,6.406451612903226
USC00365915,1953,6.502777777777779,5.37,10.511666666666667,10.983870967741936
USC00365915,1954,5.755978260869565,7.11,9.235164835164834,11.170967741935485
USC00365915,1956,3.77554347826087,4.513333333333334,8.600000000000001,9.466129032258063
USC00365915,1957,6.219565217391303,7.1933333333333325,8.752197802197802,7.708064516129033
USC00365915,1958,5.621739130434782,6.938333333333334,8.421978021978022,7.650000000000001
USC00365915,1959,6.3875,7.151666666666667,9.731318681318681,10.232258064516131
USC00365915,1960,4.940760869565217,8.603333333333333,9.457692307692307,8.764516129032257
USC00365915,1961,4.845652173913043,4.153333333333333,10.883516483516484,10.624193548387098
USC00365915,1962,6.720108695652174,6.733333333333334,7.374175824175825,8.667741935483873
USC00365915,1963,5.713043478260871,5.989999999999999,9.593956043956043,11.967741935483874
USC00365915,1964,5.9875,4.596666666666667,8.811538461538463,7.34032258064516
USC00365915,1965,5.519565217391304,4.06,8.231318681318681,7.21774193548387
USC00365915,1966,4.9831521739130435,4.6466666666666665,7.92087912087912,7.343548387096774
USC00365915,1967,3.851630434782609,5.8199999999999985,7.003296703296704,7.693548387096774
USC00365915,1968,6.462499999999999,8.466666666666667,9.243406593406593,9.570967741935483
USC00365915,1969,5.680978260869565,7.103333333333334,8.374175824175826,8.130645161290323
USC00365915,1970,5.720652173913043,6.201666666666666,10.144505494505495,10.45
USC00365915,1971,4.3907608695652165,4.285,10.246703296703295,12.21935483870968
USC00365915,1972,4.67445652173913,3.5616666666666665,7.050000000000001,5.711290322580645
USC00365915,1973,6.9375,6.994999999999999,9.59010989010989,10.338709677419356
USC00365915,1974,6.021195652173913,7.571666666666667,7.426373626373626,5.927419354838709
USC00365915,1975,5.177173913043478,2.276666666666667,9.271978021978022,10.141935483870967
USC00365915,1976,6.377717391304348,7.776666666666667,5.923626373626375,5.887096774193548
USC00365915,1977,7.697282608695652,7.218333333333334,8.76978021978022,7.325806451612902
USC00365915,1978,4.8059782608695665,4.606666666666666,8.171978021978022,7.680645161290323
USC00365915,1979,6.959239130434782,6.073333333333332,9.24065934065934,8.329032258064515
USC00365915,1980,6.32663043478261,6.870000000000001,7.71813186813187,6.648387096774194
USC00365915,1981,6.79945652173913,7.940000000000001,7.662637362637363,6.658064516129032
USC00365915,1982,6.296195652173912,4.913333333333333,9.567032967032969,9.141935483870967
USC00365915,1983,6.073369565217392,5.3549999999999995,9.646703296703297,9.188709677419354
USC00365915,1984,4.467934782608696,6.456666666666668,9.326923076923078,11.870967741935486
USC00365915,1985,7.806521739130434,8.254999999999999,10.312637362637362,9.93225806451613
USC00365915,1986,8.093478260869565,8.001666666666667,7.924175824175827,8.943548387096774
USC00365915,1987,8.056521739130433,8.890000000000002,5.299180327868853,6.9322580645161285
USC00365915,1988,6.588043478260869,5.793333333333334,7.9263736263736275,6.296774193548385
USC00365915,1989,5.774725274725274,4.723333333333334,9.15,10.180645161290322
USC00365915,1990,7.255434782608695,7.861666666666666,10.131868131868131,11.270967741935484
USC00365915,1991,9.307608695652174,8.816666666666666,9.303846153846154,10.040322580645164
USC00365915,1992,5.459239130434782,5.653333333333333,7.8527472527472515,6.830645161290323
USC00365915,1993,6.298369565217392,6.613333333333333,5.234426229508196,7.804838709677419
USC00365915,1994,5.262499999999999,6.825,9.182967032967033,7.874193548387097
USC00365915,1995,6.0967391304347816,4.611666666666667,7.958241758241758,10.520967741935483
USC00365915,1996,8.338524590163935,5.52,8.120879120879122,8.745161290322581
USC00365915,1997,4.896703296703298,4.8549999999999995,6.919230769230771,7.282258064516128
USC00365915,1998,7.077717391304348,6.2683333333333335,9.513186813186813,9.169354838709678
USC00365915,1999,6.080978260869564,6.235000000000001,9.412637362637362,7.516129032258066
USC00365915,2000,7.647826086956522,6.329999999999998,8.276923076923076,8.940322580645162
USC00365915,2001,5.596739130434782,6.581666666666668,9.579120879120879,9.377419354838706
USC00365915,2002,5.884239130434784,7.111666666666666,8.457692307692309,7.458064516129031
USC00365915,2003,5.3755434782608695,5.241666666666665,8.892307692307691,6.966129032258064
USC00365915,2004,7.7483695652173905,6.6466666666666665,8.915384615384616,7.280645161290321
USC00365915,2005,4.577173913043478,7.511666666666668,9.735164835164836,8.951612903225806
USC00365915,2006,5.805978260869565,6.9866666666666655,8.84120879120879,7.2790322580645155
USC00365915,2007,5.219021739130435,4.323333333333333,10.309340659340661,12.609677419354838
USC00365915,2008,5.525543478260869,8.296666666666667,7.910439560439561,6.832258064516131
USC00365956,1952,8.75725806451613,,11.663068181818181,9.991666666666667
USC00365956,1953,10.18804347826087,9.361666666666668,12.323076923076922,12.979032258064521
USC00365956,1954,10.00174418604651,11.723333333333333,11.149358974358973,9.502777777777778
USC00365956,1955,9.828260869565218,10.433333333333334,9.984,12.724193548387097
USC00365956,1956,7.814673913043479,8.008333333333333,11.132417582417581,11.674193548387096
USC00365956,1957,10.06195652173913,10.896666666666668,11.969780219780217,10.416129032258064
USC00365956,1958,9.277777777777779,10.514999999999999,11.664835164835168,11.485483870967741
USC00365956,1959,10.887500000000001,11.32,12.963186813186809,13.92903225806452
USC00365956,1960,8.344565217391304,12.231666666666667,11.918131868131868,11.575806451612905
USC00365956,1961,8.435869565217391,7.596666666666667,13.69175824175824,12.972580645161292
USC00365956,1962,10.394444444444444,10.489999999999998,10.715384615384615,11.759677419354839
USC00365956,1963,10.270108695652175,10.719999999999999,12.956043956043956,14.288709677419359
USC00365956,1964,10.154891304347826,8.553333333333333,12.41722222222222,10.696774193548388
USC00365956,1965,9.568478260869565,8.09,12.239325842696628,11.043548387096775
USC00365956,1967,7.685714285714285,9.683333333333334,10.412777777777778,10.678333333333331
USC00365956,1968,9.78076923076923,10.945,12.601666666666665,12.651612903225807
USC00365956,1969,9.634239130434782,11.088333333333335,11.447252747252747,11.283870967741935
USC00365956,1970,8.753804347826087,8.93,13.25,13.004838709677417
USC00365956,1971,8.231521739130434,8.58,12.649375000000001,14.35925925925926
USC00365956,1972,8.447282608695652,8.096666666666666,10.763736263736263,9.17258064516129
USC00365956,1973,9.790760869565217,9.583333333333334,11.787962962962965,
USC00365956,1974,9.469021739130435,9.913333333333332,11.322527472527472,9.783870967741935
USC00365956,1975,8.637912087912088,6.711666666666667,12.708791208791208,13.804838709677421
USC00365956,1976,10.452197802197803,10.828333333333331,9.636813186813187,9.204838709677418
USC00365956,1977,11.67554347826087,11.388333333333337,12.003846153846153,10.7
USC00365956,1978,7.961666666666666,8.851666666666665,11.973863636363637,11.095161290322583
USC00365956,1979,10.469780219780219,9.296551724137931,12.281176470588237,11.043548387096775
USC00365956,1980,9.603296703296703,10.4551724137931,11.629310344827585,10.027777777777775
USC00365956,1981,9.654945054945054,10.823333333333332,11.12857142857143,9.961290322580643
USC00365956,1982,9.56467391304348,8.406666666666668,12.487362637362638,11.977419354838709
USC00365956,1983,9.503260869565217,8.671666666666669,12.943956043956044,13.3
USC00365956,1984,7.884239130434783,8.666666666666666,12.285714285714288,14.91774193548387
USC00365956,1985,11.567391304347824,11.481666666666664,14.03186813186813,13.598387096774196
USC00366055,1902,7.035869565217394,6.406666666666665,9.925842696629212,9.401612903225809
USC00366055,1903,8.13546511627907,6.244827586206897,7.486813186813186,8.67741935483871
USC00366055,1904,5.5375,4.275,7.048333333333334,6.867741935483871
USC00366055,1905,7.185869565217393,6.21,8.15824175824176,9.069354838709677
USC00366055,1906,5.251098901098901,5.884482758620691,8.676923076923076,8.185483870967742
USC00366055,1907,4.531111111111111,3.006896551724138,6.696153846153846,5.285483870967741
USC00366055,1908,5.984117647058824,3.838333333333333,9.93131868131868,10.24516129032258
USC00366055,1909,5.3744444444444435,5.590000000000001,8.552808988764045,6.7
USC00366055,1910,8.631666666666668,9.346666666666666,8.653333333333334,10.47258064516129
USC00366055,1911,6.590760869565218,4.929999999999999,8.154945054945056,8.02741935483871
USC00366055,1912,6.063586956521741,6.908333333333333,9.530219780219781,9.988709677419354
USC00366055,1916,5.250000000000001,6.586666666666668,7.474175824175824,8.425806451612905
USC00366055,1917,4.226086956521739,5.6466666666666665,7.233516483516484,7.03225806451613
USC00366055,1918,7.762500000000002,6.95,9.145604395604396,10.864516129032257
USC00366055,1919,7.210326086956522,5.588333333333335,9.70934065934066,11.485483870967743
USC00366055,1920,5.207065217391304,4.083333333333333,10.1510989010989,13.445161290322579
USC00366055,1929,6.98695652173913,7.073333333333333,9.164835164835164,7.914516129032259
USC00366055,1931,5.158152173913043,5.38,11.694505494505496,11.133870967741933
USC00366055,1932,3.3581521739130435,2.37,6.5587912087912095,6.7451612903225815
USC00366055,1934,3.368918918918919,4.846666666666667,9.226923076923075,7.5935483870967735
USC00366055,1935,5.730978260869565,5.155,8.326373626373627,9.588709677419354
USC00366055,1936,7.872826086956521,5.956666666666666,8.507692307692308,8.796774193548387
USC00366055,1937,5.399456521739131,5.680000000000001,6.884615384615385,6.395161290322581
USC00366055,1938,6.992391304347826,8.026666666666669,9.539010989010988,10.964516129032257
USC00366055,1939,5.673913043478261,4.1416666666666675,8.493956043956045,8.880645161290321
USC00366055,1940,3.745108695652174,3.561666666666666,7.141758241758241,6.598387096774194
USC00366055,1941,6.039130434782609,9.825,10.246703296703297,11.090322580645159
USC00366055,1942,8.555978260869564,9.891666666666667,9.23021978021978,9.919354838709678
USC00366055,1943,4.907065217391304,2.475,8.044505494505493,8.26774193548387
USC00366055,1944,5.890217391304348,4.433333333333334,8.576373626373627,8.28225806451613
USC00366055,1945,8.660869565217393,8.773333333333335,9.154395604395605,8.314516129032258
USC00366055,1946,7.907065217391305,5.798333333333333,10.876923076923077,11.848387096774195
USC00366055,1947,5.011956521739131,5.948333333333333,9.793406593406596,13.116129032258065
USC00366055,1950,5.227173913043478,5.4383333333333335,9.6510989010989,11.079032258064515
USC00366055,1951,7.232608695652172,7.295000000000002,8.782967032967033,10.725806451612904
USC00366055,1952,6.6266304347826095,8.468333333333332,9.306593406593406,7.808064516129033
USC00366055,1953,7.725609756097561,6.0975,10.51153846153846,11.083870967741934
USC00366055,1954,7.317582417582417,8.984482758620688,10.003296703296703,11.432258064516132
USC00366055,1955,8.551648351648351,9.853333333333335,9.437777777777777,11.443548387096778
USC00366055,1956,5.093478260869565,5.416666666666666,9.178571428571429,10.130645161290321
USC00366055,1957,7.531666666666667,8.03103448275862,9.532967032967035,8.411290322580646
USC00366055,1958,6.3258241758241756,7.576666666666667,9.070224719101123,8.995161290322578
USC00366098,1910,10.035,11.170689655172415,10.141573033707864,11.303225806451614
USC00366098,1914,7.477173913043478,7.201666666666667,10.13296703296703,12.391935483870967
USC00366098,1915,7.450543478260868,11.319999999999999,10.953846153846154,10.585483870967739
USC00366098,1916,6.392934782608696,7.96,9.62857142857143,9.698387096774193
USC00366098,1917,7.8818681318681305,10.543333333333333,7.660989010989012,7.2209677419354845
USC00366098,1918,9.961538461538462,7.999999999999999,10.216111111111111,11.561666666666666
USC00366098,1919,9.041847826086956,8.203333333333335,11.168681318681319,12.358064516129033
USC00366098,1920,7.825,7.8516666666666675,11.658241758241756,13.493548387096777
USC00366098,1921,11.878260869565219,12.955,11.022527472527472,10.024193548387093
USC00366098,1922,9.091304347826087,8.5,11.106043956043957,11.31774193548387
USC00366098,1923,7.060326086956521,7.609999999999999,9.96923076923077,9.432258064516128
USC00366098,1924,6.157065217391305,6.738333333333333,9.219780219780219,9.903225806451612
USC00366098,1925,8.590217391304348,9.848333333333333,8.249999999999998,5.985483870967744
USC00366098,1926,5.762179487179487,5.101666666666666,8.83395061728395,8.698148148148148
USC00366098,1928,6.92282608695652,6.443333333333333,10.564285714285715,10.966129032258062
USC00366098,1929,9.16141304347826,9.481666666666664,10.129670329670331,9.041935483870969
USC00366098,1930,7.788461538461538,7.574137931034482,10.703296703296703,9.409677419354841
USC00366098,1931,7.8598901098901095,7.409999999999999,12.442134831460676,11.37
USC00366098,1932,6.4983695652173905,6.619999999999999,10.264044943820224,10.595161290322581
USC00366098,1933,8.595108695652174,9.248333333333333,8.632352941176473,8.899999999999999
USC00366098,1934,7.412222222222223,7.7124999999999995,10.461931818181817,8.979999999999999
USC00366098,1935,6.71,6.388333333333334,9.829444444444446,9.375806451612902
USC00366098,1936,8.426373626373627,6.546666666666668,9.595054945054946,10.075806451612902
USC00366098,1937,6.683152173913045,6.933333333333334,6.851818181818182,7.722222222222222
USC00366098,1938,7.670624999999999,7.07142857142857,10.024175824175824,11.15322580645161
USC00366098,1939,7.740659340659341,6.568965517241379,10.71890243902439,10.225806451612904
USC00366098,1940,5.455434782608696,4.633333333333335,9.935897435897436,8.29516129032258
USC00366098,1941,7.163586956521739,10.391666666666662,13.139090909090909,12.693548387096774
USC00366151,2011,10.197191011235955,10.998333333333333,12.889010989010988,11.370967741935486
USC00366151,2012,12.081012658227849,9.168965517241379,11.348235294117647,12.057407407407409
USC00366151,2013,9.81195652173913,10.856666666666664,12.17032967032967,13.814516129032258
USC00366151,2014,8.905617977528088,10.521666666666667,11.634065934065937,12.90322580645161
USC00366151,2015,10.096739130434784,10.878333333333332,14.117777777777777,12.469354838709675
USC00366151,2016,11.375543478260871,10.135000000000002,13.76923076923077,13.26774193548387
USC00366151,2017,11.02336956521739,13.406666666666665,12.68131868131868,14.191935483870965
USC00366151,2018,9.36141304347826,7.323333333333334,12.653977272727275,12.696666666666664
USC00366151,2019,10.808241758241758,12.206666666666667,13.0132183908046,13.594999999999999
USC00366151,2020,10.288586956521737,8.788333333333334,12.979670329670332,12.588709677419356
USC00366151,2021,10.779213483146068,11.296296296296294,13.393820224719104,15.525
USC00366151,2022,10.623626373626374,9.328333333333335,11.809550561797753,10.453225806451613
USC00366151,2023,10.316304347826087,10.995000000000001,12.635714285714288,13.329032258064515
USC00366151,2024,12.320555555555554,11.840000000000002,14.03705882352941,12.891071428571431
USC00366151,2025,11.434756097560976,10.374074074074075,11.683333333333334,11.558333333333332
USC00366194,1916,8.414130434782608,9.273333333333333,11.243956043956045,11.606451612903225
USC00366194,1917,8.08641304347826,9.25,9.496703296703297,9.324193548387099
USC00366194,1918,11.437777777777777,9.806666666666667,12.017777777777777,13.134999999999998
USC00366194,1919,9.986413043478262,8.665,13.422988505747126,15.470370370370368
USC00366194,1920,9.130978260869565,8.888333333333332,13.176923076923078,14.506451612903227
USC00366194,1921,13.019565217391303,13.251666666666667,13.263186813186811,12.200000000000001
USC00366194,1922,11.077173913043477,10.393333333333334,12.983516483516484,13.579032258064514
USC00366194,1923,9.182065217391306,9.625,12.037912087912085,11.880645161290325
USC00366194,1924,8.478804347826085,8.568333333333333,11.395604395604392,12.204838709677418
USC00366194,1925,9.845652173913043,10.569999999999999,11.018888888888888,8.85483870967742
USC00366194,1926,7.888043478260869,7.691666666666666,11.471428571428573,11.711290322580643
USC00366194,1927,9.353804347826086,8.245,13.086813186813183,13.209677419354838
USC00366194,1928,8.544021739130436,8.001666666666667,11.894444444444444,12.810000000000002
USC00366194,1929,11.187499999999998,10.724999999999998,12.29065934065934,10.866129032258065
USC00366194,1930,9.751630434782609,8.328333333333331,12.719444444444445,11.419354838709678
USC00366194,1931,9.667391304347825,9.640000000000002,15.190109890109893,14.288709677419357
USC00366194,1932,9.222777777777779,9.388333333333334,12.29010989010989,13.285483870967743
USC00366194,1933,10.42663043478261,10.058333333333334,12.19120879120879,11.840322580645159
USC00366194,1934,9.356521739130436,9.476666666666667,12.974725274725275,11.369354838709677
USC00366194,1935,9.782417582417581,9.260344827586207,12.286627906976745,11.378571428571425
USC00366194,1936,11.156521739130433,9.098333333333333,12.346153846153847,12.890322580645162
USC00366194,1937,9.442391304347826,9.643333333333333,11.388333333333334,11.595161290322581
USC00366194,1938,10.548795180722893,11.450000000000001,12.230219780219779,13.158064516129034
USC00366194,1939,10.56896551724138,8.798333333333336,11.370329670329669,11.667741935483873
USC00366194,1941,10.913186813186813,13.320689655172412,13.650549450549452,14.583870967741936
USC00366194,1942,9.173770491803278,12.476666666666665,12.937362637362634,13.296774193548385
USC00366194,1944,9.112637362637363,7.628333333333332,11.17752808988764,11.029032258064515
USC00366194,1945,11.653846153846157,11.912068965517241,12.602222222222222,10.83
USC00366194,1980,11.323333333333334,11.849999999999998,13.13125,12.274193548387096
USC00366194,1981,12.282716049382715,13.24814814814815,11.101829268292683,10.326923076923075
USC00366194,1982,10.497282608695652,9.396666666666668,13.37032967032967,13.267741935483873
USC00366194,1983,11.219565217391304,11.165000000000001,12.848901098901099,12.203225806451613
USC00366194,1984,8.579347826086957,9.188333333333333,,
USC00366194,1985,,,15.14945054945055,14.488709677419356
USC00366194,1986,12.538586956521739,11.588333333333335,17.092622950819674,14.211290322580643
USC00366194,1987,11.934239130434786,11.381666666666666,13.02692307692308,11.356451612903227
USC00366194,1988,10.852717391304349,10.001666666666665,11.508791208791209,9.406451612903231
USC00366194,1989,10.142391304347825,9.653333333333334,12.642857142857142,13.353225806451615
USC00366194,1990,10.58532608695652,10.766666666666667,12.792857142857144,14.61774193548387
USC00366194,1991,11.753804347826087,10.793333333333331,12.143406593406596,12.63064516129032
USC00366194,1992,9.16141304347826,10.258333333333333,11.85989010989011,10.561290322580646
USC00366194,1993,9.832065217391305,9.731666666666666,12.158791208791207,11.56935483870968
USC00366194,1994,10.25,12.713333333333335,12.652083333333334,11.704545454545457
USC00366194,1995,10.638586956521738,9.813333333333333,13.65274725274725,14.958064516129033
USC00366194,1996,9.836413043478261,11.374999999999998,12.580769230769233,12.574193548387097
USC00366194,1997,9.645108695652173,9.543333333333335,12.790659340659344,13.25
USC00366194,1998,12.478260869565217,12.08,14.093956043956041,13.601612903225805
USC00366194,1999,10.559782608695652,10.864999999999998,14.003296703296703,12.21290322580645
USC00366194,2000,11.835869565217392,10.568333333333333,13.100549450549451,13.370967741935486
USC00366194,2001,10.552173913043477,10.975,13.88846153846154,13.303225806451614
USC00366194,2002,11.150000000000002,12.27166666666667,13.446153846153845,12.991935483870968
USC00366194,2004,12.718131868131866,11.364999999999998,13.991208791208795,12.75
USC00366194,2005,8.32336956521739,10.383333333333331,13.717582417582417,13.051612903225806
USC00366194,2006,10.194021739130434,11.289999999999996,12.486813186813187,11.248387096774195
USC00366194,2007,9.509239130434782,8.209999999999999,13.584065934065935,15.856451612903228
USC00366194,2008,10.497282608695652,11.893333333333333,12.007692307692308,11.133870967741938
USC00366194,2009,10.745652173913042,11.026666666666667,12.743956043956041,11.583870967741932
USC00366194,2010,12.97663043478261,12.926666666666668,13.2478021978022,12.738709677419354
USC00366194,2011,11.908152173913045,12.553333333333335,14.020329670329671,12.651612903225804
USC00366194,2012,13.364673913043475,11.201666666666664,12.394505494505493,13.206451612903225
USC00366194,2013,10.27554347826087,10.893333333333334,12.414285714285715,13.780645161290321
USC00366194,2014,9.584782608695653,10.233333333333333,12.575274725274724,13.241935483870968
USC00366194,2015,10.685326086956522,10.96,14.085714285714285,12.001612903225803
USC00366194,2016,11.334782608695651,10.363333333333337,13.641758241758243,13.269354838709678
USC00366194,2017,10.401685393258425,13.708333333333334,13.909340659340664,15.78709677419355
USC00366194,2018,10.364673913043479,8.966666666666667,13.38791208791209,13.548387096774194
USC00366194,2019,11.720652173913043,13.401666666666669,12.971978021978025,14.062903225806451
USC00366194,2020,10.606521739130436,9.251666666666667,13.614835164835164,13.217741935483874
USC00366194,2021,11.40326086956522,11.331666666666665,13.855494505494507,15.862903225806452
USC00366194,2022,11.461413043478263,10.493333333333334,13.026373626373625,11.806451612903224
USC00366194,2023,11.059782608695652,12.805000000000001,13.089560439560438,14.190322580645162
USC00366194,2024,12.344021739130433,11.818333333333333,13.922527472527475,14.017741935483873
USC00366194,2025,12.016483516483518,11.746666666666666,12.954705882352942,12.51153846153846
USC00366233,1904,8.196703296703296,6.191379310344828,10.526704545454544,10.694642857142858
USC00366233,1905,9.131521739130438,7.930000000000001,10.470555555555556,10.551666666666668
USC00366233,1906,7.561413043478261,8.753333333333334,11.190740740740742,10.793103448275861
USC00366233,1907,7.55126582278481,5.352777777777778,9.62142857142857,8.333870967741936
USC00366233,1908,9.709782608695653,8.754999999999999,11.928651685393259,12.990322580645163
USC00366233,1909,8.03967391304348,8.591666666666667,11.425274725274729,8.796774193548389
USC00366233,1910,10.284831460674157,10.139999999999999,10.617582417582419,12.654838709677424
USC00366233,1911,8.607692307692307,7.67,10.516292134831462,10.825806451612904
USC00366233,1914,8.91304347826087,9.021666666666668,11.45,13.805172413793105
USC00366233,1915,6.059836065573771,12.691666666666666,12.21758241758242,11.598387096774195
USC00366233,1916,7.583152173913043,8.191666666666666,10.434999999999999,10.383870967741935
USC00366233,1917,7.623333333333334,8.305357142857142,8.50287356321839,8.061111111111112
USC00366233,1918,10.260989010989011,7.886666666666668,10.33932584269663,12.032258064516126
USC00366233,1919,8.92391304347826,8.655,11.319411764705881,13.933870967741935
USC00366233,1920,8.33532608695652,6.748333333333334,11.93901098901099,13.57741935483871
USC00366233,1921,11.736413043478258,12.026666666666666,12.837912087912088,11.695161290322583
USC00366233,1922,10.447826086956521,10.719999999999997,7.613888888888888,9.8
USC00366233,1923,8.034065934065934,7.916666666666668,11.03901098901099,10.119354838709677
USC00366233,1924,8.51195652173913,9.696666666666665,10.482417582417582,11.12903225806452
USC00366233,1925,8.621739130434785,11.17,10.32197802197802,7.706451612903226
USC00366233,1926,6.743956043956045,6.495,11.492307692307694,11.359677419354838
USC00366233,1927,9.453260869565218,9.096666666666666,13.562637362637366,13.201612903225806
USC00366233,1928,7.672282608695654,6.613333333333333,11.377472527472527,12.616129032258065
USC00366233,1929,9.72282608695652,10.051666666666668,10.83901098901099,10.02903225806452
USC00366233,1930,9.076086956521738,8.838333333333333,11.440659340659343,10.108064516129033
USC00366233,1931,8.235869565217392,8.67,14.541758241758242,13.09032258064516
USC00366233,1932,7.476630434782609,7.4316666666666675,11.465384615384616,12.172580645161291
USC00366233,1933,9.455434782608695,10.095,11.05054945054945,10.487096774193551
USC00366233,1934,8.0625,8.811666666666667,12.705617977528089,11.423333333333334
USC00366233,1935,8.681521739130435,7.801666666666667,11.774725274725272,11.519354838709676
USC00366233,1936,8.890217391304349,6.641666666666667,11.41043956043956,11.87258064516129
USC00366233,1937,7.736413043478261,8.359999999999998,9.913186813186812,9.882258064516128
USC00366233,1938,10.677717391304348,10.565000000000001,12.23846153846154,12.661290322580646
USC00366233,1939,9.902173913043477,8.201666666666666,12.803846153846155,13.617741935483872
USC00366233,1940,7.972282608695653,7.906666666666665,11.137362637362637,11.108064516129033
USC00366233,1941,9.63913043478261,12.406666666666666,14.026923076923074,14.801612903225807
USC00366233,1942,11.81304347826087,12.518333333333336,12.553846153846152,12.764516129032257
USC00366233,1943,9.069021739130433,7.158333333333332,10.443406593406593,10.495161290322581
USC00366233,1944,10.107608695652175,8.259999999999998,11.986813186813189,11.8758064516129
USC00366233,1945,11.75108695652174,11.998333333333333,12.254395604395603,10.856451612903228
USC00366233,1946,11.461413043478261,9.288333333333332,12.586263736263735,13.137096774193546
USC00366233,1947,7.552173913043479,9.436666666666667,12.160555555555554,14.964999999999996
USC00366233,1948,10.049999999999999,11.488333333333332,11.613186813186813,9.451612903225804
USC00366233,1949,9.206521739130435,8.288333333333332,11.871348314606744,14.04032258064516
USC00366233,1950,8.089130434782609,6.906666666666666,11.110439560439561,12.86774193548387
USC00366233,1951,9.582608695652175,9.045,11.095604395604395,13.616129032258065
USC00366233,1952,9.242307692307692,10.25,11.458791208791208,9.474193548387095
USC00366233,1953,10.60989010989011,8.999999999999998,12.004945054945056,11.985483870967741
USC00366233,1954,9.43478260869565,12.856666666666666,12.236263736263739,13.30967741935484
USC00366233,1955,11.575555555555555,13.473333333333333,11.811111111111112,12.180645161290323
USC00366233,1956,8.660326086956523,8.786666666666667,11.87912087912088,13.396774193548387
USC00366233,1957,10.473369565217393,10.989999999999998,11.33956043956044,9.983870967741936
USC00366233,1958,9.08967391304348,10.889999999999999,12.07747252747253,11.367741935483869
USC00366233,1959,9.189880952380953,10.645000000000001,12.445604395604395,12.782258064516126
USC00366233,1960,8.060326086956522,12.443333333333335,12.602747252747255,11.52258064516129
USC00366233,1961,8.640217391304347,6.993333333333334,13.782967032967033,13.720967741935487
USC00366233,1962,10.310326086956522,9.543333333333333,11.06923076923077,12.48225806451613
USC00366233,1963,9.7375,9.901666666666666,12.262087912087914,13.7
USC00366233,1964,10.645108695652175,10.825,11.586813186813185,9.979032258064517
USC00366233,1965,9.455978260869566,8.591666666666667,11.879670329670331,10.354838709677418
USC00366233,1966,8.621195652173913,8.174999999999999,10.829120879120879,10.466129032258065
USC00366233,1967,8.851630434782608,10.916666666666664,10.184065934065936,11.66935483870968
USC00366233,1968,9.693478260869567,11.075,12.324175824175827,12.277419354838708
USC00366233,1969,9.20217391304348,11.003333333333336,10.996590909090909,10.917857142857143
USC00366233,1970,9.870652173913044,10.5,13.370879120879119,13.477419354838709
USC00366233,1971,7.410869565217392,7.6433333333333335,13.526373626373628,15.251612903225805
USC00366233,1972,8.905434782608694,8.621666666666668,10.764285714285714,9.759677419354837
USC00366233,1973,10.733152173913043,10.066666666666668,13.013736263736265,13.43548387096774
USC00366233,1974,10.2125,10.918333333333333,10.67032967032967,10.069354838709677
USC00366233,1975,8.768478260869566,6.211666666666667,12.13901098901099,12.298387096774196
USC00366233,1976,10.53956043956044,10.283333333333331,8.623076923076923,8.735483870967743
USC00366233,1977,11.627173913043478,10.65,12.446703296703296,10.880645161290321
USC00366233,1978,8.4,9.078333333333335,12.254945054945058,10.832258064516127
USC00366233,1979,10.044021739130434,9.243333333333334,11.855494505494509,10.685483870967738
USC00366233,1980,8.956521739130435,8.963333333333333,10.82967032967033,9.54516129032258
USC00366233,1981,9.211235955056178,11.479999999999999,10.647802197802198,10.238709677419356
USC00366233,1982,9.645108695652175,7.368333333333333,12.154395604395605,12.356451612903228
USC00366233,1983,9.025,8.586666666666666,12.587362637362636,12.546774193548389
USC00366233,1984,6.084615384615383,8.028333333333334,11.111538461538462,13.44032258064516
USC00366233,1985,9.317934782608694,11.10833333333333,12.082417582417582,11.2
USC00366233,1986,8.92445652173913,9.669999999999998,10.93901098901099,11.656451612903224
USC00366233,1987,9.685714285714285,9.160000000000002,10.585164835164836,7.862903225806452
USC00366233,1988,8.486413043478262,8.316666666666666,9.956043956043958,7.6483870967741945
USC00366233,1989,7.730434782608695,6.491666666666668,10.703846153846154,11.051612903225811
USC00366233,1990,8.607142857142858,8.846551724137932,11.739560439560442,11.558064516129031
USC00366233,1991,11.121739130434781,10.236666666666666,10.87142857142857,12.02096774193548
USC00366233,1992,7.68695652173913,8.391666666666667,10.30934065934066,9.10483870967742
USC00366233,1993,7.917934782608695,8.243333333333334,10.492222222222223,9.775
USC00366233,1994,7.640217391304348,9.770000000000001,11.361797752808988,10.308333333333335
USC00366233,1995,8.37445652173913,6.91,10.656593406593405,12.690322580645162
USC00366233,1996,7.292934782608696,8.49,14.709999999999999,11.766666666666667
USC00366233,1997,7.209782608695653,6.363333333333333,10.744505494505493,11.516129032258064
USC00366233,1998,10.730978260869565,9.946666666666667,12.393406593406594,12.21290322580645
USC00366233,1999,9.144021739130435,10.603333333333333,12.18956043956044,10.754838709677419
USC00366233,2000,10.43804347826087,9.318333333333332,11.435714285714285,12.62258064516129
USC00366233,2001,8.956521739130435,9.951666666666666,12.206741573033709,11.501666666666663
USC00366233,2002,8.765697674418606,10.4125,12.030000000000003,11.371666666666666
USC00366233,2003,9.643478260869566,10.121666666666666,11.811111111111112,10.090322580645159
USC00366233,2004,10.333695652173915,8.963333333333333,12.692777777777776,12.213333333333336
USC00366233,2005,7.935955056179776,10.583928571428572,13.132584269662921,12.70166666666667
USC00366233,2006,9.726630434782608,11.768333333333336,11.451648351648354,10.18709677419355
USC00366233,2007,9.41195652173913,7.750000000000001,13.335714285714285,15.440322580645162
USC00366233,2008,8.482065217391305,11.135000000000002,11.787912087912089,11.0
USC00366233,2009,9.883152173913045,9.616666666666667,12.269101123595503,9.924193548387098
USC00366233,2010,11.174444444444443,11.73,12.137362637362637,12.019354838709676
USC00366233,2011,9.536111111111113,10.070689655172414,13.142222222222225,11.779032258064516
USC00366233,2012,12.471111111111107,8.696666666666667,11.464285714285714,12.133870967741933
USC00366233,2015,9.478735632183907,10.367241379310345,14.424157303370787,12.588333333333335
USC00366233,2016,10.716304347826085,9.488333333333333,14.405681818181819,14.222580645161289
USC00366233,2019,9.670689655172417,10.205000000000004,13.466666666666667,13.308333333333334
USC00366238,1993,10.209239130434783,10.523333333333333,12.526923076923078,12.008064516129034
USC00366238,1994,10.444021739130434,13.401666666666667,13.234615384615383,12.340322580645159
USC00366238,1995,10.895108695652175,9.996666666666668,12.880769230769229,15.091935483870968
USC00366238,1996,9.696195652173913,11.140000000000002,11.987912087912086,12.84677419354839
USC00366238,1997,9.97771739130435,10.005,12.536813186813188,13.243548387096773
USC00366238,1998,12.548913043478262,12.231666666666666,13.92197802197802,13.074193548387095
USC00366238,1999,10.980434782608695,11.328333333333335,14.123076923076924,12.514516129032256
USC00366238,2000,12.2375,10.661666666666667,12.695054945054947,13.720967741935485
USC00366238,2001,10.826630434782608,11.671666666666669,14.37307692307692,13.859677419354837
USC00366238,2002,11.722282608695652,12.736666666666668,13.103296703296701,12.06451612903226
USC00366238,2003,10.23858695652174,10.441666666666665,13.76428571428571,12.214516129032257
USC00366238,2004,12.902173913043478,11.875000000000002,13.572527472527474,12.293548387096775
USC00366238,2005,10.193478260869565,12.746666666666666,14.97252747252747,13.972580645161294
USC00366238,2006,11.76304347826087,12.64166666666667,13.441758241758242,12.498387096774197
USC00366238,2007,11.189673913043478,9.673333333333334,14.654945054945056,16.98548387096774
USC00366238,2008,11.146195652173912,12.676666666666668,12.957692307692307,12.691935483870969
USC00366238,2009,11.479891304347827,12.138333333333332,13.23846153846154,12.17258064516129
USC00366238,2010,13.468478260869563,13.498333333333331,13.98076923076923,13.688709677419354
USC00366238,2011,11.915760869565217,12.293333333333331,14.250000000000002,12.903225806451612
USC00366238,2012,13.85054347826087,11.403333333333332,12.9021978021978,13.461290322580645
USC00366238,2013,10.702717391304347,11.548333333333336,12.90769230769231,14.298387096774194
USC00366238,2014,9.990760869565218,10.616666666666667,13.151648351648351,14.222580645161292
USC00366238,2015,11.57336956521739,11.79,14.786813186813188,12.743548387096773
USC00366238,2016,11.786956521739128,10.388333333333334,14.73241758241758,14.506451612903225
USC00366238,2017,11.337500000000002,14.199999999999998,14.403296703296704,16.40806451612903
USC00366238,2018,10.419565217391304,8.941666666666666,13.447252747252746,14.125806451612904
USC00366238,2019,11.952173913043477,13.531666666666666,13.270329670329671,14.451612903225808
USC00366238,2020,10.941847826086956,9.306666666666668,13.767032967032966,13.430645161290323
USC00366238,2021,11.596739130434784,11.471666666666666,13.60054945054945,15.845161290322583
USC00366238,2022,11.379891304347824,9.906666666666666,12.869230769230771,11.517741935483869
USC00366238,2023,11.491304347826087,13.318333333333332,13.126373626373626,13.985483870967743
USC00366238,2024,12.696739130434782,12.229999999999999,13.803846153846155,13.816129032258063
USC00366238,2025,12.798369565217392,12.55,13.437912087912093,13.14677419354839
USC00366246,1902,11.379347826086958,9.56,14.73846153846154,14.116129032258065
USC00366246,1903,13.37554347826087,11.411666666666667,12.760439560439561,13.97258064516129
USC00366246,1904,10.254891304347826,8.586666666666668,12.6956043956044,12.862903225806452
USC00366246,1905,11.73913043478261,10.336666666666666,12.624175824175822,13.091935483870966
USC00366246,1906,10.064130434782609,11.231666666666666,13.739444444444441,13.180000000000001
USC00366246,1907,10.376086956521739,7.816666666666666,12.034065934065936,10.666129032258064
USC00366246,1912,11.063043478260868,12.443333333333332,9.920491803278686,12.76290322580645
USC00366246,1913,11.971739130434784,11.66666666666666,12.83820224719101,14.329032258064517
USC00366246,1914,9.326923076923077,10.238333333333333,13.619230769230768,15.379032258064516
USC00366246,1920,10.426086956521738,9.796666666666669,13.119444444444444,14.56290322580645
USC00366246,1921,14.058695652173911,13.991666666666667,14.372527472527473,12.685483870967742
USC00366246,1922,12.113218390804597,12.323333333333334,14.02912087912088,13.658064516129034
USC00366246,1923,10.910869565217393,10.705,12.514285714285714,11.15
USC00366246,1925,11.095652173913043,12.553333333333333,12.262637362637363,9.056451612903224
USC00366246,1926,8.514285714285712,7.970000000000001,11.404395604395605,12.348387096774193
USC00366246,1927,11.808152173913046,11.095,14.541758241758238,14.641935483870965
USC00366246,1928,9.9375,9.103333333333332,13.002747252747254,15.033870967741937
USC00366246,1929,12.271978021978022,12.441666666666668,11.925,11.480645161290324
USC00366246,1930,11.440217391304348,12.558333333333334,12.679670329670326,10.664516129032258
USC00366246,1931,9.62445652173913,9.88833333333333,15.655555555555559,14.579032258064514
USC00366246,1932,9.533695652173913,9.87,13.210439560439559,13.732258064516127
USC00366246,1933,11.046739130434782,11.530000000000001,12.381318681318684,11.911290322580646
USC00366246,1934,9.320108695652172,9.4,13.406593406593407,12.517741935483867
USC00366246,1935,8.942934782608695,8.011666666666667,11.934065934065936,11.3
USC00366246,1936,10.658152173913042,7.921666666666667,13.266483516483515,13.837096774193544
USC00366246,1937,8.703260869565218,9.118333333333334,11.404395604395605,11.700000000000001
USC00366246,1938,11.77173913043478,12.019999999999998,12.337912087912091,12.608064516129033
USC00366246,1939,9.95217391304348,8.27,12.476373626373622,12.60967741935484
USC00366246,1940,8.489673913043477,8.575,12.159090909090908,11.987096774193548
USC00366246,1941,10.26467391304348,13.171666666666665,14.456593406593404,15.030645161290325
USC00366246,1942,11.73804347826087,12.356666666666666,13.11153846153846,12.983870967741936
USC00366246,1943,8.854891304347827,6.456666666666667,10.726136363636364,10.642857142857142
USC00366246,1944,10.990760869565218,9.411666666666665,11.885164835164836,11.461290322580647
USC00366246,1945,12.118478260869564,12.521666666666668,10.73241758241758,10.775806451612903
USC00366246,1948,13.207692307692309,14.955000000000002,13.255494505494505,10.474193548387097
USC00366246,1949,10.517934782608695,10.153333333333334,12.727777777777778,15.138709677419353
USC00366246,1950,9.17554347826087,8.459999999999999,13.253846153846155,15.466129032258065
USC00366246,1951,10.318478260869567,9.5,12.263736263736261,15.001612903225807
USC00366246,1952,10.689673913043478,11.333333333333334,12.082417582417582,9.837096774193546
USC00366246,1953,11.891847826086961,10.033333333333331,14.215384615384615,14.677419354838712
USC00366246,1954,11.742934782608698,15.103333333333333,13.881868131868131,14.65967741935484
USC00366246,1955,12.179891304347828,13.514999999999999,12.953296703296703,13.232258064516131
USC00366246,1956,10.503804347826087,10.826666666666664,14.66,15.851612903225806
USC00366246,1957,12.46195652173913,13.413333333333332,13.299999999999999,10.842105263157896
USC00366246,1958,9.654347826086957,11.075000000000001,12.756043956043959,12.148387096774194
USC00366246,1959,11.540217391304349,11.451666666666666,13.346703296703295,13.251612903225805
USC00366246,1960,8.952717391304347,13.121666666666666,13.553296703296704,12.856451612903228
USC00366246,1961,9.730978260869565,8.09,14.646153846153846,14.124193548387098
USC00366246,1962,11.168478260869565,9.671666666666665,12.026923076923078,13.129032258064514
USC00366246,1963,10.784782608695652,11.090000000000002,13.886263736263734,15.529032258064515
USC00366246,1964,12.03478260869565,12.398333333333332,12.864285714285712,10.924193548387096
USC00366246,1965,10.976086956521742,10.748333333333333,13.343406593406593,11.80967741935484
USC00366246,1966,10.346739130434782,10.203333333333331,11.936263736263736,11.077419354838709
USC00366246,1967,10.940217391304346,12.476666666666665,15.231967213114755,12.861290322580645
USC00366246,1968,11.798913043478263,13.646666666666667,17.096721311475413,13.364516129032257
USC00366246,1969,11.267391304347825,12.956666666666669,13.033516483516483,13.024193548387096
USC00366246,1970,11.420108695652175,12.113333333333333,15.119780219780218,15.327419354838709
USC00366246,1971,9.602173913043478,9.716666666666665,15.196153846153845,16.38709677419355
USC00366246,1972,11.467934782608696,10.93,13.007222222222222,11.522580645161291
USC00366246,1973,12.434239130434783,11.036666666666667,14.564835164835166,15.140322580645162
USC00366246,1975,10.727717391304349,8.531666666666666,13.579120879120882,14.016129032258066
USC00366246,1976,11.448913043478258,10.860000000000003,10.515934065934065,10.195161290322579
USC00366246,1977,12.773913043478263,11.991666666666669,13.536666666666669,11.66612903225806
USC00366246,1979,10.686263736263735,10.429310344827586,12.425316455696201,12.332142857142857
USC00366246,1980,7.379347826086957,7.534999999999999,13.038953488372094,11.399999999999999
USC00366297,1949,9.304347826086955,8.969999999999999,11.695604395604395,13.867741935483872
USC00366297,1950,8.033152173913043,7.531666666666666,11.493956043956045,12.487096774193548
USC00366297,1951,9.758152173913043,9.868333333333334,11.091208791208789,12.422580645161291
USC00366297,1952,9.480978260869565,10.859999999999998,11.118681318681318,9.320967741935485
USC00366297,1953,10.447252747252747,9.591666666666667,11.973076923076922,12.487096774193548
USC00366297,1954,9.882065217391304,11.756666666666664,12.134065934065935,13.464516129032258
USC00366297,1955,11.196739130434782,11.694999999999997,11.308241758241758,12.445161290322579
USC00366297,1956,8.102173913043478,8.211666666666666,11.077777777777781,11.712903225806452
USC00366297,1957,10.351630434782608,11.445000000000002,11.535714285714286,10.187096774193549
USC00366297,1958,9.480434782608697,11.075000000000001,11.77967032967033,11.083870967741936
USC00366297,1959,10.497826086956522,10.811666666666664,12.443406593406594,13.24516129032258
USC00366297,1960,8.679347826086957,12.951666666666664,12.068131868131868,11.256451612903223
USC00366297,1961,8.772282608695651,7.975,9.54672131147541,12.55
USC00366297,1962,10.389444444444445,10.48,10.614285714285714,12.230645161290322
USC00366297,1963,9.976086956521739,10.773333333333335,12.424725274725274,13.866129032258064
USC00366297,1964,10.26304347826087,8.888333333333332,11.648901098901101,9.78709677419355
USC00366297,1965,9.578804347826086,8.596666666666666,11.64010989010989,10.499999999999998
USC00366297,1966,8.958152173913042,7.996666666666666,10.767582417582416,10.140322580645162
USC00366297,1967,8.259239130434782,10.623333333333333,10.311538461538461,10.635483870967745
USC00366297,1968,10.101630434782608,11.520000000000001,12.489560439560439,12.71935483870968
USC00366297,1969,10.076630434782606,10.991666666666669,11.163186813186813,10.793548387096777
USC00366297,1970,9.58641304347826,9.725,13.25879120879121,13.25
USC00366297,1971,8.640217391304347,9.290000000000001,13.368681318681318,14.737096774193551
USC00366297,1972,9.111956521739133,8.463333333333335,10.639010989010988,9.43225806451613
USC00366297,1973,10.598369565217393,10.795,12.858241758241757,12.816129032258065
USC00366297,1974,10.075,10.615,11.220879120879122,9.637096774193548
USC00366297,1975,9.423369565217392,7.624999999999999,12.550000000000002,13.179032258064519
USC00366297,1976,10.958695652173912,12.443333333333333,9.552747252747254,9.032258064516126
USC00366297,1977,9.596721311475411,12.26333333333333,12.42142857142857,10.737096774193551
USC00366297,1978,9.106521739130434,9.793333333333333,11.73846153846154,10.380645161290323
USC00366297,1979,10.519565217391305,9.85,12.32197802197802,11.666129032258064
USC00366297,1980,10.17282608695652,11.083333333333334,11.412637362637362,10.508064516129032
USC00366297,1981,10.341847826086957,11.964999999999998,10.825274725274724,9.412903225806451
USC00366297,1982,9.717391304347826,8.966666666666667,12.137362637362637,11.483870967741934
USC00366297,1983,9.811413043478263,9.266666666666667,12.25054945054945,11.67741935483871
USC00366297,1984,7.895652173913043,9.31,11.798901098901096,14.079032258064514
USC00366297,1985,12.322826086956525,13.241666666666667,13.50934065934066,12.706451612903225
USC00366297,1986,11.875000000000002,11.928333333333333,11.998901098901097,12.74193548387097
USC00366297,1987,11.622282608695652,11.391666666666664,11.516483516483516,9.835483870967742
USC00366297,1988,9.995108695652174,9.425,10.532967032967035,9.158064516129032
USC00366297,1989,8.715217391304348,8.78,11.368681318681316,11.641935483870967
USC00366297,1990,10.234239130434784,10.570000000000002,12.945604395604398,13.333870967741936
USC00366297,1991,10.948369565217392,9.830000000000002,10.572527472527472,10.653225806451614
USC00366370,1952,10.86195652173913,12.101666666666667,12.36043956043956,10.806451612903224
USC00366370,1953,10.8125,10.065,13.715555555555554,14.450000000000003
USC00366370,1954,11.504891304347826,13.386666666666665,14.108241758241757,15.64032258064516
USC00366370,1955,12.62307692307692,12.946666666666665,13.891758241758243,15.193548387096774
USC00366370,1956,9.773369565217392,10.066666666666668,13.402197802197804,13.908064516129034
USC00366370,1957,11.737499999999999,12.323333333333332,13.964835164835167,12.529032258064516
USC00366370,1958,10.863043478260868,12.185,13.486813186813187,13.029032258064516
USC00366370,1959,12.410869565217396,12.84,14.8478021978022,15.658064516129034
USC00366370,1960,10.256521739130434,13.701666666666664,13.760439560439558,13.16451612903226
USC00366370,1961,10.226086956521737,9.606666666666666,15.309340659340657,14.495161290322581
USC00366370,1962,11.678409090909092,11.575,12.348901098901097,13.798387096774196
USC00366370,1963,11.4625,11.75,14.27857142857143,15.680645161290322
USC00366370,1964,11.366847826086959,9.783333333333333,13.797802197802199,12.191935483870969
USC00366370,1965,11.271739130434783,10.036666666666665,13.686263736263736,12.77741935483871
USC00366370,1966,10.47554347826087,9.188333333333334,13.210989010989014,12.393548387096773
USC00366370,1967,9.560555555555556,11.319999999999999,12.524725274725276,13.487096774193546
USC00366370,1968,11.889130434782608,12.969999999999997,14.727472527472528,15.046774193548389
USC00366370,1969,11.980434782608697,13.246666666666666,13.510989010989011,13.379032258064516
USC00366370,1970,10.983152173913043,11.026666666666669,15.173626373626371,15.13225806451613
USC00366370,1971,10.332967032967032,10.641379310344828,15.077472527472525,16.801612903225806
USC00366370,1972,10.455978260869564,9.905000000000001,12.47252747252747,11.175806451612901
USC00366370,1976,12.753804347826087,13.486666666666668,,
USC00366370,1977,,,12.994505494505493,11.603225806451611
USC00366370,1978,9.938586956521739,10.731666666666666,12.804945054945055,11.964516129032257
USC00366370,1979,10.943478260869565,9.834999999999999,12.509890109890112,10.391935483870968
USC00366370,1980,11.332608695652173,12.328333333333337,13.147802197802198,11.943548387096774
USC00366370,1981,10.704347826086957,12.03,11.941758241758242,10.74032258064516
USC00366370,1982,10.308695652173913,9.158333333333331,13.64010989010989,13.443548387096774
USC00366370,1983,11.31304347826087,10.526666666666667,13.898351648351651,13.514516129032256
USC00366370,1984,9.419021739130436,10.263333333333334,13.414835164835164,15.511290322580647
USC00366370,1985,12.440217391304346,12.419999999999998,13.70989010989011,13.177419354838708
USC00366370,1986,14.63032786885246,11.075000000000001,12.35989010989011,12.804838709677423
USC00366370,2001,10.867777777777778,11.317857142857141,14.57857142857143,13.898387096774194
USC00366370,2002,11.981868131868131,13.18,13.628021978021977,12.814516129032258
USC00366370,2003,10.369565217391305,10.111666666666666,14.06593406593407,12.258064516129037
USC00366370,2004,13.090217391304344,11.616666666666667,14.267777777777777,12.960000000000003
USC00366370,2005,10.913736263736263,13.043333333333333,18.908196721311473,14.951612903225806
USC00366370,2007,11.779891304347826,10.406666666666668,15.53076923076923,17.803225806451614
USC00366370,2008,11.55989010989011,13.080000000000002,13.589010989010989,12.877419354838711
USC00366370,2009,11.908695652173913,12.121666666666666,15.725409836065573,12.3241935483871
USC00366370,2011,15.48688524590164,12.911666666666667,15.104945054945057,14.082258064516127
USC00366370,2012,14.153804347826085,11.998333333333335,13.499450549450552,14.366129032258064
USC00366370,2013,11.181521739130435,11.881666666666668,13.800555555555558,14.756666666666668
USC00366370,2014,10.494444444444444,11.3,13.721978021978025,14.461290322580643
USC00366370,2015,11.139204545454545,11.415517241379309,15.346067415730339,13.709677419354838
USC00366370,2016,12.17802197802198,11.455,14.986781609195404,14.365517241379312
USC00366370,2017,11.483516483516482,14.363333333333335,14.877472527472527,16.317741935483873
USC00366370,2018,10.987362637362638,9.556666666666667,14.115555555555554,14.251612903225805
USC00366370,2019,12.053333333333333,13.716071428571428,14.444886363636362,14.975806451612907
USC00366370,2020,11.156521739130437,9.761666666666667,14.767222222222221,14.420967741935483
USC00366370,2022,11.278260869565216,10.259999999999998,13.527472527472527,11.848387096774195
USC00366370,2023,11.602747252747251,13.371666666666664,13.6489010989011,14.803225806451614
USC00366370,2024,12.821774193548386,,14.71411764705882,14.06451612903226
USC00366370,2025,12.093258426966292,11.54107142857143,13.74712643678161,13.549999999999999
USC00366508,1979,12.046774193548389,,13.179775280898873,11.579032258064515
USC00366508,1980,11.454166666666666,11.46111111111111,12.386931818181818,11.534482758620692
USC00366508,1981,12.129268292682926,12.566071428571428,12.411594202898552,
USC00366508,1982,10.254347826086956,9.365,10.072950819672132,12.616129032258067
USC00366508,1983,10.058152173913044,9.110000000000001,13.455494505494507,13.248387096774193
USC00366508,1984,9.046739130434782,9.586666666666668,12.89285714285714,15.598387096774193
USC00366508,1985,11.92282608695652,12.501666666666667,14.496703296703295,13.988709677419353
USC00366508,1986,12.06086956521739,10.841666666666669,16.277868852459015,13.17741935483871
USC00366508,1987,12.014130434782611,11.188333333333333,11.862087912087913,9.438709677419356
USC00366508,1988,10.754494382022472,9.645,11.551648351648355,10.183870967741935
USC00366508,1989,10.65,11.19,12.59,13.088709677419354
USC00366508,1990,11.207608695652175,11.06,13.275824175824175,14.908064516129034
USC00366508,1991,12.815760869565219,12.378333333333329,10.090659340659341,10.148387096774197
USC00366508,1992,9.392391304347825,10.249999999999998,9.05879120879121,4.740322580645162
USC00366508,1993,9.799444444444445,9.495,12.014444444444443,11.682258064516128
USC00366508,1995,9.669166666666667,,12.055813953488375,13.709677419354842
USC00366508,1996,9.898369565217392,11.530000000000003,11.412637362637362,12.048387096774192
USC00366508,1997,9.95679012345679,9.305172413793102,11.225274725274724,12.267741935483869
USC00366508,1998,11.233695652173912,10.438333333333334,12.481111111111113,11.443548387096774
USC00366508,1999,9.706521739130435,10.245,12.41,11.137096774193546
USC00366508,2000,11.940109890109888,10.516666666666664,11.807303370786515,13.099999999999998
USC00366508,2001,10.871978021978022,11.9,13.002197802197802,12.43064516129032
USC00366508,2002,11.684239130434781,11.729999999999999,12.815384615384614,12.63709677419355
USC00366508,2004,12.233695652173912,11.473333333333331,12.71868131868132,11.616129032258065
USC00366508,2005,9.129347826086956,11.378333333333332,13.83131868131868,13.014516129032257
USC00366508,2006,10.720652173913043,11.340000000000002,12.616483516483516,11.662903225806451
USC00366508,2007,10.275543478260872,9.156666666666666,13.699450549450548,15.924193548387098
USC00366508,2008,10.61195652173913,12.16,12.045054945054947,11.487096774193548
USC00366508,2009,10.8375,11.266666666666664,12.796153846153846,11.77258064516129
USC00366508,2010,12.703804347826084,12.601666666666667,12.785714285714286,12.454838709677418
USC00366508,2011,11.62692307692308,12.628333333333334,13.52417582417582,12.07258064516129
USC00366508,2012,13.146195652173912,10.686666666666667,12.032967032967033,13.13225806451613
USC00366508,2013,10.266847826086957,11.026666666666667,12.09230769230769,13.443548387096774
USC00366508,2014,9.17771739130435,9.618333333333334,12.275274725274725,13.303225806451614
USC00366508,2015,10.672826086956524,10.611666666666668,13.637362637362637,11.814516129032258
USC00366508,2016,11.123369565217391,9.856666666666666,13.787362637362635,13.691935483870967
USC00366508,2017,11.096739130434782,13.65,13.785714285714288,15.772580645161288
USC00366508,2018,10.008695652173913,8.766666666666667,12.95659340659341,13.383870967741936
USC00366508,2019,11.603260869565217,13.338333333333336,12.97692307692308,14.425806451612903
USC00366508,2020,10.429891304347825,9.101666666666667,13.515384615384614,13.37741935483871
USC00366508,2022,11.259239130434782,10.081666666666669,12.786813186813186,11.319354838709678
USC00366508,2023,11.291847826086958,12.876666666666665,13.305555555555559,13.518333333333329
USC00366508,2024,12.475000000000003,12.028333333333332,13.447802197802195,13.153225806451612
USC00366508,2025,12.104347826086956,11.626666666666667,12.69285714285714,12.325806451612902
USC00366689,1919,10.32857142857143,9.733333333333336,12.591208791208787,13.958064516129031
USC00366689,1920,8.43641304347826,7.676666666666667,12.258791208791209,14.04677419354839
USC00366689,1921,12.333152173913042,13.354999999999999,11.912921348314606,10.670689655172415
USC00366689,1922,9.965760869565218,9.443333333333333,12.374175824175822,12.409677419354837
USC00366689,1923,9.225,10.018333333333334,11.224725274725275,10.71774193548387
USC00366689,1924,8.432065217391303,8.273333333333333,10.94175824175824,11.75
USC00366689,1925,9.32228260869565,10.156666666666666,9.241111111111111,6.9306451612903235
USC00366689,1926,7.279120879120879,6.383333333333334,10.604945054945054,10.179032258064517
USC00366689,1927,8.833152173913044,7.7616666666666685,12.791758241758242,12.567741935483872
USC00366689,1928,8.196195652173913,8.128333333333334,11.557142857142857,12.12741935483871
USC00366689,1929,10.150543478260868,9.94833333333333,10.9489010989011,9.78548387096774
USC00366689,1930,8.985869565217392,7.8933333333333335,11.87087912087912,10.379032258064516
USC00366689,1931,8.870652173913044,8.571666666666667,13.836813186813188,12.637096774193546
USC00366689,1932,8.02336956521739,7.736666666666666,11.265384615384617,11.935483870967742
USC00366689,1933,9.469565217391304,9.598333333333333,10.515934065934065,10.024193548387096
USC00366689,1934,9.009239130434782,9.118333333333334,11.993406593406595,10.072580645161292
USC00366689,1935,8.810439560439562,8.506666666666666,11.4,11.001612903225805
USC00366689,1936,10.187912087912089,7.951666666666668,10.94175824175824,11.324193548387095
USC00366689,1937,8.504891304347826,8.563333333333333,10.51923076923077,10.274193548387093
USC00366689,1938,10.195108695652175,10.543333333333333,11.513186813186813,12.429032258064519
USC00366689,1939,9.208152173913044,7.668333333333334,11.342857142857142,11.396774193548385
USC00366689,1940,7.567391304347827,7.124999999999999,10.646666666666667,9.52258064516129
USC00366689,1941,10.212499999999999,13.508333333333333,13.285714285714286,13.950000000000003
USC00366689,1942,11.334239130434783,11.911666666666667,12.024725274725276,12.367741935483874
USC00366689,1943,8.277173913043478,5.8,10.457692307692307,10.759677419354837
USC00366689,1944,8.882608695652175,7.540000000000001,11.16923076923077,10.27258064516129
USC00366689,1945,11.233695652173912,11.325000000000001,11.257142857142858,10.006451612903227
USC00366689,1946,9.947282608695653,8.423333333333332,12.52032967032967,13.053225806451612
USC00366689,1947,8.099456521739128,8.830000000000002,11.660989010989011,14.075806451612907
USC00366689,1948,9.320652173913043,9.67,12.291208791208792,10.68709677419355
USC00366689,1949,9.81521739130435,9.736666666666668,11.57087912087912,13.896774193548389
USC00366689,1950,7.708695652173913,7.385000000000001,11.054395604395605,12.47258064516129
USC00366689,1951,9.692934782608695,9.69,10.622527472527473,12.237096774193548
USC00366689,1952,8.708791208791208,10.351666666666665,10.735164835164834,8.943548387096774
USC00366689,1953,9.942391304347824,9.038333333333332,11.86208791208791,12.293548387096774
USC00366689,1954,9.439560439560442,11.018333333333334,11.957142857142856,13.358064516129037
USC00366689,1955,10.476630434782608,11.381666666666666,11.108791208791207,12.235483870967743
USC00366689,1956,7.772826086956522,7.753333333333331,10.686813186813186,11.461290322580645
USC00366689,1957,9.825,10.75,11.310439560439564,10.1258064516129
USC00366689,1958,8.92282608695652,10.136666666666667,10.790659340659342,10.461290322580647
USC00366689,1959,9.843478260869563,10.405000000000001,12.350549450549451,12.670967741935486
USC00366689,1960,7.98695652173913,11.921666666666665,11.042857142857141,10.569354838709678
USC00366689,1961,7.959239130434784,7.188333333333333,13.101098901098904,12.266129032258064
USC00366689,1962,9.762500000000001,9.456666666666667,10.003296703296703,11.251612903225805
USC00366689,1963,9.166304347826086,9.638333333333334,12.10879120879121,13.282258064516126
USC00366689,1964,9.572826086956521,8.348333333333334,11.043956043956046,9.42741935483871
USC00366689,1965,8.871195652173913,7.543333333333335,10.995054945054946,9.922580645161293
USC00366689,1966,8.16141304347826,7.258333333333334,10.724175824175823,10.004838709677419
USC00366689,1967,7.441847826086957,9.124999999999998,9.94010989010989,10.720967741935485
USC00366689,1968,8.052459016393442,10.918333333333331,12.089560439560438,12.432258064516128
USC00366689,1969,10.057065217391303,11.151666666666667,11.678571428571429,11.456451612903226
USC00366689,1970,9.63804347826087,9.698333333333332,13.31978021978022,13.20483870967742
USC00366689,1971,8.42983870967742,,13.409890109890107,14.883870967741936
USC00366689,1972,8.82663043478261,7.746666666666665,10.602197802197802,9.01290322580645
USC00366689,1973,10.240760869565218,10.186666666666666,12.986813186813183,13.611290322580645
USC00366689,1974,10.01358695652174,11.214999999999998,11.16043956043956,9.998387096774193
USC00366689,1975,9.80380434782609,8.110000000000001,13.33908045977012,14.15185185185185
USC00366689,1976,10.240277777777779,9.511764705882353,8.941025641025641,9.052631578947368
USC00366689,1978,9.081927710843374,8.36,11.5814606741573,11.190322580645162
USC00366689,1979,10.584444444444445,10.033333333333333,12.41235294117647,11.506666666666668
USC00366689,1982,8.930434782608696,7.936666666666667,12.132417582417581,11.61451612903226
USC00366689,1983,9.19010989010989,8.848275862068965,11.928021978021976,11.638709677419355
USC00366689,1984,7.560326086956521,8.211666666666668,11.625274725274727,14.054838709677417
USC00366689,1988,10.396195652173914,8.859999999999998,11.316265060240966,9.251724137931033
USC00366689,1989,9.585164835164836,8.788333333333332,11.898837209302325,12.861290322580645
USC00366689,1990,11.37771739130435,11.883333333333331,13.302298850574712,14.766129032258064
USC00366689,1991,11.893956043956045,10.89310344827586,12.806043956043958,13.166129032258066
USC00366689,1994,9.132954545454545,11.564999999999998,12.369230769230768,11.258064516129032
USC00366689,1995,10.044565217391305,8.981666666666666,11.448876404494381,13.651724137931035
USC00366689,1996,8.485326086956523,9.471666666666668,10.438461538461539,10.99032258064516
USC00366689,1997,8.452717391304347,8.85,10.406593406593407,10.958064516129033
USC00366879,1949,12.348901098901099,12.19,14.569780219780219,16.774193548387096
USC00366879,1950,10.046195652173912,9.816666666666666,14.635714285714284,16.06935483870968
USC00366879,1951,12.359782608695653,12.629999999999997,14.684065934065936,16.29193548387097
USC00366879,1952,12.024456521739133,13.534999999999998,14.741758241758241,13.679032258064519
USC00366879,1953,12.808241758241758,12.100000000000001,15.834615384615384,16.279032258064518
USC00366879,1954,11.973626373626375,13.656666666666666,15.562087912087907,17.011290322580642
USC00366879,1955,13.245108695652174,13.598333333333333,15.157692307692304,16.411290322580644
USC00366879,1956,10.836413043478263,10.719999999999999,14.843956043956046,15.556451612903226
USC00366879,1957,12.722826086956522,13.255,15.185714285714287,13.674193548387098
USC00366879,1958,12.057608695652174,13.578333333333335,14.463186813186812,14.138709677419355
USC00366879,1959,13.22717391304348,13.638333333333334,15.580219780219776,16.270967741935483
USC00366879,1960,10.80163043478261,14.413333333333332,14.836813186813185,14.437096774193549
USC00366879,1961,10.793478260869565,10.159999999999998,15.992307692307689,14.958064516129031
USC00366879,1962,12.184782608695652,12.013333333333334,13.446703296703298,15.130645161290323
USC00366879,1963,12.059444444444443,12.756666666666664,14.80879120879121,16.161290322580644
USC00366879,1964,11.976086956521739,10.328333333333335,14.653846153846152,13.04032258064516
USC00366879,1965,10.96358695652174,9.706666666666667,14.046153846153846,13.216129032258063
USC00366879,1966,10.778804347826089,9.483333333333333,13.976373626373627,13.464516129032257
USC00366879,1967,9.96467391304348,11.680000000000001,13.938461538461539,14.651612903225805
USC00366879,1968,12.07445652173913,13.148333333333335,15.781868131868134,15.883870967741936
USC00366879,1969,12.667934782608693,13.921666666666669,14.973076923076928,15.298387096774194
USC00366879,1970,11.60163043478261,11.440000000000001,15.726111111111111,15.363333333333335
USC00366879,1971,10.61043956043956,11.065517241379311,16.455494505494507,17.92096774193548
USC00366879,1972,11.2875,10.658333333333335,13.617032967032971,12.482258064516131
USC00366879,1974,12.632608695652175,13.791666666666666,14.817582417582416,13.625806451612906
USC00366879,1975,12.34021739130435,10.35,16.157692307692308,16.709677419354836
USC00366879,1976,13.171739130434782,13.92666666666667,12.776923076923078,12.267741935483873
USC00366879,1977,14.6521978021978,14.161666666666667,14.268681318681322,12.880645161290321
USC00366879,1978,10.877472527472527,11.594999999999999,14.320879120879123,13.679032258064517
USC00366879,1979,13.365934065934065,12.014999999999999,15.553296703296704,13.988709677419354
USC00366879,1980,12.942934782608694,13.655000000000003,14.795604395604396,13.656451612903227
USC00366879,1981,12.486413043478258,13.624999999999998,13.833888888888888,12.738333333333333
USC00366879,1982,12.48858695652174,11.288333333333334,15.368131868131865,15.15322580645161
USC00366879,1983,12.224456521739132,12.009999999999998,15.223626373626375,14.637096774193546
USC00366879,1984,9.875,10.751666666666667,14.756593406593408,17.246774193548386
USC00366886,1994,12.580434782608695,14.794999999999998,15.440109890109888,14.583870967741936
USC00366886,1995,12.870108695652174,12.56,14.979670329670329,17.143548387096775
USC00366886,1996,11.304347826086957,12.734999999999998,13.853846153846156,14.538709677419357
USC00366886,1997,12.395108695652173,12.295,14.766853932584267,15.383870967741935
USC00366886,1998,14.390217391304347,14.411666666666667,16.38131868131868,15.582258064516127
USC00366886,1999,12.8125,12.928333333333331,15.894505494505493,14.44032258064516
USC00366886,2000,14.112499999999999,12.565000000000003,14.457692307692309,15.156451612903227
USC00366886,2001,12.240322580645163,,16.422527472527474,15.837096774193549
USC00366886,2002,14.173913043478262,15.41,15.60120481927711,14.430434782608693
USC00366886,2003,12.681521739130435,12.798333333333334,16.193406593406593,14.532258064516126
USC00366886,2004,14.469021739130431,13.231666666666671,15.343406593406593,14.21774193548387
USC00366886,2005,12.402717391304348,14.565000000000001,17.64120879120879,16.18064516129032
USC00366886,2006,14.842934782608696,15.386666666666668,14.854945054945054,14.154838709677422
USC00366886,2007,12.221195652173913,10.668333333333333,15.981318681318683,17.940322580645162
USC00366886,2008,13.173076923076923,14.361666666666666,14.384615384615385,13.501612903225807
USC00366886,2009,13.103804347826086,13.813333333333334,15.047252747252747,13.911290322580646
USC00366886,2010,15.159239130434786,15.509999999999998,15.889010989010988,15.49516129032258
USC00366886,2011,13.745652173913046,14.031666666666666,15.864285714285716,14.559677419354841
USC00366886,2012,14.95217391304348,13.471666666666668,14.715934065934066,15.483870967741936
USC00366886,2013,12.300543478260868,13.155,14.97032967032967,16.45806451612903
USC00366886,2014,11.709239130434783,12.961666666666666,14.92307692307692,16.167741935483868
USC00366886,2015,12.811797752808989,12.744444444444445,16.724175824175827,14.61774193548387
USC00366886,2016,13.352222222222222,12.316666666666666,16.14310344827586,15.832258064516129
USC00366886,2017,12.837912087912088,15.7,15.894166666666667,
USC00366886,2018,12.495180722891568,11.110714285714284,15.982352941176467,15.960714285714287
USC00366886,2019,13.873595505617978,15.508333333333333,15.962352941176468,16.36935483870968
USC00366886,2021,13.786413043478264,13.784999999999997,16.876373626373628,18.717741935483872
USC00366886,2022,13.921195652173912,13.256666666666668,15.965934065934064,14.48225806451613
USC00366886,2023,13.692391304347826,15.681666666666667,15.839560439560438,16.866129032258065
USC00366886,2024,14.518681318681317,14.006666666666668,16.92912087912088,17.21451612903226
USC00366886,2025,14.454494382022473,14.263333333333332,16.083516483516487,16.032258064516128
USC00366899,1925,12.326086956521738,12.58,13.214835164835167,10.862903225806452
USC00366899,1926,10.126086956521739,9.836666666666668,13.679670329670326,13.575806451612902
USC00366899,1927,11.483695652173912,10.216666666666669,15.62087912087912,15.590322580645163
USC00366899,1928,7.699180327868852,10.033333333333335,14.227222222222222,15.286666666666665
USC00366899,1929,12.861956521739133,12.555,14.455494505494503,13.427419354838714
USC00366899,1930,11.923913043478258,10.48333333333333,15.239444444444445,13.969999999999997
USC00366899,1931,11.656043956043957,11.688333333333336,17.255494505494507,16.76612903225806
USC00366899,1933,11.755978260869563,11.496666666666666,13.894505494505495,13.870967741935484
USC00366899,1934,11.171739130434785,10.953333333333337,14.521428571428572,12.651612903225805
USC00366899,1935,11.43804347826087,10.831666666666669,14.426704545454543,14.370000000000001
USC00366899,1936,12.894021739130435,10.291666666666666,13.944943820224719,14.581666666666667
USC00366899,1937,11.394565217391307,10.905,14.090555555555554,14.165000000000003
USC00366899,1938,13.439010989010992,14.063793103448274,15.737362637362637,15.827419354838709
USC00366899,1939,12.92065217391304,11.568333333333335,14.789444444444444,15.139999999999999
USC00366899,1940,10.417391304347825,9.863333333333335,14.470786516853934,13.495161290322581
USC00366899,1941,12.923913043478263,15.628333333333334,16.954395604395607,17.4
USC00366899,1942,13.388586956521738,13.278333333333334,14.567032967032967,14.758064516129032
USC00366899,1943,10.730978260869565,8.661666666666667,13.506111111111109,13.088333333333331
USC00366899,1944,11.502717391304348,10.028333333333334,14.475274725274723,13.922580645161293
USC00366899,1945,13.92802197802198,13.725862068965515,14.587912087912088,13.49193548387097
USC00366899,1946,13.354347826086956,11.816666666666665,16.38370786516854,16.693548387096772
USC00366899,1947,10.966304347826085,12.351666666666667,15.565934065934066,18.23709677419355
USC00366899,1948,12.113586956521738,11.801666666666668,15.324725274725276,13.680645161290323
USC00366899,1949,13.326086956521738,12.946666666666664,14.750549450549453,16.716129032258063
USC00366899,1950,10.371739130434783,10.021666666666668,14.646153846153844,15.906451612903227
USC00366899,1951,12.432608695652174,12.701666666666664,14.814835164835168,16.29516129032258
USC00366899,1952,11.873913043478263,13.256666666666666,14.260989010989011,12.991935483870968
USC00366899,1953,12.56413043478261,11.791666666666666,15.687912087912089,16.11774193548387
USC00366899,1954,12.057065217391305,13.395,15.466477272727273,16.55322580645161
USC00366899,1955,13.330978260869566,13.121666666666666,15.034615384615384,16.190322580645162
USC00366899,1956,10.715217391304348,10.88,14.829670329670327,15.524193548387096
USC00366899,1957,12.683152173913046,13.029999999999998,15.108241758241757,13.727419354838709
USC00366899,1958,11.803804347826087,13.441666666666666,15.195054945054947,14.977419354838709
USC00366899,1959,12.917391304347827,13.08,16.648876404494384,17.193548387096772
USC00366899,1960,11.4125,14.473333333333334,14.929120879120877,14.625806451612904
USC00366899,1961,11.309239130434783,10.448333333333336,16.82272727272727,15.587096774193546
USC00366899,1962,12.34673913043478,12.13833333333333,13.73791208791209,15.46451612903226
USC00366904,1899,10.44836956521739,10.521666666666667,12.64777777777778,13.41451612903226
USC00366904,1900,9.562087912087911,10.021666666666667,14.232608695652175,
USC00366904,1917,10.947282608695653,12.909999999999998,11.927472527472528,11.732258064516127
USC00366904,1921,14.726630434782608,15.054999999999998,14.299999999999999,13.022580645161288
USC00366904,1922,12.485869565217389,11.916666666666666,14.086263736263735,14.71774193548387
USC00366904,1923,10.925543478260868,11.104999999999999,9.129508196721313,12.356451612903227
USC00366904,1924,9.567934782608695,9.696666666666665,12.481868131868131,12.738709677419354
USC00366904,1925,11.494021739130435,12.036666666666665,12.456043956043956,10.03709677419355
USC00366904,1926,9.653804347826087,9.388333333333332,12.399450549450549,11.969354838709679
USC00366904,1927,10.857065217391305,10.145,14.444166666666668,
USC00366904,1928,10.218478260869563,9.825000000000001,13.504395604395603,14.290322580645164
USC00366904,1929,12.566304347826089,12.319999999999997,13.345054945054944,12.09032258064516
USC00366904,1930,11.477717391304346,10.031666666666666,13.787362637362639,12.025806451612903
USC00366904,1931,11.103804347826088,11.02,16.010989010989007,14.969354838709675
USC00366904,1932,10.205434782608696,10.354999999999999,13.523076923076927,13.887096774193546
USC00366904,1933,11.604891304347827,11.738333333333335,13.446703296703292,13.424193548387096
USC00366904,1934,11.191847826086958,11.118333333333334,13.87142857142857,11.993548387096773
USC00366904,1935,11.232608695652175,10.498333333333333,13.798351648351645,13.188709677419356
USC00366904,1936,12.646195652173914,10.256666666666668,13.562637362637366,13.869354838709677
USC00366904,1937,10.58695652173913,10.77,12.673626373626373,12.688709677419354
USC00366904,1938,12.082065217391303,12.738333333333332,13.254395604395606,13.13225806451613
USC00366904,1939,11.441847826086954,10.196666666666665,13.160439560439562,13.546774193548389
USC00366904,1940,9.269565217391307,8.783333333333333,11.964835164835167,10.824193548387099
USC00366904,1941,11.533695652173913,13.898333333333333,15.073626373626372,16.138709677419357
USC00366904,1942,12.994021739130433,13.08166666666667,14.241208791208795,14.120967741935482
USC00366904,1943,10.990217391304348,8.848333333333333,12.864285714285716,12.541935483870967
USC00366904,1944,11.342934782608696,10.011666666666665,13.531868131868134,12.80967741935484
USC00366904,1945,13.735326086956523,13.984999999999998,14.190109890109893,12.609677419354842
USC00366904,1946,12.978804347826088,11.435,15.343406593406593,15.8
USC00366904,1947,11.172282608695651,12.803333333333335,14.53956043956044,16.68387096774193
USC00366904,1948,11.730434782608697,11.693333333333333,14.27865168539326,12.912903225806454
USC00366904,1950,10.242391304347825,9.883333333333333,13.679670329670328,14.946774193548388
USC00366904,1951,11.969021739130433,11.793333333333331,13.818888888888893,15.324193548387095
USC00366904,1952,11.14782608695652,12.629999999999999,13.6521978021978,12.393548387096772
USC00366904,1953,12.325543478260867,11.573333333333334,14.731868131868133,15.15
USC00366904,1954,11.944021739130434,13.438333333333334,14.282967032967035,16.106451612903225
USC00366904,1955,13.039673913043476,13.279999999999998,14.126923076923076,15.274193548387096
USC00366904,1956,10.378804347826089,10.228333333333332,13.90274725274725,14.122580645161293
USC00366927,1894,11.347826086956522,10.375,12.618181818181819,12.9
USC00366927,1915,10.59,13.568333333333333,14.060989010989013,14.453225806451613
USC00366927,1916,9.888586956521738,10.626666666666665,12.5,12.812903225806451
USC00366927,1917,9.570652173913043,11.246666666666666,10.541758241758242,10.596774193548388
USC00366927,1920,10.36413043478261,10.343333333333335,13.378021978021978,15.259677419354837
USC00366927,1921,13.864673913043477,14.020000000000001,13.648351648351648,12.21290322580645
USC00366927,1922,11.806521739130435,11.194999999999997,13.42252747252747,13.988709677419356
USC00366927,1923,10.42228260869565,10.533333333333333,12.07142857142857,11.520967741935484
USC00366927,1924,9.064130434782607,9.401666666666667,11.333333333333334,11.841935483870966
USC00366927,1925,10.725543478260871,11.479999999999997,11.40879120879121,8.962903225806452
USC00366927,1926,9.021739130434781,8.65,11.869780219780221,11.753225806451614
USC00366927,1927,10.215217391304348,9.326666666666666,13.935955056179775,14.255
USC00366927,1928,10.449456521739132,10.055,13.423595505617978,14.313333333333333
USC00366927,1929,12.715217391304348,12.711666666666668,13.185164835164837,12.135483870967741
USC00366927,1930,11.686413043478263,10.638333333333334,14.152906976744184,12.680769230769231
USC00366927,1931,12.036956521739128,12.135,16.35674157303371,15.037096774193548
USC00366927,1932,10.986413043478262,11.184999999999997,13.923076923076923,14.71774193548387
USC00366927,1933,12.095652173913043,12.438333333333333,13.449999999999998,13.493548387096775
USC00366927,1935,11.263586956521738,10.456666666666667,14.075274725274724,14.049999999999999
USC00366927,1936,13.192134831460674,10.223333333333334,13.423626373626373,13.912903225806454
USC00366927,1937,10.222826086956523,10.665000000000001,12.12857142857143,12.319354838709677
USC00366927,1938,11.889130434782608,12.583333333333334,13.109340659340658,13.35
USC00366927,1939,11.317934782608695,10.036666666666667,12.789010989010988,12.898387096774192
USC00366927,1940,9.341304347826087,8.861666666666668,11.794505494505493,10.609677419354837
USC00366927,1941,11.228804347826086,13.925,15.059444444444443,16.059677419354838
USC00366927,1942,13.365934065934065,13.411666666666667,14.929310344827584,15.592592592592593
USC00366927,1943,12.20164835164835,10.653333333333336,12.97197802197802,13.032258064516132
USC00366927,1944,11.357065217391305,10.225000000000001,13.974175824175825,12.824193548387095
USC00366927,1945,13.490659340659342,13.73448275862069,18.06311475409836,13.827419354838709
USC00366927,1946,12.738043478260868,11.218333333333332,14.344505494505498,14.553225806451612
USC00366927,1947,11.497802197802198,12.765000000000002,14.680337078651684,16.54655172413793
USC00366927,1950,9.579347826086957,9.183333333333334,13.702976190476193,14.56
USC00366927,1951,11.113186813186813,10.774999999999997,12.661538461538463,14.14032258064516
USC00366927,1952,11.165934065934065,12.435000000000002,12.382967032967032,10.85483870967742
USC00366927,1953,11.873369565217393,11.065000000000001,13.464835164835165,13.511290322580642
USC00366927,1954,11.220652173913043,13.076666666666666,15.831967213114757,18.863333333333333
USC00366927,1955,11.87608695652174,12.458333333333334,12.556593406593407,13.78709677419355
USC00366927,1956,9.159782608695652,8.838333333333333,12.759890109890113,13.138709677419351
USC00366927,1957,12.211956521739133,12.883333333333335,12.67307692307692,11.083870967741936
USC00366927,1958,10.159239130434782,11.533333333333331,12.890740740740739,12.051612903225807
USC00366927,1959,12.032065217391304,12.458333333333334,14.030000000000001,15.115
USC00366927,1960,9.333152173913044,13.084999999999997,12.740109890109892,11.888709677419357
USC00366927,1961,9.811111111111112,8.656896551724138,14.381318681318684,13.206451612903223
USC00366927,1962,9.901333333333334,8.552173913043477,11.064457831325301,12.73653846153846
USC00366927,1963,11.05054945054945,11.194999999999999,13.05056179775281,13.962903225806453
USC00366927,1964,11.013586956521738,9.665000000000001,12.245054945054944,10.429032258064517
USC00366927,1965,10.408152173913043,9.326666666666664,12.834065934065935,11.658064516129032
USC00366927,1966,10.003260869565217,8.633333333333333,12.507222222222222,11.828333333333331
USC00366927,1967,9.596195652173913,11.641666666666667,11.749444444444444,12.375000000000002
USC00366927,1968,13.477049180327871,12.00666666666667,13.930219780219781,14.143548387096773
USC00366927,1969,11.255978260869565,12.34166666666667,12.87307692307692,12.630645161290321
USC00366927,1970,10.802717391304347,10.868333333333334,14.474725274725275,14.420967741935483
USC00366927,1971,9.660869565217393,10.091666666666669,14.588461538461543,16.043548387096774
USC00366927,1972,10.335869565217392,9.366666666666665,11.04888888888889,9.638333333333334
USC00366927,1973,12.065972222222221,12.238888888888889,14.071666666666667,14.070967741935483
USC00366927,1974,11.811413043478263,12.580000000000002,12.94772727272727,11.270967741935484
USC00366927,1975,10.994021739130435,8.928333333333333,14.824431818181818,15.574193548387099
USC00366927,1976,12.498913043478263,13.133333333333335,11.454597701149428,11.131034482758624
USC00366927,1977,13.42663043478261,12.748333333333335,13.197802197802197,11.962903225806452
USC00366927,1978,10.17554347826087,11.275000000000002,12.68314606741573,11.613793103448277
USC00366927,1979,12.06043956043956,10.546666666666665,13.610344827586209,12.18666666666667
USC00366927,1980,11.928804347826087,12.523333333333337,12.942857142857143,12.141935483870967
USC00366927,1981,11.815760869565217,13.518333333333334,11.940000000000001,10.891935483870968
USC00366927,1982,11.167582417582416,10.420689655172415,13.598333333333334,13.048387096774194
USC00366927,1983,10.687500000000002,10.590000000000002,13.483908045977014,13.274193548387094
USC00366927,1984,6.999264705882353,10.036666666666667,12.390963855421687,15.622580645161294
USC00366927,1985,11.759340659340658,13.215517241379313,13.513186813186811,13.54516129032258
USC00366927,1986,10.586111111111112,9.251785714285713,11.33735632183908,11.848275862068968
USC00366927,1987,12.013736263736265,11.545,11.723033707865168,9.399999999999999
USC00366927,1988,7.144166666666666,9.217241379310344,10.615340909090909,8.916129032258063
USC00366927,1989,9.004395604395603,8.501724137931035,12.072222222222223,12.735483870967743
USC00366927,1990,10.504891304347826,10.621666666666666,13.059890109890107,14.18548387096774
USC00366927,1991,12.024456521739133,11.456666666666669,12.160989010989011,12.493548387096775
USC00366927,1997,9.523369565217392,9.306666666666667,11.463736263736267,12.311290322580644
USC00366927,2001,9.870161290322581,,13.275824175824177,12.748387096774195
USC00366927,2002,11.157608695652174,12.315000000000001,12.925274725274729,12.759677419354839
USC00366927,2003,9.828260869565218,9.965,14.180769230769235,12.949999999999998
USC00366927,2004,12.547252747252747,12.371666666666668,13.315384615384614,12.117741935483872
USC00366927,2005,9.603260869565217,12.188333333333333,14.486813186813187,13.837096774193549
USC00366927,2006,11.544565217391305,12.265000000000002,14.074725274725276,13.51290322580645
USC00366927,2007,11.754347826086954,10.258333333333333,15.347802197802196,17.422580645161286
USC00366927,2008,11.491847826086959,12.965,12.872222222222222,12.085483870967744
USC00366927,2009,11.957608695652175,12.493333333333334,13.570588235294121,12.07258064516129
USC00366927,2010,13.688586956521737,13.55,13.874305555555557,
USC00366927,2013,10.852941176470589,11.378571428571428,12.673863636363636,14.01666666666667
USC00366927,2014,10.580434782608695,11.01666666666667,12.917816091954021,13.951612903225806
USC00366927,2015,11.645555555555555,12.07,14.140963855421685,13.126785714285715
USC00366927,2016,12.249333333333333,11.67222222222222,14.46294117647059,13.498076923076926
USC00366927,2017,11.796739130434782,14.528333333333336,14.728160919540231,16.127419354838715
USC00366927,2018,10.709638554216868,9.388333333333334,13.86149425287356,13.55862068965517
USC00366927,2019,11.688125,13.210000000000003,14.10568181818182,14.745161290322581
USC00366927,2020,11.075287356321839,9.953999999999999,14.213636363636363,13.944642857142862
USC00366927,2024,13.342391304347828,12.953333333333335,14.703846153846154,14.714516129032257
USC00366927,2025,12.864835164835165,12.458620689655174,14.040555555555555,13.633870967741936
USC00367029,1952,5.279347826086957,7.578333333333333,7.615384615384615,5.864516129032259
USC00367029,1954,5.381521739130435,7.343333333333334,8.383146067415732,10.570689655172412
USC00367029,1955,6.663186813186813,7.886206896551724,7.84010989010989,9.53225806451613
USC00367029,1956,3.2813186813186817,3.848333333333334,7.582417582417584,8.037096774193548
USC00367029,1957,5.593956043956044,6.669999999999999,6.945138888888888,6.82391304347826
USC00367029,1958,4.771739130434782,5.531666666666667,7.448314606741572,6.67741935483871
USC00367029,1959,5.753260869565218,6.3549999999999995,8.82087912087912,9.201612903225806
USC00367029,1960,3.6668478260869564,7.401666666666666,8.455494505494505,7.79516129032258
USC00367029,1961,4.058152173913044,3.4983333333333335,9.892307692307693,9.788709677419357
USC00367029,1962,5.8385869565217385,5.9366666666666665,6.828571428571428,8.169354838709678
USC00367029,1963,5.064673913043478,5.464999999999999,8.746703296703297,10.503225806451614
USC00367029,1964,5.595652173913044,4.356666666666667,7.911111111111111,6.570967741935484
USC00367029,1965,4.890760869565218,3.641666666666666,7.601648351648351,6.812903225806452
USC00367029,1966,4.151111111111112,3.924137931034483,7.58021978021978,7.079032258064516
USC00367029,1967,3.439673913043478,5.320000000000001,7.007303370786518,7.785483870967742
USC00367029,1968,5.891847826086957,7.793333333333333,8.495555555555557,8.975806451612904
USC00367029,1969,5.359444444444444,7.45,7.612637362637362,7.512903225806453
USC00367029,1970,4.713586956521739,4.755,9.195054945054945,9.100000000000001
USC00367029,1971,3.675,3.4566666666666657,9.514285714285714,11.158064516129032
USC00367029,1972,4.069021739130435,2.79,6.880833333333334,
USC00367029,1973,6.185869565217389,6.6416666666666675,8.106043956043957,8.633870967741936
USC00367029,1974,4.782065217391304,6.380000000000001,6.619780219780219,5.001612903225807
USC00367029,1975,4.182608695652174,1.8233333333333333,8.282967032967033,8.87258064516129
USC00367029,1976,5.220652173913043,6.323333333333333,4.82967032967033,4.970967741935484
USC00367029,1977,6.490760869565219,6.334999999999998,7.93956043956044,6.5596774193548395
USC00367029,1978,3.83695652173913,3.8500000000000005,6.955494505494506,6.462903225806451
USC00367029,1979,5.868548387096775,,8.197802197802197,7.356451612903226
USC00367029,1980,5.219565217391304,5.851666666666666,6.717582417582417,5.964516129032257
USC00367029,1981,5.748295454545455,7.433333333333334,6.731868131868131,5.427419354838711
USC00367029,1982,4.902717391304348,3.9099999999999997,8.396153846153846,7.590322580645163
USC00367029,1983,7.414166666666666,4.585,8.542857142857143,8.316129032258063
USC00367029,1984,3.823913043478261,5.501666666666666,8.496067415730337,10.790322580645162
USC00367029,1985,6.884444444444445,6.866071428571429,9.483333333333334,9.313333333333334
USC00367029,1986,7.1896551724137945,6.901785714285714,7.365384615384617,8.562903225806453
USC00367029,1987,6.377777777777779,7.181666666666667,7.387362637362638,6.104838709677418
USC00367029,1988,5.194021739130435,4.873333333333333,6.851648351648351,5.3112903225806445
USC00367029,1989,4.69891304347826,3.518333333333333,8.104395604395604,8.703225806451613
USC00367029,1990,6.0,6.445000000000001,9.027472527472527,10.35967741935484
USC00367029,1991,7.822282608695653,7.733333333333333,8.289010989010988,8.819354838709677
USC00367029,1992,3.874725274725275,4.154999999999999,6.766666666666667,5.867741935483871
USC00367029,1993,4.530434782608696,5.6033333333333335,7.12857142857143,6.408064516129032
USC00367029,1994,4.93804347826087,6.696666666666667,8.597222222222221,7.565
USC00367029,1995,5.22111111111111,3.670689655172414,7.417582417582416,10.259677419354839
USC00367029,1996,3.9483695652173907,4.903333333333334,7.2346153846153864,7.6967741935483875
USC00367029,1997,3.843478260869565,3.8083333333333327,6.996153846153847,7.353225806451613
USC00367029,1998,7.221195652173913,6.6,8.932417582417582,8.975806451612904
USC00367029,1999,5.40989010989011,5.674137931034483,8.69065934065934,6.4532258064516155
USC00367029,2000,6.825543478260869,5.581666666666667,7.814285714285712,8.479032258064517
USC00367029,2001,5.114130434782608,5.643333333333333,9.193333333333333,8.943548387096774
USC00367029,2002,5.486813186813186,6.4655172413793105,7.990659340659342,7.022580645161291
USC00367029,2003,4.7864130434782615,4.443333333333333,8.626923076923076,7.179032258064518
USC00367029,2004,6.962921348314607,5.567857142857143,8.765697674418606,6.944642857142859
USC00367029,2005,4.328333333333333,7.0137931034482754,9.247727272727273,8.570967741935483
USC00367029,2006,6.024456521739131,7.125,8.408241758241758,7.120967741935484
USC00367029,2007,5.030434782608696,3.796666666666667,9.985555555555557,12.308064516129031
USC00367029,2008,5.748369565217391,8.23,7.986263736263736,6.798387096774195
USC00367029,2009,6.236413043478261,7.076666666666667,8.543406593406596,6.827419354838711
USC00367029,2010,8.384782608695653,8.464999999999998,8.839887640449438,8.248387096774193
USC00367029,2011,6.342307692307692,6.555000000000001,9.236813186813187,8.008064516129032
USC00367029,2012,8.425274725274726,5.568333333333332,7.973626373626373,8.87258064516129
USC00367029,2013,5.121428571428571,5.525862068965517,7.692222222222222,9.856666666666666
USC00367029,2014,4.3598901098901095,5.820689655172414,7.861666666666666,9.066666666666666
USC00367029,2015,4.9173913043478255,4.575,9.82087912087912,7.782258064516128
USC00367029,2016,6.348369565217391,4.856666666666667,9.29835164835165,8.785483870967742
USC00367029,2017,5.541208791208792,9.031666666666666,9.777848101265825,11.257142857142854
USC00367029,2018,5.453246753246753,2.493478260869565,7.686805555555555,8.020689655172413
USC00367029,2021,6.644736842105263,6.118181818181818,10.002906976744185,12.369354838709675
USC00367029,2022,6.58448275862069,5.318965517241379,9.275274725274725,8.520967741935484
USC00367029,2023,6.213068181818182,8.78103448275862,9.489887640449437,10.746774193548388
USC00367029,2024,7.3448863636363635,6.3517241379310345,9.636666666666667,9.521666666666667
USC00367029,2025,6.820114942528736,7.1016666666666675,9.058988764044944,9.018333333333333
USC00367073,1987,12.90879120879121,11.101724137931035,13.410919540229882,10.670967741935486
USC00367073,1988,11.964367816091952,12.67857142857143,12.655494505494506,10.064516129032256
USC00367073,1989,11.236585365853658,10.541379310344826,13.999444444444443,14.175806451612903
USC00367073,1990,12.148333333333332,11.806666666666667,14.153333333333332,14.055000000000003
USC00367073,1991,14.966304347826087,14.474999999999998,13.340555555555557,13.698333333333332
USC00367073,1992,11.622527472527473,12.301666666666668,13.578888888888887,12.775806451612901
USC00367073,1993,11.39782608695652,11.393333333333333,13.326966292134832,12.911290322580648
USC00367073,1994,11.992934782608694,14.848333333333333,12.959550561797753,12.043333333333333
USC00367073,2011,11.640361445783133,11.64655172413793,12.659340659340659,11.44032258064516
USC00367073,2012,12.989673913043477,9.646666666666667,11.27032967032967,11.866129032258067
USC00367073,2013,9.653260869565216,10.830000000000002,11.47967032967033,12.761290322580646
USC00367073,2014,9.387912087912087,10.631666666666666,11.461538461538462,12.425806451612901
USC00367073,2015,10.066847826086958,10.81,13.349450549450552,11.28548387096774
USC00367073,2016,11.291304347826086,10.723333333333333,13.904395604395607,14.00322580645161
USC00367073,2017,11.2875,13.281666666666666,12.990109890109887,14.832258064516129
USC00367073,2018,9.736413043478262,7.503333333333334,12.919444444444448,12.820967741935483
USC00367073,2019,11.058620689655173,12.160344827586208,13.165697674418604,14.665384615384616
USC00367073,2020,10.18833333333333,8.83,13.360919540229883,12.955357142857142
USC00367073,2021,10.266666666666666,10.141666666666664,12.763218390804596,15.251612903225805
USC00367073,2022,10.572777777777778,9.123333333333335,11.548863636363636,9.87758620689655
USC00367073,2023,9.951123595505617,11.256666666666664,12.220454545454546,13.294827586206896
USC00367073,2024,12.023563218390803,12.136666666666665,14.040384615384614,12.624
USC00367073,2025,11.538764044943822,11.334999999999999,12.208536585365856,12.173214285714286
USC00367103,2006,7.203804347826088,7.754999999999999,9.015384615384614,7.6983870967741925
USC00367103,2007,6.341847826086957,5.0183333333333335,10.482417582417582,12.591935483870966
USC00367103,2008,5.748913043478261,8.731666666666666,8.413736263736263,7.524193548387096
USC00367103,2009,7.2760869565217385,7.368333333333334,8.928571428571429,7.4064516129032265
USC00367103,2010,8.604347826086956,8.941666666666668,9.37087912087912,8.998387096774193
USC00367103,2011,7.1510869565217385,6.859999999999999,10.315384615384614,8.340322580645159
USC00367103,2012,9.665217391304347,5.945000000000001,8.927472527472528,9.780645161290321
USC00367103,2013,6.5108695652173925,7.038333333333335,8.542857142857144,9.933870967741935
USC00367103,2014,5.3396739130434785,6.645,8.673626373626373,9.76774193548387
USC00367103,2015,6.0570652173913055,6.091666666666668,10.625274725274725,8.80483870967742
USC00367103,2016,7.409782608695651,5.821666666666666,10.221428571428573,9.851612903225806
USC00367103,2017,6.427173913043478,8.963333333333333,9.811538461538463,11.364516129032255
USC00367103,2018,6.0271739130434785,3.731666666666666,9.270329670329671,9.30483870967742
USC00367103,2019,6.657065217391303,7.298333333333332,8.903296703296704,9.875806451612904
USC00367103,2020,6.829347826086957,5.001666666666668,9.523076923076921,9.009677419354839
USC00367103,2021,7.13764705882353,7.7266666666666675,10.847222222222221,13.22903225806452
USC00367103,2022,7.448913043478262,6.501666666666667,9.401648351648353,8.24516129032258
USC00367103,2023,7.029347826086956,9.116666666666667,9.679120879120878,10.693548387096772
USC00367103,2024,8.946739130434782,8.011666666666667,10.425824175824175,9.616129032258064
USC00367103,2025,8.143478260869564,8.003333333333334,9.204395604395604,9.198387096774193
USC00367116,1939,10.021739130434783,8.873333333333333,11.715384615384616,11.841935483870968
USC00367116,1940,7.976630434782607,7.2733333333333325,10.413736263736263,9.151612903225805
USC00367116,1941,10.000543478260871,13.000000000000002,13.159340659340662,13.970967741935484
USC00367116,1942,11.362499999999999,11.818333333333333,12.243956043956045,12.479032258064517
USC00367116,1943,9.089673913043478,7.123333333333334,10.125824175824174,10.453225806451615
USC00367116,1944,8.793478260869566,7.5183333333333335,11.142307692307691,10.080645161290324
USC00367116,1945,10.86630434782609,10.766666666666662,11.193258426966292,10.179032258064517
USC00367116,1946,10.449444444444445,9.223214285714286,12.935714285714287,14.303225806451614
USC00367116,1947,7.913043478260868,8.723333333333333,11.416477272727272,13.126785714285715
USC00367116,1948,9.164673913043478,9.448333333333334,8.827868852459016,9.658064516129034
USC00367116,1949,9.177173913043479,8.854999999999999,10.729999999999999,13.214516129032257
USC00367116,1950,6.795652173913043,6.713333333333333,10.695604395604395,11.475806451612904
USC00367116,1951,8.677173913043477,8.545,10.182417582417584,11.82741935483871
USC00367116,1952,8.204945054945055,9.711666666666668,9.916111111111112,8.071666666666665
USC00367116,1953,9.242391304347825,8.401666666666667,11.097802197802196,11.516129032258066
USC00367116,1954,8.475,9.705000000000002,11.226373626373627,12.790322580645162
USC00367116,1956,7.742934782608694,8.108333333333334,10.693956043956044,11.264516129032257
USC00367116,1957,9.390760869565218,10.083333333333332,11.025274725274725,9.33064516129032
USC00367116,1958,8.81304347826087,10.208333333333334,11.03791208791209,10.258064516129032
USC00367116,1959,9.783695652173913,10.31,11.803846153846155,12.459677419354836
USC00367116,1960,7.366847826086958,11.435,10.83186813186813,10.416129032258068
USC00367116,1961,7.3815217391304335,6.644999999999999,12.125824175824178,11.016129032258068
USC00367116,1962,8.486956521739131,8.24,8.967582417582419,10.391935483870967
USC00367116,1963,8.08804347826087,8.814999999999998,10.863736263736264,12.341935483870968
USC00367116,1964,8.060326086956522,6.573333333333334,9.835164835164832,8.130645161290323
USC00367116,1965,7.447282608695651,6.043333333333334,9.743956043956043,8.427419354838708
USC00367116,1966,6.778260869565217,5.71,9.257142857142856,8.596774193548386
USC00367116,1967,6.197282608695653,8.036666666666665,9.008791208791209,9.309677419354838
USC00367116,1968,8.434239130434781,9.931666666666667,11.141758241758243,11.54677419354839
USC00367116,1969,8.38913043478261,9.31,10.827472527472526,10.843548387096773
USC00367116,1970,9.002173913043478,9.04,12.826923076923077,12.662903225806453
USC00367116,1971,8.205434782608696,8.88,12.515384615384614,13.837096774193549
USC00367116,1972,8.090217391304348,7.328333333333333,9.908241758241758,8.661290322580646
USC00367116,1973,9.16304347826087,8.943333333333333,11.346703296703296,11.377419354838711
USC00367116,1974,8.454347826086956,9.348333333333333,9.497252747252746,7.6983870967741925
USC00367116,1975,7.37554347826087,5.506666666666666,12.73314606741573,13.598387096774195
USC00367116,1976,9.879891304347826,11.01666666666667,7.411111111111112,6.70483870967742
USC00367116,1977,10.110326086956523,10.301666666666668,10.577472527472526,9.325806451612904
USC00367116,1978,8.383516483516484,8.768333333333334,10.492777777777778,9.614516129032259
USC00367149,1894,11.58421052631579,10.795,13.098295454545456,13.387096774193546
USC00367149,1895,10.656593406593405,10.961666666666666,12.701685393258424,9.409999999999998
USC00367149,1896,11.270108695652175,13.001666666666667,12.93626373626374,10.895161290322582
USC00367149,1897,11.567934782608699,11.60833333333333,13.340109890109888,13.830645161290322
USC00367149,1901,10.29065934065934,10.103333333333332,12.553333333333333,12.635
USC00367167,1983,6.690555555555555,6.1899999999999995,10.132222222222222,10.208064516129035
USC00367167,1984,5.584615384615385,7.221666666666667,9.94712643678161,12.561290322580646
USC00367167,1986,7.570652173913042,7.658333333333333,9.81235294117647,9.994444444444444
USC00367167,1987,8.636413043478262,8.08,9.097674418604653,6.6566666666666645
USC00367167,1988,6.79065934065934,6.86551724137931,7.555844155844155,5.104761904761905
USC00367167,1991,10.605681818181818,9.181666666666667,9.84034090909091,10.696774193548388
USC00367167,1992,7.890555555555556,8.53,9.015060240963855,7.467241379310345
USC00367167,1993,8.005555555555556,8.225,10.015882352941178,9.288709677419355
USC00367167,1994,7.253977272727272,10.543103448275861,10.577710843373493,8.624999999999998
USC00367167,1995,7.884269662921348,6.779310344827586,9.568452380952381,11.120967741935486
USC00367167,1996,6.303296703296703,7.981666666666667,8.895,8.957692307692309
USC00367167,1997,6.131460674157304,5.794999999999999,8.907831325301206,9.489285714285714
USC00367167,1999,7.699999999999999,8.761666666666665,10.778749999999999,8.860344827586207
USC00367167,2000,9.412222222222223,7.60344827586207,10.635915492957745,10.591304347826087
USC00367167,2001,8.040588235294116,9.167857142857143,11.686805555555557,10.473214285714288
USC00367167,2002,8.01206896551724,9.393333333333338,10.376219512195123,9.098333333333333
USC00367167,2003,8.022222222222222,8.21551724137931,10.164285714285713,8.124193548387096
USC00367167,2005,5.876086956521738,8.688333333333334,10.61978021978022,9.879032258064512
USC00367167,2006,7.589673913043479,9.305,9.205494505494505,8.125806451612904
USC00367167,2007,7.850543478260869,6.021666666666667,10.828021978021978,12.73709677419355
USC00367167,2008,6.947282608695652,9.836666666666666,8.448888888888888,7.693333333333333
USC00367167,2009,7.951630434782608,7.803333333333334,9.863636363636362,8.010714285714284
USC00367167,2010,9.608333333333334,10.458333333333334,10.42142857142857,10.393548387096773
USC00367167,2011,8.728804347826088,8.935,11.241208791208793,9.329032258064512
USC00367167,2012,11.199456521739132,7.953333333333334,9.619780219780221,10.980645161290324
USC00367167,2013,7.701086956521739,9.214999999999998,9.519780219780218,11.053225806451612
USC00367167,2014,7.1385869565217375,8.103333333333333,9.954395604395605,11.38225806451613
USC00367167,2015,8.432065217391303,8.881666666666668,12.157142857142857,9.646774193548389
USC00367167,2016,9.441304347826087,8.155000000000001,11.492307692307694,11.462903225806452
USC00367167,2017,8.23315217391304,10.821666666666667,10.772527472527473,12.574193548387097
USC00367167,2018,7.420652173913043,4.723333333333334,10.088461538461539,10.561290322580646
USC00367167,2019,8.588043478260868,8.815,10.175824175824175,11.201612903225808
USC00367167,2020,8.236956521739131,6.8533333333333335,10.936263736263735,10.733870967741938
USC00367167,2023,8.070108695652175,9.616666666666667,13.819230769230767,11.740322580645161
USC00367167,2024,10.719021739130435,10.235000000000001,11.534065934065936,10.796774193548389
USC00367167,2025,9.104891304347825,9.233333333333333,10.046703296703297,9.814516129032258
USC00367186,1972,9.64620253164557,7.432,10.933333333333335,8.55
USC00367186,1973,10.64240506329114,10.985416666666666,13.274358974358975,12.86153846153846
USC00367186,2011,7.915760869565218,8.38,11.154395604395607,10.23709677419355
USC00367229,1944,9.245402298850577,6.7846153846153845,10.770555555555555,10.270967741935484
USC00367229,1945,10.463186813186812,10.74310344827586,10.644505494505495,9.649999999999999
USC00367229,1946,9.846153846153847,7.1949999999999985,11.646067415730338,12.343548387096776
USC00367229,1947,5.812777777777779,7.710714285714286,10.212637362637363,13.611290322580645
USC00367229,1948,8.084444444444445,9.751666666666665,9.455617977528089,7.716129032258064
USC00367229,1949,7.480434782608695,6.6466666666666665,8.274999999999999,10.855263157894738
USC00367229,1950,6.55,5.908620689655172,10.20054945054945,11.97741935483871
USC00367229,1951,8.557608695652174,7.886666666666667,9.504945054945054,12.07741935483871
USC00367229,1952,7.447826086956522,8.935,9.90054945054945,7.651612903225807
USC00367229,1953,8.839673913043478,6.8066666666666675,10.56043956043956,11.18709677419355
USC00367229,1954,7.923369565217392,10.568333333333333,10.574725274725274,12.067741935483873
USC00367229,1955,9.628804347826087,11.206666666666669,9.475274725274724,10.248387096774191
USC00367229,1956,6.228260869565218,6.584999999999999,9.712777777777777,11.10967741935484
USC00367229,1957,8.449456521739132,9.353333333333332,9.317032967032967,8.290322580645162
USC00367229,1958,6.992391304347826,8.524999999999999,9.517222222222223,9.041666666666666
USC00367229,1959,7.7760869565217385,8.21,10.057142857142857,10.39516129032258
USC00367229,1960,5.267391304347826,9.725000000000001,9.94010989010989,8.65
USC00367229,1961,5.589130434782609,4.253333333333334,10.760989010989011,10.577419354838707
USC00367229,1962,10.118292682926828,7.44,9.331868131868132,10.514516129032256
USC00367229,1963,8.204347826086957,8.418333333333333,10.893956043956043,12.501612903225803
USC00367229,1964,8.74945652173913,8.258333333333333,9.965384615384615,8.187096774193547
USC00367229,1965,7.801086956521738,7.155,10.426373626373627,8.824193548387099
USC00367229,1966,7.093333333333335,6.785,9.281318681318682,8.361290322580645
USC00367229,1967,6.721195652173912,8.816666666666665,8.470879120879122,9.417741935483871
USC00367229,1968,7.989673913043478,9.699999999999998,10.898351648351648,10.809677419354838
USC00367229,1969,7.862087912087913,9.203333333333335,9.636813186813185,9.74516129032258
USC00367229,1970,8.21086956521739,9.031666666666666,11.985164835164836,11.929032258064517
USC00367229,1971,5.543478260869565,5.98,11.502197802197802,12.951612903225804
USC00367229,1972,7.344565217391303,6.716666666666667,8.876373626373626,7.540322580645162
USC00367229,1973,8.701086956521738,8.3,11.24065934065934,11.840322580645159
USC00367229,1974,7.5157608695652165,7.458333333333334,9.169780219780218,7.767741935483872
USC00367229,1975,6.360714285714287,4.63,10.647802197802198,11.44516129032258
USC00367229,1976,8.803260869565218,8.88,7.275824175824175,7.337096774193548
USC00367229,1977,9.984444444444444,9.478571428571428,10.895054945054943,9.288709677419355
USC00367229,1978,6.644021739130435,7.403333333333332,10.165384615384616,8.829032258064517
USC00367229,1979,10.105084745762712,7.137499999999998,10.512359550561797,9.636666666666667
USC00367229,1980,7.033695652173912,7.283333333333333,9.398876404494382,7.888709677419354
USC00367229,1981,7.8136363636363635,9.721666666666668,9.10054945054945,8.13225806451613
USC00367229,1982,8.168478260869565,6.356666666666667,11.21043956043956,10.974193548387097
USC00367229,1983,8.242391304347825,7.916666666666667,10.823076923076924,10.724193548387099
USC00367229,1984,6.419565217391304,8.391666666666667,10.53131868131868,13.138709677419355
USC00367229,1985,9.488043478260868,10.988333333333333,11.62362637362637,10.685483870967742
USC00367229,1986,9.291304347826088,10.276666666666666,10.200000000000001,10.790322580645162
USC00367229,1987,9.146739130434783,8.816666666666666,9.52967032967033,6.916129032258064
USC00367229,1988,7.811538461538462,7.080000000000001,9.307692307692307,7.312903225806451
USC00367229,1989,7.212087912087913,6.1000000000000005,10.193181818181818,10.346666666666668
USC00367229,1990,8.12840909090909,8.987499999999999,10.986781609195402,11.456451612903226
USC00367229,1991,10.601123595505618,10.25862068965517,10.602840909090908,11.589655172413794
USC00367229,1992,7.270329670329669,8.351666666666667,9.805555555555554,8.064516129032258
USC00367229,1993,7.991111111111111,8.49,9.601648351648352,8.761290322580646
USC00367229,1994,6.938764044943821,9.04642857142857,7.566111111111111,6.380645161290322
USC00367229,1995,5.401111111111112,4.101724137931035,9.629761904761905,11.379999999999999
USC00367229,1996,6.663736263736263,7.88,9.295054945054945,10.179032258064519
USC00367229,1997,6.578888888888889,6.428333333333333,9.115909090909092,9.901666666666667
USC00367229,1998,9.735164835164833,8.963333333333333,11.23111111111111,10.546666666666669
USC00367229,1999,7.823255813953488,9.508620689655174,11.207777777777778,9.655
USC00367229,2000,9.741304347826087,8.311666666666667,10.048333333333332,10.938709677419356
USC00367229,2001,8.06043956043956,9.571666666666667,11.163333333333334,10.625806451612904
USC00367229,2002,8.01123595505618,9.351666666666668,10.34230769230769,9.367741935483874
USC00367229,2003,8.628571428571428,9.261666666666667,10.294318181818182,8.824193548387095
USC00367229,2004,9.913736263736265,8.316666666666666,11.171111111111113,10.583870967741937
USC00367229,2005,6.766666666666667,9.843333333333332,11.364705882352942,10.6
USC00367229,2006,8.573563218390802,10.160344827586206,10.122222222222222,8.967741935483874
USC00367229,2008,7.175274725274725,10.003333333333334,9.71375,8.79516129032258
USC00367229,2009,8.150549450549452,7.798275862068966,9.66529411764706,8.138333333333334
USC00367229,2010,9.903888888888888,10.00357142857143,10.681666666666667,10.304838709677417
USC00367229,2011,8.790116279069768,9.801724137931034,11.416483516483517,9.88225806451613
USC00367229,2012,11.29823529411765,8.369565217391306,9.989204545454546,10.49193548387097
USC00367229,2016,9.572727272727272,8.013333333333332,11.846703296703298,12.098387096774195
USC00367229,2017,9.01978021978022,11.67166666666667,11.358988764044943,13.255172413793105
USC00367229,2020,8.185393258426965,6.615000000000001,10.880588235294118,10.471428571428572
USC00367229,2021,8.768131868131867,9.531034482758622,11.401666666666666,13.783870967741938
USC00367229,2022,8.535714285714286,7.494827586206898,9.556593406593406,8.154838709677419
USC00367229,2023,7.855434782608695,9.643333333333333,10.360989010989012,11.103225806451611
USC00367229,2024,9.954891304347827,9.475,11.558024691358025,10.472413793103446
USC00367229,2025,9.201685393258426,9.289655172413791,10.180681818181817,10.269354838709676
USC00367239,1886,8.526630434782607,10.271666666666668,11.446703296703296,11.924193548387096
USC00367239,1887,7.660326086956523,7.3100000000000005,9.829120879120879,10.135483870967741
USC00367239,1888,7.1625,7.746666666666667,10.059890109890109,7.879032258064516
USC00367239,1889,9.938461538461539,9.955172413793104,10.817032967032967,9.11451612903226
USC00367239,1890,8.328804347826088,8.771666666666667,10.98076923076923,10.683870967741933
USC00367239,1892,7.391304347826087,8.196666666666665,7.508241758241759,1.291935483870968
USC00367239,1893,8.280337078651685,9.110714285714286,10.910112359550562,11.636666666666667
USC00367239,1896,9.898295454545455,11.191666666666668,11.553296703296702,9.412903225806451
USC00367239,1897,9.440217391304346,9.341666666666665,11.389285714285714,11.408333333333331
USC00367239,1898,9.725,7.620000000000002,12.55824175824176,12.703225806451613
USC00367239,1899,9.508695652173913,9.866666666666667,11.7989010989011,12.643548387096773
USC00367239,1900,8.958152173913044,10.055,14.288461538461537,14.879032258064518
USC00367239,1901,9.40326086956522,9.26,11.248333333333333,12.046774193548387
USC00367239,1902,10.60934065934066,9.781034482758622,13.202222222222222,12.724193548387099
USC00367239,1903,12.128804347826087,10.26,11.690659340659343,12.870967741935484
USC00367239,1904,9.314673913043478,8.16,10.847802197802197,10.509677419354839
USC00367239,1918,11.40380434782609,9.938333333333334,11.912637362637364,13.59032258064516
USC00367239,1919,10.603260869565217,9.645000000000001,12.31373626373626,13.946774193548386
USC00367239,1920,8.472826086956523,8.383333333333335,12.18956043956044,13.672580645161293
USC00367239,1921,12.39891304347826,12.828333333333331,12.121978021978018,10.8758064516129
USC00367239,1922,10.378260869565219,9.996666666666668,12.123626373626374,12.495161290322581
USC00367239,1923,8.92282608695652,9.295,10.894505494505495,10.206451612903226
USC00367239,1924,7.899456521739131,8.205,10.245604395604396,11.066129032258063
USC00367239,1925,9.517934782608696,10.281666666666665,6.215573770491803,8.141935483870967
USC00367239,1926,7.733695652173913,7.578333333333334,11.060439560439562,10.933870967741937
USC00367239,1927,9.101086956521739,8.076666666666666,12.934615384615384,12.80322580645161
USC00367239,1928,8.587912087912088,8.293333333333333,11.948901098901098,12.406451612903224
USC00367239,1929,10.963043478260868,10.775,11.748351648351647,10.640322580645163
USC00367239,1931,9.6125,9.521666666666667,14.384615384615385,13.324193548387097
USC00367239,1932,8.799456521739131,8.95,11.490109890109892,12.06290322580645
USC00367239,1933,9.777173913043477,9.856666666666666,11.002197802197802,10.524193548387096
USC00367239,1934,9.109782608695653,9.101666666666668,11.796703296703297,10.114516129032257
USC00367239,1935,9.224175824175823,8.668333333333333,11.662087912087914,11.248387096774193
USC00367239,1936,10.699456521739132,8.465,11.233516483516484,11.693548387096774
USC00367239,1937,8.880978260869567,9.068333333333333,10.7010989010989,10.820967741935485
USC00367239,1938,10.228260869565219,10.854999999999999,11.309444444444447,11.69838709677419
USC00367239,1939,9.675,8.428333333333335,11.082967032967032,11.275806451612901
USC00367239,1940,7.54945652173913,7.111666666666666,10.14065934065934,9.296774193548389
USC00367239,1941,9.510989010989011,12.571666666666667,12.700555555555555,13.511290322580646
USC00367239,1942,11.279444444444444,11.203333333333331,11.560674157303373,11.28064516129032
USC00367239,1943,8.86358695652174,6.839999999999999,9.869318181818182,10.227419354838709
USC00367239,1944,9.08858695652174,7.863333333333332,11.112087912087913,10.17741935483871
USC00367239,1945,11.791847826086956,11.366666666666667,11.99835164835165,10.351612903225808
USC00367239,1946,11.054891304347827,9.401666666666666,13.31318681318681,13.470967741935484
USC00367239,1947,8.915217391304347,10.026666666666666,12.114285714285716,13.85483870967742
USC00367239,1949,10.5375,10.391666666666671,11.634615384615387,13.801612903225806
USC00367239,1950,8.392391304347825,8.078333333333333,12.060227272727275,12.627419354838711
USC00367239,1951,10.276923076923076,10.341666666666667,10.895604395604396,12.293548387096777
USC00367239,1952,9.247826086956522,10.881666666666666,10.649450549450549,9.117741935483874
USC00367239,1953,10.529347826086957,9.84,11.482967032967034,11.924193548387095
USC00367239,1954,9.976630434782608,11.360000000000003,12.497802197802198,13.846774193548388
USC00367239,1955,11.582608695652173,12.326666666666666,11.927472527472524,13.032258064516125
USC00367239,1956,8.671739130434784,8.69,11.78791208791209,12.548387096774192
USC00367239,1957,10.881521739130434,11.709999999999997,12.322527472527474,10.853225806451613
USC00367239,1962,10.53641304347826,10.639999999999999,10.791758241758243,12.335483870967739
USC00367239,1963,9.981318681318681,10.206666666666665,13.070555555555554,14.095161290322581
USC00367239,1964,10.488586956521742,9.278333333333334,12.134615384615385,10.545161290322582
USC00367239,1965,10.134782608695653,8.896666666666667,12.324175824175821,11.25967741935484
USC00367239,1966,9.377717391304346,8.358333333333333,12.052197802197803,11.490322580645161
USC00367239,1967,8.805978260869566,10.660000000000002,11.115934065934068,12.043548387096774
USC00367239,1968,10.632065217391306,11.693333333333332,13.017582417582416,13.499999999999998
USC00367312,1975,8.330434782608695,6.308333333333334,12.218131868131866,13.346774193548386
USC00367312,1976,9.902717391304348,10.861666666666668,8.63076923076923,8.001612903225807
USC00367312,1977,11.656521739130433,11.295,11.09835164835165,9.508064516129032
USC00367312,1978,7.2565217391304335,7.753333333333333,11.875274725274723,10.562903225806451
USC00367312,1979,9.444565217391306,9.156666666666668,11.56703296703297,10.98709677419355
USC00367312,1980,8.672222222222222,9.729999999999999,10.173076923076923,9.26774193548387
USC00367312,1981,9.496703296703297,11.000000000000002,10.053370786516854,8.995161290322581
USC00367312,1982,9.23695652173913,7.91,12.214606741573032,11.59032258064516
USC00367312,1983,9.068604651162788,8.469642857142857,12.168333333333331,11.620000000000001
USC00367312,1984,7.474999999999999,8.48448275862069,12.100595238095236,14.475925925925925
USC00367312,1985,10.790555555555557,12.12241379310345,13.316666666666666,12.179032258064515
USC00367312,1986,9.956521739130435,10.421666666666669,11.949425287356323,12.991666666666667
USC00367312,1987,10.149444444444445,9.700000000000001,10.958333333333334,8.858333333333333
USC00367312,1988,9.335869565217392,9.045,10.175824175824177,8.80967741935484
USC00367312,1989,8.12912087912088,7.823333333333334,11.227472527472528,11.730645161290322
USC00367312,1990,9.416847826086954,9.548333333333336,11.935714285714287,12.562903225806451
USC00367312,1991,10.96141304347826,9.768333333333333,11.105555555555554,11.809677419354838
USC00367312,1992,8.035869565217393,8.918333333333333,10.051666666666666,8.809677419354838
USC00367312,1993,8.559782608695652,9.311666666666667,10.824157303370788,9.87258064516129
USC00367312,1994,8.29782608695652,10.941666666666665,12.155056179775281,10.685483870967742
USC00367312,1995,8.741304347826086,7.421666666666667,10.67215909090909,12.783333333333335
USC00367312,1996,8.279213483146068,10.239655172413793,10.634831460674157,10.976666666666667
USC00367312,1997,8.083695652173914,8.483333333333333,10.655555555555555,11.145
USC00367312,1998,10.503888888888888,10.473333333333334,12.90529411764706,12.433928571428572
USC00367312,2002,9.594999999999999,10.831034482758621,11.53370786516854,10.474999999999998
USC00367312,2004,11.521195652173914,9.99,12.686111111111108,11.62166666666667
USC00367312,2005,8.361413043478262,11.238333333333333,13.418681318681317,12.438709677419356
USC00367312,2006,10.402173913043477,12.115,11.759340659340658,11.038709677419357
USC00367312,2007,10.075,8.426666666666666,13.539560439560441,15.895161290322582
USC00367312,2008,9.173369565217392,12.03166666666667,11.363736263736262,10.887096774193546
USC00367312,2009,9.891847826086956,10.360000000000001,12.207142857142856,10.51935483870968
USC00367312,2011,10.535869565217391,10.583333333333334,12.854395604395604,11.601612903225808
USC00367322,1970,10.55978260869565,10.581666666666669,14.530769230769227,14.798387096774194
USC00367322,1971,11.711475409836066,9.078333333333331,13.748351648351647,15.045161290322582
USC00367322,1972,8.835869565217392,7.778333333333332,11.253846153846155,9.67741935483871
USC00367322,1973,10.591847826086957,10.631666666666666,12.547252747252749,12.183870967741933
USC00367322,1974,10.158695652173913,10.71,11.5489010989011,10.03709677419355
USC00367322,1975,9.209782608695651,7.228333333333333,12.504945054945056,13.369354838709677
USC00367322,1976,10.653804347826087,11.670000000000003,8.827586206896553,7.744444444444444
USC00367322,1977,11.457065217391303,10.828333333333335,12.594505494505494,11.024193548387096
USC00367322,1978,8.718478260869563,9.356666666666667,11.9967032967033,11.137096774193548
USC00367322,1979,10.79782608695652,9.669999999999998,12.846067415730337,11.614516129032259
USC00367322,1980,10.37445652173913,11.039999999999997,11.93901098901099,11.117741935483872
USC00367322,1981,10.22391304347826,11.543333333333333,11.389010989010988,9.985483870967743
USC00367322,1982,9.27554347826087,7.915000000000001,12.635714285714288,11.88064516129032
USC00367322,1983,10.065217391304348,9.443333333333333,12.892857142857146,12.766129032258064
USC00367322,1984,8.303804347826086,9.604999999999999,12.865384615384615,15.35
USC00367322,1985,11.496739130434783,11.878333333333334,13.883516483516484,13.398387096774192
USC00367322,1986,11.062500000000002,10.453333333333335,11.99725274725275,12.983870967741936
USC00367322,1987,11.681410256410254,12.587499999999999,11.608988764044945,9.42741935483871
USC00367322,1988,10.248913043478261,9.431666666666668,10.974175824175823,9.580645161290322
USC00367322,1989,9.115760869565216,8.943333333333333,12.12307692307692,12.529032258064515
USC00367322,1990,10.607608695652173,10.575,13.16098901098901,14.332258064516129
USC00367322,1991,12.06086956521739,11.146666666666668,12.067222222222222,11.804838709677421
USC00367322,1992,8.7875,9.406666666666665,10.613186813186813,9.316129032258067
USC00367322,1993,9.640217391304347,9.750000000000002,11.053296703296704,10.243548387096775
USC00367322,1994,9.477717391304349,11.846666666666664,12.35989010989011,10.78225806451613
USC00367322,1995,10.228260869565217,9.278333333333334,12.49945054945055,14.34677419354839
USC00367322,1996,9.567391304347826,10.943333333333333,12.013736263736266,12.495161290322581
USC00367322,1997,9.892934782608695,9.545,12.595604395604395,13.080645161290324
USC00367322,1998,12.737499999999999,12.594999999999999,14.031868131868134,13.787096774193548
USC00367322,1999,10.94619565217391,11.42,13.702197802197803,11.722580645161292
USC00367322,2000,12.345652173913043,11.006666666666666,12.619230769230773,13.133870967741936
USC00367322,2001,10.552717391304348,11.035000000000002,13.655494505494504,13.47096774193548
USC00367322,2002,11.370108695652176,12.699999999999998,13.025824175824177,12.401612903225809
USC00367322,2003,10.074456521739132,9.931666666666668,13.164285714285713,11.400000000000002
USC00367322,2004,12.586413043478267,11.393333333333334,13.240659340659342,11.75
USC00367322,2005,9.658152173913043,12.181666666666667,14.873076923076924,13.920967741935485
USC00367322,2006,11.617391304347825,12.396666666666667,13.281868131868134,12.296774193548387
USC00367322,2007,10.642441860465116,9.544642857142858,15.156896551724135,17.341935483870966
USC00367338,1976,9.702717391304349,9.24,11.25655737704918,7.800000000000001
USC00367338,1977,10.679347826086955,10.088333333333333,11.493406593406597,9.330645161290322
USC00367338,1978,7.473626373626373,8.481666666666666,11.335,9.441666666666666
USC00367338,1979,9.05108695652174,8.443333333333333,11.611797752808986,10.318333333333332
USC00367338,1980,8.206593406593406,8.56551724137931,9.742777777777778,8.353225806451615
USC00367338,1981,8.495108695652174,10.743333333333334,9.417582417582418,8.670967741935485
USC00367338,1982,8.905978260869565,6.806666666666666,11.447252747252747,10.983870967741936
USC00367338,1983,8.190760869565217,7.778333333333334,10.864285714285714,10.85322580645161
USC00367338,1984,6.994565217391303,8.486666666666666,10.891758241758243,13.982258064516127
USC00367338,1985,10.0125,10.886666666666667,12.49120879120879,11.719354838709675
USC00367338,1986,9.466304347826087,10.176666666666666,11.157142857142858,11.579032258064517
USC00367338,1987,9.309782608695652,8.489999999999998,10.274175824175824,7.6903225806451605
USC00367338,1988,8.686413043478263,8.371666666666666,9.434615384615384,7.253225806451613
USC00367338,1989,7.832065217391305,6.630000000000001,10.473076923076924,10.446774193548384
USC00367338,1990,9.30163043478261,9.32,11.35934065934066,11.199999999999998
USC00367338,1991,10.866847826086957,10.341666666666669,9.94120879120879,10.620967741935482
USC00367338,1992,7.692934782608697,8.711666666666666,9.803846153846154,7.956451612903226
USC00367338,1993,8.34891304347826,8.819999999999999,10.076923076923077,8.893548387096773
USC00367338,1994,5.368852459016393,9.731666666666666,9.982967032967034,8.669354838709678
USC00367338,1996,7.653260869565218,8.836666666666666,9.143956043956043,10.132258064516128
USC00367338,1997,7.010869565217392,6.1000000000000005,9.159890109890112,9.441935483870967
USC00367338,1998,10.1125,9.303333333333335,10.945054945054945,10.387096774193548
USC00367338,1999,7.922826086956522,9.304999999999998,10.677472527472526,9.051612903225807
USC00367338,2000,9.641847826086956,8.175,10.4021978021978,11.62741935483871
USC00367338,2001,8.984239130434784,11.203333333333335,11.292857142857141,10.324193548387097
USC00367338,2002,9.495108695652174,10.648333333333335,11.131868131868131,10.654838709677422
USC00367338,2003,9.921978021978022,9.85,11.485714285714286,9.670967741935485
USC00367338,2004,11.282967032967033,9.682758620689654,12.20609756097561,10.832142857142857
USC00367338,2005,7.600574712643678,10.136206896551723,12.231460674157303,11.73103448275862
USC00367338,2006,9.091954022988507,10.848214285714286,11.046296296296296,10.299999999999999
USC00367409,1897,9.479347826086958,9.695,11.675,12.06774193548387
USC00367409,1898,10.326630434782608,7.894999999999999,11.773076923076921,11.988709677419354
USC00367409,1899,9.706521739130435,10.023333333333333,11.831927710843374,12.361290322580647
USC00367409,1900,8.570108695652175,9.91,13.435164835164832,14.417741935483871
USC00367409,1901,9.12912087912088,9.162068965517241,9.948765432098767,11.37142857142857
USC00367409,1962,9.057692307692307,8.741666666666667,9.202197802197805,10.6241935483871
USC00367409,1963,7.847282608695653,8.285,11.827472527472526,13.396774193548383
USC00367409,1964,9.384239130434782,8.201666666666666,10.317582417582416,8.935483870967742
USC00367409,1965,7.365760869565219,6.066666666666667,10.207142857142859,9.233870967741936
USC00367409,1966,7.709782608695653,7.1433333333333335,9.662637362637364,9.067741935483872
USC00367409,1967,6.9461956521739125,9.175,9.280219780219781,10.025806451612905
USC00367409,1968,8.69021739130435,10.353333333333332,10.935714285714287,11.111290322580647
USC00367409,1969,7.961956521739131,9.028333333333334,9.681318681318682,9.274193548387098
USC00367409,1970,7.578804347826088,8.091666666666665,11.601648351648354,11.511290322580644
USC00367409,1971,6.0538043478260875,6.503333333333333,12.317222222222222,13.851612903225805
USC00367409,1980,8.916847826086956,9.714999999999998,10.159340659340659,9.151612903225805
USC00367409,1981,9.221195652173913,10.761666666666665,9.867415730337079,9.289655172413791
USC00367409,1982,8.933152173913046,8.055,11.449999999999998,11.133870967741935
USC00367409,1983,8.636956521739132,7.886666666666668,11.157142857142858,11.025806451612903
USC00367409,1984,6.7608695652173925,8.856666666666666,11.046153846153846,13.658064516129032
USC00367409,1985,9.9,10.703333333333335,12.155000000000001,11.417741935483873
USC00367409,1987,9.591304347826087,9.77833333333333,10.392307692307691,8.84032258064516
USC00367409,1988,9.082608695652175,8.783333333333335,10.021978021978022,8.730645161290326
USC00367409,1989,7.700543478260869,6.970000000000001,10.793406593406592,11.380645161290321
USC00367409,1990,9.095652173913042,10.008333333333335,11.66043956043956,12.401612903225805
USC00367409,1991,10.764673913043477,9.796666666666665,10.453846153846154,10.680645161290322
USC00367409,1992,8.208695652173914,8.778333333333334,10.08736263736264,8.682258064516128
USC00367409,1993,8.43478260869565,9.181666666666667,10.32967032967033,9.670967741935486
USC00367409,1994,8.233695652173914,10.57833333333333,11.17142857142857,10.133870967741936
USC00367409,1995,8.822282608695652,7.378333333333334,10.242857142857142,12.374193548387096
USC00367409,1996,7.3059782608695665,8.513333333333334,9.844505494505496,10.256451612903225
USC00367409,1997,7.293478260869564,7.515,9.766483516483515,10.47258064516129
USC00367409,1998,10.32391304347826,9.780000000000001,10.679670329670328,10.409677419354837
USC00367409,1999,7.403260869565218,7.423333333333334,11.598333333333333,
USC00367409,2000,9.230434782608695,7.551666666666666,10.736813186813189,11.351612903225806
USC00367409,2001,8.681521739130433,9.646666666666668,11.803296703296702,11.143548387096775
USC00367409,2002,8.705434782608695,10.104999999999999,10.845054945054946,9.658064516129032
USC00367409,2003,8.574456521739132,9.109999999999998,11.418681318681317,9.806451612903226
USC00367409,2004,10.596739130434784,9.38,12.069780219780219,11.191935483870969
USC00367409,2005,7.54945652173913,9.956666666666667,12.300000000000002,11.683870967741933
USC00367409,2006,9.356521739130434,10.443333333333333,10.95989010989011,10.230645161290324
USC00367409,2007,8.894565217391303,7.676666666666667,12.431868131868134,14.230645161290322
USC00367409,2008,8.611956521739131,11.415,10.523076923076921,9.851612903225806
USC00367409,2009,9.24945652173913,9.523333333333333,11.07197802197802,9.516129032258064
USC00367409,2010,11.377173913043476,11.72,11.18131868131868,10.716129032258065
USC00367409,2011,9.608152173913044,9.366666666666665,12.21043956043956,10.548387096774192
USC00367409,2012,12.040760869565217,9.04,10.995604395604396,12.116129032258065
USC00367409,2013,8.703260869565216,9.036666666666665,10.75054945054945,12.36290322580645
USC00367409,2014,7.683152173913044,8.791666666666666,10.840109890109892,12.129032258064516
USC00367409,2015,8.647282608695653,9.015000000000002,12.376923076923074,10.453225806451613
USC00367409,2016,9.7375,8.415000000000001,12.325274725274726,11.933870967741933
USC00367409,2017,9.527173913043478,12.353333333333333,11.678571428571429,13.36774193548387
USC00367409,2018,8.6625,6.541666666666667,11.0489010989011,11.341935483870968
USC00367409,2019,9.241847826086955,10.073333333333334,11.038461538461537,12.032258064516132
USC00367409,2020,8.85,7.408333333333333,11.624725274725273,11.338709677419352
USC00367409,2021,9.793478260869565,10.404999999999998,12.265934065934063,14.674193548387098
USC00367409,2022,9.324456521739132,8.2,10.859890109890111,9.693548387096772
USC00367409,2023,9.171195652173912,11.056666666666668,11.33186813186813,12.26774193548387
USC00367409,2024,10.893478260869566,10.055000000000001,11.604395604395604,10.975806451612904
USC00367409,2025,10.222282608695652,10.318333333333332,11.357692307692307,11.05483870967742
USC00367477,1913,9.155434782608696,9.831666666666667,11.1489010989011,11.325806451612904
USC00367477,1915,6.057608695652175,9.381666666666666,10.323626373626373,10.329032258064515
USC00367477,1916,5.903804347826088,6.885000000000001,9.192307692307692,9.196774193548388
USC00367477,1917,6.042391304347827,6.875000000000001,7.424725274725274,6.893548387096775
USC00367477,1918,10.160869565217393,8.053333333333333,9.834615384615384,11.898387096774194
USC00367477,1919,8.482065217391305,7.865,9.252597402597404,12.161290322580646
USC00367477,1920,6.692391304347825,5.489999999999998,10.558241758241758,12.54516129032258
USC00367477,1921,10.779891304347826,11.413333333333334,11.081318681318681,10.120967741935484
USC00367477,1923,5.8583333333333325,6.955000000000001,9.111538461538462,7.6822580645161285
USC00367477,1926,5.128977272727273,5.208333333333332,10.007692307692308,10.08548387096774
USC00367477,1927,9.7375,9.048333333333334,12.453296703296703,11.711290322580645
USC00367477,1928,6.4692307692307685,5.773333333333334,,
USC00367477,1929,,,9.115934065934066,8.106451612903227
USC00367477,1930,6.748351648351648,6.4866666666666655,9.327472527472528,8.233870967741936
USC00367477,1931,6.412637362637362,6.841666666666667,11.358426966292134,9.759677419354837
USC00367477,1932,4.941304347826088,5.131666666666665,7.5978021978021975,8.148387096774194
USC00367477,1933,6.751630434782609,8.02,6.864835164835165,6.333870967741935
USC00367477,1934,6.957608695652172,7.3,10.781111111111112,8.887096774193548
USC00367477,1935,6.777717391304349,6.256666666666665,9.519230769230768,9.30483870967742
USC00367477,1936,9.510483870967741,8.186666666666666,9.396703296703297,9.741935483870968
USC00367477,1937,6.07663043478261,6.575,8.23076923076923,8.243548387096775
USC00367477,1938,7.71086956521739,8.034999999999998,9.38076923076923,9.86774193548387
USC00367477,1939,6.724456521739131,5.338333333333333,9.311538461538461,9.77096774193548
USC00367477,1940,4.695652173913044,4.33,8.578813559322034,
USC00367477,1941,6.478804347826089,9.741666666666669,10.484444444444446,11.18
USC00367477,1942,8.133152173913045,8.446666666666665,9.476923076923077,9.508064516129032
USC00367477,1943,5.186956521739131,3.216666666666666,7.748901098901097,8.053225806451612
USC00367477,1944,6.98913043478261,4.743333333333335,9.1,8.022580645161291
USC00367477,1945,8.347826086956522,8.906666666666666,9.615384615384615,8.409677419354841
USC00367477,1946,8.16195652173913,6.156666666666667,10.688461538461537,11.214516129032258
USC00367477,1947,4.635135135135135,,9.750602409638553,13.380645161290323
USC00367477,1948,7.728888888888889,9.346666666666668,10.065934065934066,8.329032258064517
USC00367477,1949,7.273913043478261,6.4816666666666665,9.93021978021978,12.35967741935484
USC00367477,1950,6.249456521739131,5.346666666666667,9.73956043956044,11.453225806451615
USC00367477,1951,8.112499999999997,7.833333333333333,9.086813186813187,11.441935483870967
USC00367477,1952,7.618478260869565,8.844999999999999,9.234615384615385,6.933870967741936
USC00367477,1953,8.57717391304348,6.8566666666666665,10.378571428571426,10.861290322580647
USC00367477,1954,5.42983870967742,7.92,10.107142857142856,10.951612903225804
USC00367477,1955,9.03695652173913,10.495000000000001,9.087222222222222,10.087096774193549
USC00367477,1956,5.9714285714285715,6.073333333333334,8.72032967032967,9.703225806451611
USC00367477,1957,6.753804347826086,7.733333333333334,8.535164835164835,7.643548387096774
USC00367477,1958,6.279347826086956,7.086666666666667,10.020329670329671,9.783870967741937
USC00367477,1959,8.093478260869565,8.218333333333335,10.440659340659339,11.003225806451612
USC00367477,1960,5.365760869565217,9.928333333333335,10.235164835164834,8.943548387096774
USC00367477,1961,6.531521739130435,5.285,11.478021978021976,11.251612903225805
USC00367477,1962,7.423076923076924,6.465517241379311,8.345604395604395,10.087096774193549
USC00367477,1963,6.949999999999999,6.954545454545453,9.686813186813186,11.020967741935483
USC00367477,1964,7.566304347826086,6.926666666666668,8.743956043956045,7.224193548387097
USC00367477,1965,6.316304347826086,5.225,9.358241758241757,7.979032258064516
USC00367477,1966,5.958695652173914,5.793333333333333,8.152747252747254,7.141935483870969
USC00367477,1967,5.457065217391304,7.638333333333333,7.670329670329671,8.608064516129033
USC00367477,1968,6.893103448275863,8.8,9.982967032967034,9.919354838709681
USC00367477,1969,6.492391304347826,7.765,8.653296703296702,8.433870967741937
USC00367477,1970,6.905434782608694,7.366666666666665,11.319230769230769,11.558064516129031
USC00367477,1971,4.85,5.173333333333334,11.449450549450548,12.945161290322579
USC00367477,1972,6.271739130434782,5.728333333333334,8.171666666666667,6.717741935483872
USC00367477,1973,8.07608695652174,7.981666666666668,10.68021978021978,10.888709677419355
USC00367477,1974,6.606521739130434,6.753333333333333,8.458241758241758,7.03225806451613
USC00367477,1975,6.121195652173912,3.681666666666666,10.078021978021978,10.601612903225806
USC00367477,1976,7.809782608695652,8.036666666666667,6.603846153846154,6.587096774193548
USC00367477,1977,8.682065217391303,8.115,9.908241758241758,8.203225806451613
USC00367477,1978,5.560326086956522,6.215,9.024175824175824,7.677419354838711
USC00367477,1979,6.91467391304348,6.336666666666667,9.843406593406593,9.256451612903225
USC00367477,1980,6.2749999999999995,6.866666666666665,8.213186813186812,7.124193548387097
USC00367477,1981,6.545652173913043,8.308333333333334,7.712359550561799,7.064516129032259
USC00367477,1982,5.5375000000000005,3.24,9.364285714285716,9.038709677419355
USC00367477,1983,6.43967391304348,5.540000000000001,8.56043956043956,8.362903225806452
USC00367477,1984,4.661413043478261,6.958333333333334,9.196703296703296,12.045161290322582
USC00367477,1985,7.707065217391304,8.998333333333335,10.611538461538462,9.495161290322578
USC00367477,1986,7.354395604395604,7.711666666666668,8.716483516483517,9.76774193548387
USC00367477,1987,7.639130434782608,7.901666666666666,8.522527472527472,6.459677419354838
USC00367477,1988,5.873369565217393,5.4816666666666665,8.11978021978022,6.485483870967742
USC00367477,1989,5.5364130434782615,4.395,8.763529411764704,8.879032258064518
USC00367477,1990,6.770652173913043,7.746666666666666,9.907142857142857,10.02741935483871
USC00367477,1991,8.633152173913043,7.896666666666666,8.556593406593406,9.338709677419352
USC00367477,1992,5.494565217391305,6.460000000000002,8.241208791208791,6.569354838709677
USC00367477,1993,5.931521739130434,6.743333333333331,8.347802197802197,7.622580645161292
USC00367477,1994,5.42336956521739,7.653333333333334,9.27197802197802,8.251612903225807
USC00367477,1995,5.675949367088608,4.950000000000001,8.98901098901099,11.75
USC00367477,1996,5.307065217391304,6.253333333333335,8.17857142857143,8.888709677419353
USC00367477,1997,4.844565217391303,4.435,8.02087912087912,8.840322580645159
USC00367477,1998,8.396739130434783,7.593333333333334,9.674175824175823,9.748387096774195
USC00367477,1999,6.6266304347826095,7.624999999999999,10.023626373626373,8.375806451612902
USC00367477,2000,8.055434782608694,6.748333333333333,8.637912087912088,9.41774193548387
USC00367477,2001,6.472826086956523,8.028333333333332,10.014285714285714,9.35967741935484
USC00367477,2002,6.354891304347827,7.65,9.302197802197805,8.340322580645159
USC00367477,2003,6.944021739130436,7.248333333333332,9.425274725274724,7.429032258064517
USC00367477,2004,8.404891304347826,6.974999999999999,10.09175824175824,9.120967741935482
USC00367477,2005,5.210869565217391,7.8933333333333335,10.360555555555555,10.014999999999999
USC00367477,2006,6.8478260869565215,8.195,9.142857142857144,7.816129032258065
USC00367477,2007,6.551666666666668,4.988333333333333,10.723626373626374,12.743548387096777
USC00367477,2008,6.1875,8.965,8.642307692307693,7.593548387096774
USC00367477,2009,7.419565217391304,7.280000000000001,9.298901098901098,7.530645161290322
USC00367477,2010,9.012637362637362,9.063333333333334,9.233516483516484,9.106451612903228
USC00367477,2011,7.574999999999998,7.781666666666666,10.641758241758241,8.858064516129033
USC00367477,2012,10.29782608695652,6.668333333333334,9.445604395604395,10.438709677419356
USC00367477,2013,6.9461956521739125,7.588333333333333,9.313736263736264,10.832258064516129
USC00367477,2014,6.428804347826087,7.97,9.497252747252746,10.908064516129032
USC00367477,2015,7.0847826086956545,7.474999999999999,11.599450549450552,9.625806451612902
USC00367477,2016,8.416847826086956,6.963333333333335,11.397802197802198,11.445161290322579
USC00367477,2017,8.327717391304347,10.786666666666664,10.846703296703298,12.156451612903224
USC00367477,2018,7.2782608695652184,4.951666666666666,10.328021978021978,10.437096774193545
USC00367477,2019,7.98913043478261,8.348333333333333,10.274725274725276,11.441935483870967
USC00367477,2020,7.934782608695653,6.105,10.37087912087912,10.124193548387098
USC00367477,2021,7.815384615384614,7.898275862068965,11.11098901098901,13.512903225806454
USC00367477,2022,7.973369565217392,6.715,9.813186813186812,8.616129032258065
USC00367477,2023,7.566847826086956,9.201666666666664,10.32197802197802,11.175806451612903
USC00367477,2024,9.79782608695652,8.991666666666667,10.935714285714287,10.145161290322578
USC00367477,2025,8.922282608695653,9.263333333333334,10.01153846153846,10.150000000000002
USC00367578,1984,7.889130434782608,9.140000000000002,9.56393442622951,13.312903225806453
USC00367578,1985,11.525,12.151666666666667,11.939010989010992,11.495161290322581
USC00367578,1988,8.698630136986303,9.03148148148148,10.567857142857143,9.051923076923078
USC00367578,1989,8.467415730337079,8.838333333333335,11.25,11.709677419354836
USC00367578,1990,9.335882352941177,9.623333333333333,11.128823529411765,12.55
USC00367578,1991,12.238823529411766,11.116071428571429,10.699411764705882,11.0875
USC00367578,1995,9.953260869565218,9.433333333333334,11.780000000000001,13.79833333333333
USC00367578,1996,8.970652173913043,10.351666666666667,11.287362637362639,11.930645161290322
USC00367578,1997,9.279347826086957,8.92666666666667,11.015934065934067,11.812903225806451
USC00367578,1998,11.380434782608699,11.0,11.967222222222226,11.899999999999999
USC00367578,1999,10.225,10.618333333333334,13.354945054945054,11.301612903225804
USC00367578,2001,8.9489010989011,9.51,12.217582417582417,11.714516129032258
USC00367578,2002,9.776373626373628,11.229310344827583,11.72840909090909,11.08
USC00367578,2003,8.52087912087912,8.473333333333333,11.670238095238094,9.92258064516129
USC00367578,2004,10.81590909090909,9.775862068965518,12.03388888888889,10.625806451612904
USC00367578,2005,8.187499999999998,10.711666666666666,13.36860465116279,12.4
USC00367578,2006,9.870555555555557,10.958333333333336,11.649418604651164,10.346428571428572
USC00367578,2007,9.014606741573035,7.953571428571429,13.3525641025641,14.940740740740738
USC00367578,2008,9.204945054945055,11.06206896551724,11.259090909090908,10.175806451612901
USC00367578,2009,9.607865168539325,10.736666666666668,11.819186046511627,10.351785714285713
USC00367578,2010,12.099999999999998,12.556666666666663,12.470329670329667,11.691935483870964
USC00367578,2011,11.082222222222223,11.518965517241378,13.516666666666666,11.986206896551721
USC00367578,2012,11.568518518518518,10.085000000000003,11.5532967032967,12.366129032258067
USC00367732,2002,11.930434782608694,13.266666666666667,13.562637362637362,13.004838709677419
USC00367732,2003,9.882065217391304,10.171666666666665,13.969230769230775,12.30967741935484
USC00367732,2004,12.936956521739129,11.913333333333334,13.982417582417584,12.575806451612907
USC00367732,2005,10.296739130434782,12.67333333333333,15.112087912087913,14.419354838709678
USC00367732,2006,11.91304347826087,13.436666666666666,13.728571428571428,12.896774193548385
USC00367732,2007,11.03804347826087,9.693333333333332,15.324725274725274,17.39677419354839
USC00367732,2008,11.058152173913044,12.581666666666669,13.492307692307692,12.703225806451611
USC00367732,2009,11.460869565217392,12.221666666666666,13.789010989010988,12.511290322580644
USC00367732,2010,13.610869565217392,14.046666666666669,14.425274725274724,14.069354838709677
USC00367732,2011,12.216304347826087,12.678333333333335,14.041758241758243,13.053225806451612
USC00367732,2012,13.953804347826084,12.216666666666667,13.053846153846155,13.661290322580648
USC00367732,2013,11.002173913043478,11.948333333333332,13.164285714285718,14.185483870967744
USC00367732,2014,9.84891304347826,10.861666666666668,13.425824175824179,14.70483870967742
USC00367732,2015,11.273369565217392,11.708333333333334,14.677472527472531,12.685483870967744
USC00367732,2016,11.967391304347826,11.506666666666664,14.993406593406595,14.788709677419357
USC00367732,2017,11.525,14.148333333333335,14.561538461538465,16.325806451612902
USC00367732,2018,10.844021739130435,9.344999999999999,13.787362637362635,14.258064516129032
USC00367732,2019,12.207608695652173,13.941666666666666,14.253296703296703,15.125806451612904
USC00367732,2020,11.129347826086956,9.95166666666667,14.520329670329671,14.054838709677425
USC00367732,2021,12.077173913043477,12.463333333333333,14.813736263736264,16.741935483870968
USC00367732,2022,11.657065217391304,10.645000000000001,13.73846153846154,12.245161290322581
USC00367732,2023,11.966847826086955,13.854999999999999,14.173626373626373,15.001612903225807
USC00367732,2024,13.069021739130436,12.423333333333334,14.781318681318682,14.606451612903227
USC00367732,2025,12.735869565217392,12.478333333333333,14.060989010989013,14.293548387096774
USC00367734,1894,9.013043478260869,7.736666666666666,9.946153846153846,10.57258064516129
USC00367734,1895,7.390217391304348,8.398333333333333,9.335164835164834,6.788709677419354
USC00367734,1896,8.480978260869566,10.346666666666668,9.634065934065934,7.367741935483873
USC00367734,1897,7.51141304347826,7.576666666666666,10.673626373626373,11.987096774193546
USC00367734,1898,7.926086956521738,5.5233333333333325,11.153846153846153,11.667741935483871
USC00367734,1899,8.707065217391303,9.508333333333333,11.257692307692306,12.053225806451612
USC00367734,1900,6.935326086956523,7.593333333333334,12.242307692307694,14.217741935483874
USC00367734,1901,6.615517241379308,6.601666666666666,9.392857142857142,9.825806451612904
USC00367734,1902,8.367934782608696,6.493333333333331,11.540109890109889,10.38225806451613
USC00367734,1903,10.099456521739128,7.64,9.568131868131868,10.603225806451613
USC00367734,1904,6.8396739130434785,4.638333333333334,9.484065934065933,9.406451612903224
USC00367734,1905,7.729347826086956,7.36,9.892857142857142,10.24032258064516
USC00367734,1906,6.654891304347825,7.4366666666666665,10.586263736263737,10.091935483870968
USC00367734,1907,6.308152173913043,4.178333333333334,9.09230769230769,7.6
USC00367734,1908,8.980434782608697,8.043333333333333,10.826923076923078,11.106451612903227
USC00367734,1909,7.162500000000001,7.5683333333333325,10.651098901098901,8.158064516129032
USC00367734,1910,8.964516129032257,,9.868681318681318,11.369354838709679
USC00367734,1911,7.891304347826087,6.686666666666667,9.854395604395604,10.185483870967744
USC00367734,1912,7.16195652173913,8.953333333333335,11.390555555555554,10.893548387096775
USC00367734,1913,8.045652173913044,8.345,10.591208791208789,10.64838709677419
USC00367734,1914,6.879891304347827,6.778333333333334,9.98846153846154,12.095161290322583
USC00367734,1915,6.332065217391305,9.751666666666665,10.912637362637364,10.461290322580645
USC00367734,1916,5.667391304347827,7.006666666666666,9.347252747252746,9.096774193548388
USC00367734,1917,6.20054347826087,6.74,7.704395604395604,6.93709677419355
USC00367734,1918,9.63369565217391,7.911666666666666,10.145604395604396,12.11451612903226
USC00367734,1922,11.943442622950819,8.468333333333332,11.240659340659342,11.187096774193547
USC00367734,1923,6.1173913043478265,6.491666666666668,9.913186813186812,8.951612903225804
USC00367734,1924,5.635326086956521,6.3966666666666665,8.67032967032967,8.92258064516129
USC00367734,1925,6.435326086956521,8.146666666666667,3.987704918032787,5.5274193548387105
USC00367734,1927,7.735326086956522,7.323333333333333,14.845901639344262,12.506451612903225
USC00367782,1953,10.050000000000002,8.28793103448276,11.559340659340661,11.579032258064519
USC00367782,1954,9.441847826086956,12.893333333333333,11.80824175824176,12.395161290322582
USC00367782,1955,11.424456521739133,12.926666666666666,11.579444444444446,12.21774193548387
USC00367782,1956,8.629891304347826,8.468333333333332,11.440555555555553,13.345
USC00367782,1957,10.414130434782608,11.083333333333336,11.415384615384616,9.46290322580645
USC00367782,1958,8.640760869565216,10.358333333333333,12.041666666666666,10.935483870967744
USC00367782,1959,10.121195652173913,10.203333333333331,11.787362637362635,12.122580645161289
USC00367782,1961,8.08791208791209,6.551666666666667,13.003296703296705,12.819354838709677
USC00367782,1962,9.508791208791209,8.424137931034483,10.406043956043955,11.88225806451613
USC00367782,1963,9.053260869565218,8.528333333333332,12.184615384615384,13.593548387096773
USC00367782,1964,9.882183908045977,10.201666666666666,11.171428571428569,9.441935483870969
USC00367782,1965,8.9625,8.676666666666666,11.782967032967033,9.929032258064517
USC00367782,1966,8.56358695652174,8.219999999999999,10.675274725274724,9.951612903225806
USC00367782,1967,8.828021978021978,10.748333333333337,9.653846153846153,11.009677419354839
USC00367782,1968,9.35163043478261,10.056666666666667,11.974175824175825,12.011290322580646
USC00367782,1969,9.255978260869567,11.296666666666665,10.59945054945055,10.887096774193548
USC00367782,1970,9.609239130434782,10.46,13.21,13.053333333333336
USC00367782,1971,7.584782608695652,7.923333333333333,13.308426966292135,14.536206896551722
USC00367782,1972,9.019021739130434,9.001666666666667,10.7010989010989,9.464516129032257
USC00367782,1973,10.566847826086954,9.680000000000001,12.825824175824177,12.845161290322581
USC00367782,1974,10.496739130434785,11.111666666666666,10.737912087912088,9.96935483870968
USC00367782,1975,8.864285714285716,6.8133333333333335,12.557142857142855,13.051612903225806
USC00367782,1976,10.757608695652172,10.798333333333334,9.08546511627907,8.70806451612903
USC00367782,1977,11.861413043478263,10.751666666666669,11.936813186813184,10.175806451612905
USC00367782,1978,8.654945054945054,9.569999999999999,12.26978021978022,10.698387096774193
USC00367782,1979,10.285869565217391,9.465000000000003,12.256043956043955,11.098387096774193
USC00367782,1980,9.433695652173913,9.486666666666666,8.603521126760565,8.53076923076923
USC00367782,1981,9.606521739130436,11.578333333333335,10.839560439560438,10.830645161290322
USC00367782,1982,7.602083333333334,6.22962962962963,12.383888888888889,12.191935483870967
USC00367782,1983,8.55379746835443,8.948333333333332,11.988953488372092,12.582258064516129
USC00367782,1984,7.776136363636363,9.426666666666668,11.225595238095236,14.167741935483873
USC00367782,1985,12.722972972972974,12.370000000000001,13.213636363636363,14.010344827586207
USC00367782,1986,10.330978260869566,11.000000000000002,11.194318181818181,10.481666666666664
USC00367782,1987,10.169021739130436,9.253333333333334,10.008241758241759,7.322580645161288
USC00367782,1988,7.928260869565216,7.569999999999999,9.415384615384616,7.427419354838711
USC00367782,1989,8.254891304347826,6.985000000000001,10.408888888888889,10.275806451612901
USC00367782,1990,9.300543478260868,9.615,11.854945054945054,12.161290322580644
USC00367782,1991,10.996195652173913,10.331666666666667,10.576373626373625,11.369354838709679
USC00367782,1992,7.808152173913044,9.069999999999999,10.400549450549452,8.743548387096775
USC00367782,1993,7.885869565217392,8.386666666666667,10.340659340659341,9.320967741935483
USC00367782,1994,7.383516483516485,10.189655172413794,10.466483516483517,9.591935483870966
USC00367782,1995,8.552173913043479,7.5616666666666665,10.382967032967032,12.35161290322581
USC00367782,1996,7.961956521739132,9.258333333333333,9.754945054945054,10.64516129032258
USC00367782,1997,7.425,6.965000000000001,9.871978021978022,10.83548387096774
USC00367782,1998,12.51081081081081,9.471666666666668,11.06609195402299,10.75
USC00367782,1999,7.9451086956521735,9.588333333333333,11.535164835164835,10.26774193548387
USC00367782,2000,9.523369565217392,8.261666666666667,9.69010989010989,11.21290322580645
USC00367782,2001,7.647826086956523,9.693333333333333,10.698351648351649,10.096774193548388
USC00367782,2002,7.5157608695652165,8.905000000000001,9.396703296703297,8.414516129032258
USC00367782,2003,7.642934782608696,8.16,11.596153846153843,9.572580645161292
USC00367782,2004,11.035326086956523,9.621666666666668,12.156043956043957,11.11774193548387
USC00367782,2005,9.208152173913044,11.91,12.976923076923075,11.98064516129032
USC00367782,2006,9.757608695652173,11.673333333333334,10.995555555555557,10.123333333333335
USC00367782,2007,9.810869565217391,7.556666666666667,13.156593406593403,15.011290322580646
USC00367782,2008,9.520108695652175,12.110000000000001,11.439010989010987,10.509677419354839
USC00367782,2009,9.758791208791209,9.36206896551724,11.786666666666669,9.593333333333334
USC00367782,2010,11.044505494505495,11.605172413793106,11.768333333333334,11.669354838709676
USC00367782,2011,10.053260869565218,10.516666666666667,12.754945054945058,11.300000000000002
USC00367782,2012,12.361413043478258,8.733333333333333,10.981868131868131,11.579032258064517
USC00367782,2013,8.874999999999998,10.28,10.71534090909091,12.146666666666665
USC00367782,2014,8.463043478260868,9.929999999999998,10.959890109890111,12.20806451612903
USC00367782,2015,9.539673913043476,10.495,13.467045454545456,11.45322580645161
USC00367782,2016,10.501630434782607,9.303333333333333,13.352197802197804,13.204838709677418
USC00367782,2017,10.295108695652175,12.741666666666665,12.401098901098901,14.106451612903225
USC00367782,2018,8.970879120879122,6.7396551724137925,11.77032967032967,11.84677419354839
USC00367782,2019,10.067934782608694,10.998333333333333,12.047252747252747,13.338709677419354
USC00367782,2020,9.517032967032968,7.873333333333334,12.445604395604393,11.864516129032257
USC00367782,2021,9.866847826086957,9.875000000000002,12.738333333333333,15.059677419354838
USC00367782,2022,10.002717391304348,8.58,11.662087912087909,10.395161290322582
USC00367782,2023,9.960326086956522,11.5,12.194505494505492,13.006451612903227
USC00367782,2024,12.01467391304348,11.740000000000002,13.26703296703297,12.338709677419354
USC00367782,2025,10.83736263736264,10.49310344827586,12.03186813186813,12.282258064516132
USC00367902,1926,6.797826086956522,6.281666666666666,10.430769230769231,9.808064516129035
USC00367902,1927,8.557608695652174,7.738333333333333,12.409890109890112,12.822580645161288
USC00367902,1928,7.7804347826086975,7.3583333333333325,11.353846153846156,12.316129032258065
USC00367902,1929,10.116847826086957,10.011666666666667,11.366483516483513,10.079032258064517
USC00367902,1930,8.730434782608697,8.005,11.832417582417586,10.343548387096776
USC00367902,1931,8.866847826086957,8.604999999999999,14.10989010989011,12.716129032258065
USC00367902,1932,7.47663043478261,7.2716666666666665,11.1989010989011,12.240322580645161
USC00367902,1933,9.351086956521737,9.923333333333334,10.404395604395603,10.493548387096775
USC00367902,1934,9.03641304347826,9.048333333333336,11.989010989010989,9.730645161290322
USC00367902,1935,8.23913043478261,7.796666666666668,11.197802197802197,11.435483870967742
USC00367902,1936,10.228260869565217,7.718333333333333,11.016483516483516,11.42258064516129
USC00367902,1937,7.929347826086956,8.178333333333333,10.553846153846154,10.224193548387099
USC00367902,1938,10.067391304347826,10.268333333333333,11.426923076923078,12.374193548387098
USC00367902,1939,8.91141304347826,7.6466666666666665,10.799450549450547,10.933870967741937
USC00367902,1940,7.0,6.626666666666669,9.927777777777779,8.979032258064516
USC00367902,1941,9.242391304347825,12.771666666666667,13.080769230769233,13.604838709677418
USC00367902,1942,11.063586956521739,11.43,11.700549450549447,12.335483870967744
USC00367902,1943,7.755434782608695,5.221666666666666,10.108241758241757,10.26774193548387
USC00367902,1944,8.978804347826086,7.209999999999999,11.083516483516485,10.327419354838709
USC00367902,1945,11.260869565217389,11.445000000000002,11.72032967032967,10.553225806451614
USC00367902,1946,10.632065217391304,8.52,13.291758241758242,13.735483870967743
USC00367902,1947,7.968478260869567,8.655,12.334615384615384,15.029032258064516
USC00367902,1948,9.449456521739132,9.815,12.473076923076922,10.683870967741933
USC00367902,1949,9.635869565217392,9.563333333333333,11.6010989010989,14.279032258064516
USC00367902,1950,7.533152173913043,7.091666666666667,11.547222222222222,13.043333333333333
USC00367902,1951,9.592391304347826,9.721666666666666,10.73021978021978,12.562903225806453
USC00367902,1952,9.012500000000001,10.866666666666664,11.153846153846153,9.616129032258064
USC00367902,1953,9.786413043478262,8.613333333333333,12.24175824175824,12.543548387096777
USC00367902,1954,9.332065217391303,11.293333333333331,12.024725274725277,13.133870967741936
USC00367902,1956,6.248913043478261,6.835,10.128021978021977,11.177419354838708
USC00367902,1957,9.08913043478261,10.110000000000001,11.262637362637363,9.982258064516131
USC00367902,1958,8.523369565217392,9.816666666666666,11.182967032967033,10.412903225806453
USC00367902,1959,9.78695652173913,10.245000000000001,12.782417582417583,13.475806451612902
USC00367902,1960,7.683695652173912,11.535,11.964835164835167,11.298387096774196
USC00367902,1961,7.742391304347826,6.8916666666666675,13.022527472527472,12.538709677419355
USC00367902,1962,9.115217391304347,8.763333333333332,9.984065934065933,11.325806451612904
USC00367902,1963,8.604347826086958,9.134999999999998,12.195054945054945,13.927419354838708
USC00367902,1964,9.26304347826087,7.940000000000001,11.547222222222222,9.711290322580643
USC00367902,1965,8.498913043478261,7.1483333333333325,10.912637362637364,9.624193548387098
USC00367902,1966,7.811111111111111,7.575,10.51923076923077,9.898387096774194
USC00367902,1967,6.543406593406594,8.438333333333334,9.863186813186813,10.208064516129035
USC00367902,1968,10.535869565217393,12.375000000000002,12.523626373626373,13.08548387096774
USC00367902,1969,9.902717391304348,10.991666666666667,11.747252747252745,11.603225806451613
USC00367902,1971,7.27336956521739,7.571666666666666,12.314044943820223,13.94516129032258
USC00367902,1972,11.529508196721311,7.038333333333335,9.278571428571427,8.067741935483872
USC00367902,1973,8.01639344262295,9.693333333333333,11.965934065934066,12.669354838709676
USC00367902,1974,12.362295081967213,10.895000000000001,10.950000000000001,9.374
USC00367931,1894,10.178409090909092,7.890384615384614,11.344999999999999,12.061290322580643
USC00367931,1895,8.990217391304348,9.693333333333333,11.004395604395603,7.382258064516129
USC00367931,1896,10.302173913043477,11.651666666666666,11.571428571428571,9.196774193548386
USC00367931,1897,9.56304347826087,10.216666666666667,11.584065934065935,11.930645161290325
USC00367931,1898,10.291847826086956,8.25,12.350000000000003,12.785483870967742
USC00367931,1899,10.365760869565216,10.906666666666666,11.20769230769231,11.932258064516127
USC00367931,1900,9.05,9.959999999999999,14.212637362637365,14.916129032258064
USC00367931,1901,9.92826086956522,9.483333333333333,10.862637362637363,11.430645161290322
USC00367931,1902,10.957065217391305,10.56333333333333,12.93956043956044,12.320967741935483
USC00367931,1903,11.98695652173913,9.955,12.271111111111109,13.688709677419354
USC00367931,1904,9.871739130434781,8.523333333333332,11.7010989010989,11.074193548387097
USC00367931,1905,10.281521739130435,9.701666666666664,11.426923076923082,12.0
USC00367931,1906,8.690217391304348,10.27,12.616666666666667,11.69032258064516
USC00367931,1907,8.903260869565218,7.53,10.880769230769232,9.129032258064518
USC00367931,1908,10.880978260869563,10.351666666666668,12.162222222222221,12.787096774193547
USC00367931,1909,8.90326086956522,9.375,11.287912087912089,9.461290322580641
USC00367931,1910,11.54076086956522,12.359999999999998,12.04065934065934,13.446774193548388
USC00367931,1911,9.980978260869565,8.520000000000001,11.506043956043955,11.877419354838711
USC00367931,1912,9.622282608695652,10.609999999999998,12.748901098901097,12.824193548387097
USC00367931,1913,11.391847826086956,11.885000000000002,12.654945054945054,13.558064516129033
USC00367931,1914,9.461413043478261,9.141666666666667,11.851666666666668,13.70483870967742
USC00367931,1915,8.918478260869565,11.895,12.471978021978023,12.70806451612903
USC00367931,1916,9.104347826086956,10.275000000000002,11.191208791208792,11.116129032258064
USC00367931,1917,8.665217391304349,10.640000000000002,9.017032967032968,8.303225806451616
USC00367931,1919,9.973369565217393,9.398333333333333,12.564285714285715,13.598387096774196
USC00367931,1920,9.096470588235295,7.906896551724138,11.740123456790123,13.640000000000002
USC00367931,1922,10.472282608695652,9.99,12.823076923076924,12.729032258064517
USC00367931,1923,8.832608695652175,9.37166666666667,11.571978021978026,11.182258064516125
USC00367931,1924,8.608152173913043,8.80166666666667,10.868131868131869,11.706451612903225
USC00367931,1925,9.626086956521739,10.721666666666666,11.189010989010988,8.622580645161289
USC00367931,1926,7.930978260869565,7.52,11.014835164835166,11.31935483870968
USC00367931,1927,9.5375,8.69,13.16923076923077,13.329032258064514
USC00367931,1928,8.704347826086957,8.386666666666667,12.134065934065932,13.041935483870969
USC00367931,1929,10.808695652173913,11.158333333333333,11.959890109890111,10.779032258064516
USC00367931,1930,10.154891304347824,9.175,12.366483516483518,11.106451612903227
USC00367931,1931,9.782967032967033,9.731666666666666,14.608241758241757,13.227419354838712
USC00367931,1932,8.664130434782608,8.451666666666666,11.883516483516484,12.435483870967742
USC00367931,1933,10.309239130434783,10.651666666666666,11.410989010989011,11.129032258064514
USC00367931,1934,9.601648351648352,10.11166666666667,12.790555555555557,11.296774193548389
USC00367931,1935,10.044021739130436,9.133333333333333,11.967582417582417,11.893548387096773
USC00367931,1936,10.708695652173914,8.59,11.753296703296703,12.354838709677422
USC00367931,1937,8.792934782608693,8.635,10.63131868131868,10.185483870967742
USC00367931,1938,10.217934782608696,10.465,11.53076923076923,12.082258064516129
USC00367931,1939,10.370000000000001,8.987931034482758,12.127472527472527,12.341935483870966
USC00367931,1940,8.429891304347827,7.535000000000001,10.690340909090908,10.032258064516126
USC00367931,1941,10.159239130434782,12.859999999999998,13.625824175824176,14.52258064516129
USC00367931,1942,11.4,11.834482758620688,12.048888888888888,12.637096774193546
USC00367931,1943,8.750000000000002,6.218333333333334,10.75,10.820967741935483
USC00367931,1944,9.958152173913044,8.344999999999999,11.534065934065934,10.733870967741934
USC00367931,1945,11.80054347826087,11.668333333333333,11.93901098901099,10.798387096774192
USC00367931,1946,10.76630434782609,9.3,12.834615384615384,13.298387096774194
USC00367931,1947,9.20054347826087,10.748333333333333,12.547727272727274,14.9625
USC00367931,1948,10.835714285714285,11.603333333333332,12.004395604395608,10.270967741935484
USC00367931,1950,7.513043478260869,6.9350000000000005,11.256593406593408,12.50806451612903
USC00367931,1951,9.502173913043478,9.678333333333335,10.796153846153846,12.327419354838707
USC00367931,1952,9.22391304347826,10.468333333333332,10.598901098901099,8.666129032258064
USC00367931,1953,9.979891304347827,8.968333333333332,11.363736263736268,11.625806451612902
USC00367931,1954,9.31086956521739,11.22833333333333,11.652197802197806,12.662903225806453
USC00367931,1955,10.607065217391305,11.703333333333335,10.862637362637361,11.811290322580648
USC00367931,1956,7.886413043478262,8.398333333333333,10.837777777777776,11.466129032258065
USC00367931,1977,11.209782608695651,11.33833333333333,11.72087912087912,10.167741935483871
USC00367931,1978,7.765760869565218,8.373333333333333,10.986813186813185,10.066129032258063
USC00367931,1979,9.472826086956522,8.715,11.906593406593409,11.208064516129031
USC00367931,1980,9.51086956521739,10.53,10.676373626373627,9.3741935483871
USC00367931,1981,9.832065217391303,11.415,10.571666666666667,9.154838709677419
USC00367931,1982,8.441279069767441,7.343999999999999,11.52722222222222,10.961290322580645
USC00367931,1983,8.796739130434784,8.1,11.174725274725274,10.785483870967742
USC00367931,1984,6.90978260869565,8.483333333333333,11.398351648351648,13.877419354838713
USC00367931,1985,10.516847826086957,11.063333333333334,12.367582417582419,11.72258064516129
USC00367931,1986,10.119565217391303,9.716666666666667,10.765934065934067,11.798387096774196
USC00367931,1987,10.174999999999999,10.71,10.33791208791209,8.608064516129033
USC00367931,1988,9.206521739130435,8.523333333333333,10.19010989010989,8.925806451612907
USC00367931,1989,8.12608695652174,7.753333333333333,11.164835164835164,11.509677419354837
USC00367931,1990,9.425543478260868,9.758333333333333,12.115934065934065,12.974193548387097
USC00367931,1991,11.105978260869565,10.013333333333332,11.258241758241756,11.616129032258067
USC00367931,1992,8.42608695652174,8.846666666666668,10.15989010989011,8.538709677419355
USC00367931,1993,8.48913043478261,8.915,10.437362637362638,9.848387096774196
USC00367931,1994,8.49728260869565,11.043333333333331,11.333516483516483,9.935483870967744
USC00367931,1995,8.944021739130436,7.86,10.898351648351648,13.11290322580645
USC00367931,1996,7.598369565217389,9.246666666666666,10.541208791208792,10.970967741935484
USC00367931,1997,7.998369565217394,7.868333333333334,10.609340659340658,11.124193548387098
USC00367931,1998,11.015760869565218,10.46166666666667,12.12142857142857,11.653225806451609
USC00367931,1999,9.16195652173913,9.7,11.981318681318683,10.035483870967743
USC00367931,2000,10.66141304347826,9.241666666666667,10.893406593406594,11.777419354838708
USC00367931,2001,8.797282608695653,9.323333333333334,11.936813186813186,11.306451612903226
USC00367931,2002,9.161956521739132,10.486666666666666,11.41758241758242,10.388709677419353
USC00367931,2003,8.373913043478263,8.738333333333333,11.802272727272726,9.973214285714288
USC00367931,2004,10.860869565217392,9.671666666666665,12.115934065934065,10.608064516129033
USC00367931,2005,7.8929347826086955,10.155,12.74285714285714,12.170967741935485
USC00367931,2006,9.855978260869565,10.725000000000001,11.268131868131869,10.451612903225806
USC00367931,2007,8.790217391304349,7.37,12.98791208791209,15.116129032258065
USC00367931,2008,8.792934782608697,11.039999999999997,10.874175824175826,10.046774193548385
USC00367931,2009,9.498913043478261,9.826666666666664,11.454945054945055,9.933870967741933
USC00367931,2010,11.691304347826087,11.871666666666668,11.576373626373625,11.380645161290323
USC00367931,2011,9.983695652173912,10.096666666666668,12.158241758241756,11.02741935483871
USC00367931,2012,12.036956521739132,9.273333333333333,11.012637362637363,11.898387096774194
USC00367931,2013,8.917934782608697,9.655,11.02912087912088,12.725806451612902
USC00367931,2014,7.845108695652173,8.808333333333334,11.257692307692308,12.441935483870967
USC00367931,2015,9.098369565217391,9.16,13.037912087912085,11.043548387096775
USC00367931,2016,9.88586956521739,8.568333333333332,12.708791208791212,12.648387096774194
USC00367931,2017,9.527173913043478,12.49,12.038461538461538,14.058064516129033
USC00367931,2018,8.690217391304348,6.888333333333334,11.712087912087911,12.048387096774194
USC00367931,2019,9.94891304347826,11.008333333333333,11.536263736263736,12.522580645161288
USC00367931,2020,9.097826086956523,7.436666666666667,12.449450549450548,12.109677419354838
USC00367931,2021,10.12771739130435,10.385,12.884065934065935,14.901612903225807
USC00367931,2022,10.039130434782608,9.071666666666667,11.878021978021978,10.522580645161288
USC00367931,2023,10.01195652173913,11.95333333333333,12.335714285714287,13.443548387096774
USC00367931,2024,11.535164835164835,10.46551724137931,12.686813186813184,12.13709677419355
USC00367931,2025,11.137500000000001,11.071666666666665,11.975824175824172,11.906451612903224
USC00367938,1997,8.588068181818182,8.36896551724138,10.654545454545454,11.328333333333335
USC00367938,1998,11.141111111111112,10.88103448275862,12.17,11.844999999999999
USC00367938,1999,9.408791208791211,9.406896551724138,12.556593406593407,10.285483870967742
USC00367938,2000,10.818478260869565,9.315,11.695054945054945,12.040322580645164
USC00367938,2001,9.7375,11.195,12.611538461538462,11.95
USC00367938,2002,9.89836956521739,11.011666666666667,11.7010989010989,11.03548387096774
USC00367938,2003,8.156043956043957,7.881666666666665,12.180898876404493,10.267741935483869
USC00367938,2004,10.952777777777778,9.601724137931036,12.075274725274726,10.706451612903225
USC00367938,2005,8.03695652173913,10.245000000000001,12.992307692307694,11.941935483870969
USC00367938,2006,10.338586956521738,11.391666666666664,12.04065934065934,10.664516129032261
USC00367938,2007,9.414673913043478,7.799999999999999,13.250000000000002,15.574193548387099
USC00367938,2008,9.62336956521739,11.295,11.168681318681319,9.540322580645164
USC00367938,2009,9.754891304347826,10.338333333333333,11.89945054945055,10.308064516129031
USC00367938,2010,11.776630434782609,12.006666666666666,11.954945054945053,11.31774193548387
USC00367938,2011,10.527717391304348,11.218333333333334,12.747252747252746,11.287096774193547
USC00367938,2012,12.016847826086956,9.323333333333334,11.073626373626372,11.716129032258063
USC00367938,2013,9.280978260869565,10.031666666666666,11.38901098901099,12.601612903225808
USC00367938,2014,7.845108695652174,8.981666666666667,11.640109890109887,12.656451612903227
USC00367938,2015,9.296195652173912,9.741666666666667,12.15872093023256,10.604838709677422
USC00367938,2016,9.91534090909091,7.891666666666667,13.268131868131867,12.804838709677417
USC00367938,2017,9.937499999999998,12.663333333333334,12.974175824175827,14.517741935483869
USC00367938,2018,8.617032967032968,7.086206896551725,12.294505494505497,12.411290322580648
USC00367938,2019,10.048913043478262,12.283333333333333,12.759890109890112,13.564516129032258
USC00367938,2020,10.294565217391305,8.854999999999999,13.232967032967034,12.696774193548388
USC00367938,2021,10.979347826086956,11.291666666666668,13.326190476190478,15.369354838709679
USC00367938,2022,11.097282608695652,10.276666666666667,12.331868131868132,11.038709677419355
USC00367938,2023,10.227717391304347,11.926666666666668,12.876923076923074,13.862903225806448
USC00367938,2024,11.984239130434782,11.188333333333333,13.5438202247191,12.938709677419352
USC00367938,2025,11.727472527472528,11.238333333333333,12.780769230769232,12.351612903225808
USC00368066,1896,7.289673913043478,9.058333333333334,9.8375,8.435416666666667
USC00368066,1897,7.603260869565218,8.716666666666667,10.158928571428572,10.477083333333333
USC00368066,1898,7.63804347826087,3.966666666666667,10.831318681318681,14.019354838709681
USC00368066,1899,6.196341463414635,5.5826086956521745,8.958024691358025,9.193333333333332
USC00368066,2011,7.1326086956521735,7.1483333333333325,10.5,8.958064516129031
USC00368073,1933,11.07032967032967,11.39655172413793,12.279670329670333,11.870967741935484
USC00368073,1934,10.591304347826087,10.935000000000002,13.17032967032967,12.037096774193552
USC00368073,1935,10.758152173913043,9.643333333333334,12.627472527472527,12.506451612903227
USC00368073,1936,11.31195652173913,9.065,12.582417582417586,13.030645161290327
USC00368073,1937,9.917934782608695,9.706666666666667,11.436813186813184,11.337096774193546
USC00368073,1938,11.319021739130436,11.206666666666667,12.39945054945055,13.283870967741937
USC00368073,1939,10.38641304347826,9.045,12.816483516483519,12.679032258064513
USC00368073,1940,8.928260869565216,8.761666666666665,11.48791208791209,10.819354838709678
USC00368073,1941,11.223369565217391,13.919999999999998,14.774175824175824,15.841935483870968
USC00368073,1942,12.607608695652175,12.903333333333334,12.94,13.100000000000001
USC00368073,1943,10.057608695652174,7.831666666666667,11.534615384615385,11.551612903225804
USC00368073,1944,10.511413043478262,8.825,12.524444444444443,11.796666666666665
USC00368073,1945,12.78241758241758,12.438333333333329,12.776373626373625,11.804838709677421
USC00368073,1946,11.417391304347827,9.261666666666665,13.743406593406595,14.277419354838708
USC00368073,1947,9.495238095238093,11.211363636363636,13.493956043956041,15.832258064516127
USC00368073,1948,11.689673913043478,11.851666666666667,13.418681318681315,11.819354838709678
USC00368073,1949,11.302747252747253,10.876666666666665,13.05604395604396,15.359677419354838
USC00368073,1950,9.367391304347827,8.694999999999999,12.235164835164836,13.61774193548387
USC00368073,1951,10.83586956521739,10.713333333333333,12.38901098901099,13.982258064516131
USC00368073,1952,10.510989010989013,11.743333333333336,12.459340659340661,11.169354838709676
USC00368073,1953,12.049456521739128,10.856666666666666,13.61043956043956,14.612903225806452
USC00368073,1954,11.192391304347826,13.571666666666665,13.317032967032969,14.687096774193545
USC00368073,1955,12.658241758241756,13.394827586206894,12.475274725274724,13.716129032258069
USC00368073,1956,9.791847826086956,9.758333333333333,12.393406593406596,13.114516129032259
USC00368073,1957,11.649456521739127,12.44,12.554945054945055,11.195161290322579
USC00368073,1958,10.120652173913044,11.545,12.97087912087912,12.343548387096773
USC00368073,1959,11.703804347826088,12.71166666666667,13.26153846153846,14.337096774193547
USC00368073,1960,9.235326086956523,13.385,12.930769230769235,12.301612903225807
USC00368073,1961,9.625,8.345,14.686813186813186,14.224193548387095
USC00368073,1962,11.307065217391305,11.255,11.680769230769231,13.483870967741936
USC00368073,1963,11.104347826086956,11.608333333333336,13.804945054945058,15.325806451612904
USC00368073,1964,10.969565217391304,9.891666666666667,12.754395604395606,11.09677419354839
USC00368073,1965,10.983695652173912,10.531666666666665,12.864835164835167,11.788709677419355
USC00368073,1966,9.907065217391304,8.29,11.865384615384619,11.306451612903224
USC00368073,1967,9.87554347826087,12.030000000000001,11.119780219780218,11.817741935483873
USC00368073,1968,11.089673913043475,11.806666666666667,13.070329670329672,13.325806451612902
USC00368073,1969,11.276086956521738,12.694999999999999,12.167032967032965,12.261290322580647
USC00368073,1970,10.545108695652173,11.008333333333333,13.567582417582418,14.093548387096773
USC00368073,1971,9.826086956521738,10.441666666666666,13.652747252747254,15.191935483870965
USC00368073,1972,10.445652173913043,9.968333333333334,11.3510989010989,10.177419354838708
USC00368073,1973,11.263586956521738,10.830000000000002,14.180769230769231,14.21290322580645
USC00368073,1974,11.003804347826087,12.226666666666665,11.235714285714284,10.709677419354838
USC00368073,1975,9.226086956521739,7.498333333333334,13.91318681318681,15.127419354838707
USC00368073,1976,11.057608695652174,12.046666666666665,9.883516483516484,9.272580645161291
USC00368073,1977,12.684239130434781,11.96166666666667,12.263736263736261,10.588709677419354
USC00368073,1978,8.953260869565218,9.521666666666667,11.921428571428573,10.620967741935486
USC00368073,1979,10.463043478260872,9.398333333333333,12.527472527472527,11.324193548387099
USC00368073,1980,10.516847826086956,10.936666666666666,11.876923076923076,11.211290322580647
USC00368073,1981,10.432608695652174,11.925000000000002,11.116483516483516,10.148387096774194
USC00368073,1982,10.183695652173913,8.846666666666668,12.345604395604395,12.127419354838706
USC00368073,1983,9.775,9.41,12.725824175824178,12.51612903225806
USC00368073,1984,8.42391304347826,9.391666666666667,12.42032967032967,15.396774193548385
USC00368073,1985,11.873913043478263,12.628333333333332,13.424175824175823,12.591935483870966
USC00368073,1986,11.328260869565218,10.759999999999998,12.036263736263733,12.969354838709679
USC00368073,1987,11.309782608695652,10.396666666666668,11.770879120879119,9.848387096774196
USC00368073,1988,10.69836956521739,10.031666666666668,11.2532967032967,9.825806451612902
USC00368073,1989,9.608695652173912,9.806666666666667,12.775274725274727,13.80967741935484
USC00368073,1990,11.601630434782608,11.903333333333332,13.754945054945052,14.483870967741938
USC00368073,1991,12.751086956521737,11.968333333333334,12.46758241758242,12.877419354838711
USC00368073,1992,9.72554347826087,10.63,11.406043956043959,10.67258064516129
USC00368073,1993,9.919565217391304,10.225000000000001,11.731868131868131,11.148387096774192
USC00368073,1994,10.451630434782611,13.541666666666668,12.774175824175824,11.720967741935487
USC00368073,1995,10.963043478260872,10.121666666666666,11.796153846153844,14.340322580645163
USC00368073,1996,9.487499999999997,11.003333333333334,11.445604395604395,12.26774193548387
USC00368073,1997,9.832065217391305,9.858333333333336,11.840659340659341,12.401612903225805
USC00368073,1998,12.565760869565219,12.136666666666665,14.079670329670332,13.335483870967744
USC00368073,1999,10.835326086956524,11.336666666666666,13.131868131868135,11.462903225806452
USC00368073,2000,12.320108695652175,10.688333333333333,12.225274725274724,13.603225806451615
USC00368073,2001,10.692391304347828,11.741666666666669,13.867582417582415,13.433870967741937
USC00368073,2002,11.623369565217393,12.923333333333334,12.473626373626375,11.379032258064518
USC00368073,2003,10.222282608695652,10.813333333333333,12.970329670329667,11.467741935483874
USC00368073,2004,12.848369565217387,11.748333333333331,13.458791208791208,12.051612903225806
USC00368073,2005,9.677717391304347,11.736666666666663,14.048351648351646,13.482258064516127
USC00368073,2006,11.740760869565218,12.713333333333333,12.61098901098901,12.045161290322584
USC00368073,2007,11.053260869565218,9.629999999999999,13.958791208791208,16.28548387096774
USC00368073,2008,10.595652173913043,12.213333333333331,12.032967032967031,11.40967741935484
USC00368073,2009,11.148913043478261,11.548333333333334,12.512637362637362,11.432258064516127
USC00368073,2010,13.291847826086952,13.483333333333333,13.243956043956041,13.235483870967743
USC00368073,2011,11.854347826086956,12.223333333333333,13.010989010989013,11.56290322580645
USC00368073,2012,13.876086956521737,11.503333333333334,11.882967032967034,12.456451612903226
USC00368073,2013,10.495108695652172,11.729999999999999,12.07472527472528,13.466129032258063
USC00368073,2014,9.69945652173913,10.191666666666665,12.076373626373625,13.39516129032258
USC00368073,2015,11.470108695652172,11.571666666666665,13.489010989010989,11.380645161290325
USC00368073,2016,11.279347826086957,9.79,13.955494505494503,13.527419354838708
USC00368073,2017,11.44945652173913,14.693333333333332,13.4989010989011,15.274193548387096
USC00368073,2018,10.447826086956523,9.036666666666667,12.95054945054945,13.838709677419354
USC00368073,2019,12.009239130434784,13.128333333333334,12.925274725274726,13.87741935483871
USC00368073,2020,10.523369565217392,8.975000000000001,12.837362637362638,12.220967741935485
USC00368073,2021,11.102717391304347,11.136666666666667,13.26758241758242,15.430645161290325
USC00368073,2022,10.845108695652176,9.483333333333333,12.195054945054945,10.796774193548387
USC00368073,2023,10.848369565217391,12.645,12.479120879120877,13.251612903225807
USC00368073,2024,12.452717391304349,12.159999999999997,12.915384615384617,13.06774193548387
USC00368073,2025,11.865760869565218,11.678333333333335,12.661538461538465,12.393548387096773
USC00368184,1950,6.35108695652174,5.489999999999998,9.242500000000001,
USC00368184,1951,8.025,7.106666666666667,9.607692307692309,12.417741935483868
USC00368184,1952,8.002173913043476,9.628333333333332,11.008791208791209,9.05483870967742
USC00368184,1953,9.530434782608697,7.521666666666667,12.506043956043959,12.950000000000001
USC00368184,1954,9.0,12.145000000000001,12.09010989010989,12.888709677419355
USC00368184,1955,11.17608695652174,13.14166666666667,11.199999999999998,12.806451612903222
USC00368184,1956,7.928260869565216,7.989999999999999,11.306593406593406,13.151612903225805
USC00368184,1957,9.809239130434783,10.471666666666668,11.207142857142857,10.051612903225804
USC00368184,1958,8.910326086956522,10.473333333333333,11.727472527472525,11.47258064516129
USC00368184,1959,10.079891304347827,10.350000000000001,12.240109890109888,12.745161290322581
USC00368184,1960,7.477173913043477,12.083333333333336,12.576373626373627,11.670967741935483
USC00368184,1961,8.095604395604395,6.348333333333333,13.601648351648354,13.835483870967742
USC00368184,1962,9.905434782608696,9.014999999999999,10.852747252747251,12.01774193548387
USC00368184,1963,9.615217391304348,9.766666666666667,12.7521978021978,15.203225806451611
USC00368184,1964,10.484065934065935,10.394827586206896,11.128021978021977,9.67258064516129
USC00368184,1965,8.921195652173912,8.141666666666666,11.13076923076923,9.662903225806453
USC00368184,1966,8.304891304347825,7.6850000000000005,10.580769230769231,10.079032258064517
USC00368184,1967,7.56038961038961,9.243333333333334,8.875824175824176,10.083870967741934
USC00368184,1968,8.197402597402597,11.266666666666667,10.770000000000001,10.645161290322582
USC00368184,1969,7.504347826086957,9.033333333333331,9.758333333333335,9.923333333333334
USC00368184,1970,8.140217391304347,8.911666666666665,11.857142857142858,12.05967741935484
USC00368184,1971,5.435326086956521,5.585,12.135164835164836,14.000000000000004
USC00368184,1972,7.495652173913044,6.981666666666667,9.166483516483515,7.812903225806452
USC00368184,1973,9.241847826086953,8.663333333333334,11.32967032967033,11.893548387096773
USC00368184,1974,7.7483695652173905,7.89,8.192307692307693,6.848387096774192
USC00368184,1975,5.945652173913044,3.3549999999999995,9.94945054945055,10.23709677419355
USC00368184,1976,8.677173913043479,8.569999999999999,6.592771084337349,7.333333333333333
USC00368184,1977,9.877173913043478,9.081666666666667,10.896153846153847,9.243548387096777
USC00368184,1978,6.294021739130436,7.228333333333335,9.465934065934066,7.7451612903225815
USC00368184,1979,7.895652173913043,7.654999999999999,9.341666666666665,8.05
USC00368184,1980,6.764673913043478,6.9833333333333325,8.784615384615384,7.374193548387097
USC00368184,1981,7.039130434782609,8.665,9.069230769230769,8.422580645161291
USC00368184,1982,7.777472527472527,4.878333333333332,10.03021978021978,10.429032258064515
USC00368184,1983,6.898913043478261,6.546666666666666,11.112087912087913,11.196774193548388
USC00368184,1984,5.577173913043478,8.151666666666667,10.079120879120879,12.666129032258064
USC00368184,1985,9.190217391304348,10.363333333333333,10.568131868131868,9.911290322580644
USC00368184,1986,9.257065217391304,9.598333333333333,10.165934065934065,10.43225806451613
USC00368184,1987,9.009239130434784,8.795,9.222527472527473,6.312903225806452
USC00368184,1988,7.572826086956522,6.828333333333333,8.993406593406593,6.55
USC00368184,1989,7.04782608695652,5.748333333333334,9.377472527472527,10.048387096774194
USC00368184,1990,8.133695652173913,8.465,10.791758241758242,11.09677419354839
USC00368184,1991,10.033152173913043,9.424999999999999,9.262637362637362,10.14516129032258
USC00368184,1992,6.741304347826087,7.360000000000001,8.813736263736265,7.5112903225806456
USC00368184,1993,7.116847826086956,7.513333333333334,8.685714285714285,8.351612903225806
USC00368184,1994,6.0119565217391315,8.051666666666666,9.776373626373626,9.083870967741934
USC00368184,1995,7.479891304347827,6.073333333333334,9.615384615384615,11.366129032258065
USC00368184,1996,6.758152173913044,7.296666666666667,9.523626373626373,10.116129032258064
USC00368184,1997,6.432967032967032,6.089655172413794,10.03021978021978,10.695161290322583
USC00368184,1998,10.029891304347828,8.715,11.443406593406594,10.830645161290322
USC00368184,1999,8.437499999999998,9.815000000000001,11.409340659340659,10.303225806451614
USC00368184,2000,10.071739130434782,9.184999999999999,10.724175824175823,11.91451612903226
USC00368184,2001,8.943478260869567,10.536666666666665,12.154444444444444,11.862903225806452
USC00368184,2002,8.683695652173913,9.761666666666667,11.249999999999998,9.891935483870967
USC00368184,2003,9.358695652173912,10.484999999999998,11.286263736263736,10.056451612903224
USC00368184,2004,10.478260869565217,9.546666666666669,11.90769230769231,11.233870967741932
USC00368184,2005,7.85108695652174,10.126666666666665,12.662637362637364,12.25483870967742
USC00368184,2006,9.427717391304347,10.868333333333332,11.314835164835166,10.05967741935484
USC00368184,2007,9.801648351648351,7.548333333333332,13.094505494505496,15.098387096774196
USC00368184,2008,8.335326086956522,10.496666666666668,10.77032967032967,10.003225806451612
USC00368184,2009,9.693478260869567,9.811666666666666,11.964285714285712,9.756451612903225
USC00368184,2010,11.335869565217392,11.998333333333335,11.768681318681319,11.341935483870966
USC00368184,2011,9.375555555555556,9.856666666666667,12.989506172839507,11.2875
USC00368184,2012,11.972413793103449,8.28448275862069,11.148351648351648,11.56935483870968
USC00368184,2013,9.005555555555556,9.193333333333333,11.33901098901099,13.016129032258064
USC00368184,2014,8.246703296703298,9.508333333333335,12.84,13.005555555555556
USC00368184,2016,9.071739130434782,7.676666666666666,12.072527472527474,12.093548387096773
USC00368184,2017,8.8989010989011,11.266666666666667,11.096067415730339,12.819999999999997
USC00368184,2018,7.501630434782609,5.375,10.930113636363636,10.625806451612906
USC00368184,2019,8.178571428571429,8.918965517241379,10.695054945054942,11.766129032258062
USC00368184,2021,8.354395604395604,8.355,11.318131868131868,13.70483870967742
USC00368184,2022,8.323214285714286,7.158620689655173,10.727464788732394,9.450000000000001
USC00368184,2023,9.415760869565217,10.468333333333334,10.942857142857143,11.838709677419356
USC00368184,2025,8.921249999999999,8.264583333333333,10.555,10.770967741935483
USC00368249,1894,11.725833333333334,7.924137931034483,10.18388888888889,10.724193548387097
USC00368249,1895,7.64065934065934,8.823333333333334,10.648888888888889,7.609677419354839
USC00368249,1896,8.93695652173913,10.751666666666667,10.043406593406594,7.685483870967742
USC00368249,1897,7.855434782608695,8.293333333333333,11.08956043956044,11.296774193548387
USC00368249,1898,8.940217391304346,5.7666666666666675,9.572527472527472,9.740322580645163
USC00368249,1899,8.649456521739129,8.93,10.582417582417584,11.940322580645162
USC00368249,1900,6.320652173913042,7.265,12.378021978021978,12.52258064516129
USC00368249,1901,7.760326086956521,6.891666666666667,,
USC00368249,1902,9.419565217391305,8.728333333333332,11.832967032967032,11.004838709677417
USC00368249,1903,11.004545454545456,9.442307692307692,8.987362637362638,9.990322580645161
USC00368249,1904,7.258152173913044,5.346666666666667,10.154494382022472,10.03
USC00368249,1905,8.229891304347825,7.120000000000001,9.261666666666667,10.031666666666666
USC00368249,1906,6.791847826086956,8.508333333333335,10.154945054945054,9.817741935483872
USC00368249,1907,7.1961956521739125,3.95,8.90054945054945,7.679032258064518
USC00368249,1908,9.119565217391305,8.791666666666664,11.519230769230772,11.098387096774195
USC00368249,1909,7.641304347826087,8.46,10.68901098901099,7.846774193548387
USC00368249,1910,9.697222222222223,9.601666666666665,10.290000000000001,12.41451612903226
USC00368249,1911,7.915384615384617,6.088333333333333,10.487640449438201,11.203333333333335
USC00368249,1912,8.555,9.513333333333332,11.212359550561798,11.324999999999996
USC00368249,1913,9.22777777777778,8.899999999999999,10.269444444444446,10.32
USC00368249,1914,7.382417582417582,7.233333333333334,10.422777777777778,12.367741935483869
USC00368249,1915,6.665384615384615,10.167241379310344,11.092857142857143,11.193548387096776
USC00368249,1916,6.877173913043477,7.041666666666667,9.60934065934066,9.766129032258066
USC00368249,1917,6.186413043478262,7.038333333333333,7.559659090909091,7.191071428571428
USC00368249,1918,9.552717391304345,7.251666666666666,9.483522727272728,12.441071428571428
USC00368249,1919,7.764130434782608,7.1483333333333325,9.064754098360657,13.777419354838708
USC00368249,1920,7.5885869565217385,6.986666666666666,10.785714285714286,13.02741935483871
USC00368249,1921,11.588461538461537,12.116666666666669,11.995054945054944,10.509677419354837
USC00368249,1922,9.196153846153846,9.084999999999999,11.859890109890108,11.31774193548387
USC00368249,1923,7.745108695652173,8.02,9.778021978021977,8.60483870967742
USC00368249,1927,8.513043478260869,7.2700000000000005,11.270000000000001,11.483870967741934
USC00368249,1928,6.610326086956522,6.465,9.735164835164834,11.272580645161291
USC00368249,1930,7.571195652173912,7.555000000000001,9.104395604395604,7.001612903225806
USC00368249,1931,6.56195652173913,6.783333333333332,12.259890109890106,10.943548387096776
USC00368249,1932,6.0086956521739125,6.604999999999999,9.063736263736265,9.746774193548386
USC00368249,1933,7.973369565217389,8.793333333333331,9.176373626373627,8.51774193548387
USC00368249,1934,7.082065217391305,7.54,10.432967032967033,9.451612903225804
USC00368249,1935,7.679347826086956,6.028333333333334,9.412087912087912,9.306451612903226
USC00368249,1936,7.938586956521738,5.318333333333332,9.346703296703298,9.649999999999999
USC00368249,1937,5.965760869565217,6.208333333333333,7.396666666666667,7.837096774193547
USC00368249,1938,8.71304347826087,8.856666666666667,8.267582417582418,8.259677419354839
USC00368249,1939,7.793478260869566,6.125,9.771428571428574,10.101612903225806
USC00368249,1940,5.716304347826088,5.748333333333334,8.189560439560442,8.356451612903225
USC00368249,1941,6.908695652173912,10.241666666666667,10.826923076923077,11.809677419354836
USC00368249,1942,9.469565217391303,9.85,10.064835164835166,10.449999999999998
USC00368249,1943,7.510326086956524,5.156666666666666,8.485164835164834,8.679032258064517
USC00368249,1944,8.543478260869565,7.058333333333333,9.700549450549453,9.400000000000002
USC00368249,1945,10.320652173913043,10.396666666666667,10.270329670329671,9.22741935483871
USC00368249,1946,9.59945054945055,7.551666666666666,10.871978021978022,11.103225806451613
USC00368249,1947,6.700543478260869,9.65,10.279120879120878,12.333870967741934
USC00368249,1948,9.778260869565218,10.753333333333334,10.164835164835164,8.48709677419355
USC00368249,1949,8.019021739130435,7.585,9.93901098901099,12.372580645161289
USC00368249,1950,6.933152173913043,6.168333333333334,9.486813186813187,11.304838709677417
USC00368249,1951,7.917934782608696,7.711666666666667,8.884065934065934,10.801612903225807
USC00368249,1952,7.566304347826088,8.211666666666666,9.149450549450549,7.50967741935484
USC00368249,1953,9.040760869565219,7.475,9.730555555555556,10.01774193548387
USC00368249,1954,8.574456521739132,11.809999999999999,10.417032967032965,11.319354838709675
USC00368249,1955,9.67608695652174,10.791666666666668,10.05824175824176,10.851612903225805
USC00368249,1956,7.819565217391306,7.173333333333334,10.167582417582418,11.474193548387099
USC00368249,1957,9.359782608695653,10.683333333333335,9.867582417582417,7.8838709677419345
USC00368308,2006,8.93913043478261,10.428333333333335,10.656043956043957,9.71935483870968
USC00368308,2007,8.621739130434783,7.158333333333333,12.140109890109887,14.341935483870968
USC00368308,2008,8.41358695652174,10.123333333333333,10.268681318681319,9.480645161290324
USC00368308,2009,8.770652173913042,9.168333333333333,10.956043956043958,9.556451612903228
USC00368308,2010,10.435714285714287,11.036206896551727,11.17857142857143,11.28064516129032
USC00368308,2011,9.644565217391307,10.06,11.883333333333333,10.190322580645164
USC00368308,2012,11.361413043478263,8.628333333333334,10.189560439560442,10.937096774193549
USC00368308,2013,8.075000000000001,9.511666666666667,10.120879120879119,11.451612903225808
USC00368308,2014,7.453804347826087,8.34,10.22032967032967,11.446774193548388
USC00368308,2015,8.99728260869565,9.04,12.031318681318682,9.901612903225804
USC00368308,2016,9.713186813186812,9.018965517241378,12.79835164835165,12.416129032258066
USC00368308,2017,9.34782608695652,12.950000000000001,11.784065934065934,13.52258064516129
USC00368308,2018,8.297282608695653,6.503333333333333,11.351098901098899,11.688709677419356
USC00368308,2019,9.39891304347826,10.299999999999995,11.753846153846153,12.451612903225808
USC00368308,2020,9.014673913043477,7.53,12.768681318681322,12.385483870967741
USC00368361,1997,5.502173913043478,4.98,9.061538461538461,9.754838709677422
USC00368361,1998,8.903804347826087,7.995,10.884615384615385,10.638709677419351
USC00368361,1999,7.065760869565218,8.405,10.835164835164836,9.411290322580646
USC00368361,2000,8.530434782608696,6.998333333333335,9.914285714285715,10.825806451612902
USC00368361,2001,7.219565217391306,8.393333333333334,11.126373626373628,10.732258064516131
USC00368361,2002,6.834239130434782,8.43,10.13901098901099,9.269354838709676
USC00368361,2003,9.790983606557377,7.438333333333334,10.470329670329669,8.791935483870969
USC00368361,2004,9.112499999999999,7.533333333333333,11.15054945054945,10.554838709677421
USC00368361,2005,5.752173913043479,8.121666666666666,11.446153846153845,10.941935483870969
USC00368361,2006,7.5804347826086955,8.63,10.114285714285714,8.633870967741935
USC00368361,2007,7.498913043478262,5.861666666666667,11.860989010989012,14.119354838709677
USC00368361,2008,6.5445652173913045,9.981666666666666,9.678021978021976,8.81290322580645
USC00368361,2009,7.696739130434783,8.11,10.503846153846155,8.516129032258064
USC00368361,2010,8.88641304347826,9.896666666666667,10.38901098901099,10.490322580645163
USC00368361,2011,7.395555555555556,7.65,11.74945054945055,10.35161290322581
USC00368361,2012,10.435326086956522,6.346666666666667,9.741758241758241,10.425806451612903
USC00368361,2013,7.237499999999999,7.55,9.66098901098901,11.009677419354839
USC00368361,2014,5.5885869565217385,7.480000000000001,9.4,10.501612903225807
USC00368361,2015,6.938586956521739,7.4366666666666665,11.837362637362636,9.870967741935482
USC00368361,2016,7.8489130434782615,5.905,12.08901098901099,12.075806451612902
USC00368361,2017,8.119565217391303,10.758333333333333,11.169230769230767,13.030645161290321
USC00368361,2018,6.283152173913044,4.011666666666667,10.39175824175824,10.522580645161293
USC00368361,2019,7.1407608695652165,8.280000000000001,10.415384615384616,11.601612903225808
USC00368361,2020,7.476086956521739,5.461666666666667,11.051648351648351,10.312903225806451
USC00368361,2021,8.30271739130435,8.628333333333334,11.926923076923076,14.537096774193548
USC00368361,2022,8.230434782608697,7.098333333333334,11.080219780219778,9.980645161290324
USC00368361,2023,7.367391304347826,9.046666666666669,10.997252747252746,12.161290322580646
USC00368361,2024,9.855434782608697,9.583333333333332,12.297802197802199,11.470967741935484
USC00368361,2025,8.752717391304348,8.440000000000001,10.474725274725275,10.890322580645162
USC00368379,1936,13.311111111111112,10.508928571428573,14.101685393258427,15.044827586206896
USC00368379,1937,11.970108695652174,11.956666666666667,13.767415730337081,13.325806451612902
USC00368379,1938,13.055978260869562,13.721666666666668,13.930769230769231,13.99516129032258
USC00368379,1939,12.576630434782608,10.74,14.110989010989007,14.64032258064516
USC00368379,1940,10.13586956521739,9.413333333333334,12.644444444444444,11.837096774193547
USC00368379,1941,10.668478260869565,12.598333333333334,12.577840909090908,14.132142857142854
USC00368379,1942,10.32717391304348,10.809999999999999,10.620329670329669,10.558064516129031
USC00368379,1943,8.490217391304347,6.966666666666668,9.993333333333334,10.093333333333334
USC00368379,1944,9.803260869565218,8.926666666666668,11.059340659340661,10.383870967741936
USC00368379,1945,11.623913043478264,11.23,11.72032967032967,10.488709677419358
USC00368379,1946,11.352747252747255,10.338333333333335,12.837777777777779,12.979999999999999
USC00368379,1947,9.470108695652174,10.868333333333332,11.951098901098904,13.714516129032257
USC00368395,1917,7.457608695652173,8.660000000000002,7.478571428571428,6.837096774193549
USC00368395,1918,10.26304347826087,7.941666666666667,9.706593406593406,11.887096774193548
USC00368395,1919,8.457608695652175,7.965,11.354945054945057,13.558064516129033
USC00368395,1920,7.094021739130435,6.356666666666667,10.406593406593405,11.71774193548387
USC00368395,1921,11.282608695652174,11.504999999999999,11.459340659340656,9.911290322580644
USC00368395,1923,8.008695652173913,8.436666666666667,9.998901098901099,9.667741935483871
USC00368395,1924,5.350543478260869,6.566666666666667,8.904395604395605,10.65
USC00368395,1925,8.190760869565217,9.974999999999998,8.22032967032967,5.04516129032258
USC00368395,1926,4.2124999999999995,3.4949999999999997,8.4725,
USC00368395,1928,6.276630434782609,5.273333333333335,9.413736263736263,10.840322580645163
USC00368395,1929,8.608152173913043,8.930000000000001,9.04065934065934,8.361290322580645
USC00368395,1930,6.140217391304348,5.991666666666666,7.994505494505495,6.559677419354838
USC00368395,1931,5.788586956521739,6.413333333333333,11.365555555555556,9.746774193548386
USC00368395,1934,7.31043956043956,6.9816666666666665,10.619230769230768,10.127419354838713
USC00368395,1938,8.996739130434785,8.835,10.453296703296703,11.109677419354838
USC00368395,1939,7.302717391304348,5.401666666666667,9.471978021978023,9.54193548387097
USC00368395,1940,5.108695652173913,5.161666666666667,8.15989010989011,8.412903225806453
USC00368395,1941,6.872826086956521,10.140000000000002,10.743956043956043,11.682258064516132
USC00368395,1942,8.673369565217392,9.128333333333332,9.537912087912089,10.362903225806454
USC00368395,1943,6.190760869565217,4.133333333333334,7.697802197802199,7.885483870967741
USC00368395,1944,7.636956521739131,6.203333333333335,9.087362637362636,9.16451612903226
USC00368395,1946,8.603260869565217,6.81,10.423626373626373,10.82258064516129
USC00368395,1947,5.770224719101123,8.321428571428571,9.858241758241757,12.598387096774198
USC00368395,1948,8.596153846153847,9.388333333333337,9.43956043956044,7.761290322580646
USC00368395,1949,7.004347826086956,6.688333333333334,8.932967032967031,11.885483870967745
USC00368395,1950,5.697826086956521,4.918333333333333,8.581318681318681,10.403225806451609
USC00368395,1951,7.061956521739131,7.025000000000001,8.131318681318682,10.338709677419352
USC00368395,1952,6.514130434782607,7.34,8.717032967032969,7.053225806451613
USC00368395,1953,7.984239130434782,6.355,9.725555555555555,10.551612903225806
USC00368395,1954,7.358695652173913,10.736666666666668,9.267582417582418,10.199999999999998
USC00368395,1955,8.877717391304346,10.043333333333331,8.960112359550562,10.114999999999998
USC00368395,1956,6.115384615384615,5.700000000000001,8.757692307692308,10.38548387096774
USC00368395,1957,7.978804347826087,9.226666666666667,8.798876404494383,6.7693548387096785
USC00368400,1992,7.897802197802197,8.433333333333334,10.192857142857143,9.412903225806453
USC00368400,1993,8.335326086956522,8.764999999999999,10.37191011235955,9.719354838709675
USC00368400,1994,8.37554347826087,10.695000000000002,12.85,12.185483870967744
USC00368400,1995,9.964673913043478,9.101666666666665,11.435714285714287,13.793548387096774
USC00368400,1996,7.9913043478260875,9.325,10.771978021978022,11.269354838709678
USC00368400,1997,8.035869565217393,7.883333333333334,11.218681318681318,11.77096774193548
USC00368400,1998,11.516304347826084,11.366666666666667,13.041758241758242,12.72741935483871
USC00368400,1999,9.562087912087911,10.081034482758621,12.987912087912086,11.469354838709679
USC00368400,2000,10.93695652173913,9.303333333333335,11.907142857142857,12.75483870967742
USC00368400,2001,9.434782608695652,10.121666666666668,12.944505494505496,12.669354838709676
USC00368400,2002,10.240760869565218,11.593333333333332,12.003296703296705,10.97903225806452
USC00368400,2003,8.692391304347826,8.475,12.676923076923076,11.138709677419355
USC00368400,2004,11.245652173913046,10.138333333333332,12.526373626373628,11.199999999999998
USC00368400,2005,8.97445652173913,11.591666666666665,13.747252747252746,12.838709677419354
USC00368400,2006,10.546195652173914,11.328333333333335,12.147802197802198,11.025806451612903
USC00368400,2008,9.482608695652173,11.249999999999998,11.67252747252747,10.980645161290324
USC00368400,2010,12.493478260869562,12.961666666666666,13.156043956043959,12.772580645161291
USC00368400,2011,10.4875,10.803333333333335,13.4978021978022,12.651612903225805
USC00368400,2012,12.561538461538463,10.655000000000001,12.171978021978026,12.825806451612904
USC00368400,2013,9.61358695652174,10.273333333333335,12.14120879120879,13.654838709677419
USC00368400,2014,8.839130434782609,9.885,12.273626373626374,13.556451612903226
USC00368400,2015,10.204395604395605,10.511666666666667,13.976923076923075,11.893548387096775
USC00368400,2016,10.897826086956522,9.853333333333332,13.497802197802198,12.65
USC00368400,2017,9.828260869565216,12.76,13.32142857142857,15.022580645161293
USC00368400,2018,9.065217391304346,7.623333333333333,11.539010989010988,11.935483870967744
USC00368400,2019,10.031521739130435,11.684999999999999,11.823076923076922,12.65
USC00368400,2020,9.388043478260869,8.0,12.792307692307691,12.082258064516127
USC00368400,2021,10.183152173913044,10.415000000000001,13.146153846153846,14.777419354838706
USC00368400,2022,9.580434782608695,9.003333333333332,11.81868131868132,10.643548387096775
USC00368400,2023,9.781521739130435,11.633333333333333,11.97087912087912,13.406451612903227
USC00368400,2024,10.625543478260868,10.166666666666668,12.913736263736265,13.42258064516129
USC00368449,1893,7.600543478260869,8.145,9.900617283950618,10.556451612903226
USC00368449,1894,9.804347826086955,8.176666666666668,10.531666666666666,10.932258064516128
USC00368449,1895,8.137078651685394,8.887931034482758,10.067261904761903,8.193548387096776
USC00368449,1896,9.12445652173913,11.151666666666669,10.695402298850574,8.408064516129032
USC00368449,1897,8.83695652173913,8.838333333333333,11.292307692307691,12.059677419354843
USC00368449,1898,9.735869565217394,7.1433333333333335,10.872527472527475,10.951612903225802
USC00368449,1899,9.234239130434782,10.495,10.916483516483517,12.299999999999999
USC00368449,1900,8.228804347826085,9.60833333333333,13.253296703296703,14.232258064516131
USC00368449,1901,8.351630434782608,7.970000000000001,9.725274725274724,10.748387096774193
USC00368449,1902,9.109782608695653,8.186666666666667,11.584615384615384,10.862903225806452
USC00368449,1903,10.564130434782609,8.711666666666668,9.963736263736266,11.253225806451612
USC00368449,1904,7.333695652173913,5.673333333333333,10.212222222222222,10.063333333333334
USC00368449,1905,8.605434782608697,7.565,10.080898876404493,10.334482758620691
USC00368449,1906,7.819230769230769,9.673333333333334,10.93611111111111,9.790000000000001
USC00368449,1907,7.546153846153847,5.321666666666667,9.607142857142858,8.11774193548387
USC00368449,1908,9.270108695652173,8.973333333333333,11.159090909090908,11.501612903225809
USC00368449,1909,7.505978260869565,7.993333333333333,10.415384615384616,8.145161290322582
USC00368449,1910,10.37445652173913,10.713333333333336,10.580219780219782,12.224193548387097
USC00368449,1911,9.287222222222221,7.856666666666668,10.207142857142856,10.564516129032256
USC00368449,1912,8.679347826086955,10.080000000000002,12.160439560439562,11.914516129032258
USC00368449,1913,10.127173913043478,10.195,11.037777777777778,11.68709677419355
USC00368449,1914,8.069021739130436,7.58,11.65824175824176,13.958064516129031
USC00368449,1915,8.216847826086957,12.201666666666666,11.585714285714287,12.28709677419355
USC00368449,1916,7.235326086956522,8.088333333333333,10.431868131868132,10.56935483870968
USC00368449,1917,7.024456521739131,8.093333333333335,8.00989010989011,7.1467741935483895
USC00368449,1918,10.305434782608696,8.038333333333332,10.265384615384615,12.469354838709675
USC00368449,1919,8.665760869565217,8.358333333333333,11.381868131868131,12.903225806451612
USC00368449,1920,7.371195652173914,6.206666666666666,11.270879120879123,13.443548387096772
USC00368449,1921,11.210869565217392,11.973333333333333,11.345604395604393,10.433870967741935
USC00368449,1922,9.419021739130434,9.028333333333334,11.553846153846152,11.622580645161293
USC00368449,1923,7.511413043478262,7.833333333333333,9.817032967032967,9.211290322580645
USC00368449,1924,6.387500000000001,6.856666666666667,9.467032967032965,10.412903225806451
USC00368449,1925,8.547802197802197,9.720689655172412,9.778021978021979,6.759677419354839
USC00368449,1926,7.491304347826087,6.801666666666665,10.673626373626375,10.995161290322581
USC00368449,1927,9.231521739130436,8.233333333333333,12.56868131868132,12.562903225806451
USC00368449,1928,7.69945652173913,6.753333333333334,11.08021978021978,12.427419354838712
USC00368449,1929,10.296739130434782,10.646666666666668,10.695604395604397,9.725806451612902
USC00368449,1930,9.02608695652174,8.445,11.697252747252746,10.101612903225806
USC00368449,1931,8.414130434782608,8.495000000000001,13.672527472527474,12.420967741935483
USC00368449,1932,7.3255434782608715,7.37,10.706593406593408,11.301612903225807
USC00368449,1933,9.456521739130435,10.246666666666664,10.535714285714286,10.21290322580645
USC00368449,1934,9.180434782608696,9.190000000000001,11.482777777777779,10.356451612903227
USC00368449,1935,8.846703296703296,8.079310344827586,11.098351648351649,11.241935483870968
USC00368449,1936,9.586413043478261,6.8566666666666665,10.870329670329669,11.15967741935484
USC00368449,1937,8.216304347826087,8.0,9.543956043956044,9.262903225806452
USC00368449,1938,9.77391304347826,9.928333333333333,11.1478021978022,11.867741935483874
USC00368449,1939,9.201086956521738,7.676666666666666,11.01978021978022,11.279032258064515
USC00368449,1940,6.694565217391304,6.528333333333333,9.835555555555556,9.47
USC00368449,1941,9.519021739130435,12.921666666666669,12.524175824175824,13.306451612903226
USC00368449,1942,10.841847826086957,11.833333333333336,11.594505494505494,12.4
USC00368449,1943,8.170652173913044,5.508333333333334,10.035555555555556,9.900000000000002
USC00368449,1944,9.271195652173914,7.576666666666668,10.904945054945054,10.274193548387096
USC00368449,1945,11.53967391304348,11.708333333333334,11.363186813186811,10.619354838709677
USC00368449,1946,11.177717391304347,9.768333333333333,12.458241758241762,13.053225806451614
USC00368449,1947,8.11098901098901,9.583333333333334,11.904395604395608,15.032258064516132
USC00368449,1948,10.130434782608694,10.645,11.706043956043958,9.917741935483871
USC00368449,1949,9.720652173913043,9.276666666666667,11.399999999999999,14.043548387096775
USC00368449,1950,7.245652173913045,6.454999999999999,10.813186813186814,12.48225806451613
USC00368449,1951,9.330978260869566,9.181666666666667,10.53901098901099,12.341935483870968
USC00368449,1952,8.835869565217392,10.343333333333334,10.852197802197804,9.311290322580646
USC00368449,1953,9.572826086956521,8.125,12.217222222222222,12.6
USC00368449,1954,9.242934782608694,11.755,11.752197802197802,12.798387096774194
USC00368449,1955,10.736413043478262,11.668333333333335,10.501098901098903,11.851612903225805
USC00368449,1956,7.722826086956521,7.798333333333333,10.852197802197804,12.214516129032255
USC00368449,1957,9.965217391304348,10.598333333333333,10.669230769230769,9.550000000000004
USC00368449,1958,8.601086956521739,10.115,10.992857142857144,10.47258064516129
USC00368449,1959,9.41032608695652,9.941666666666666,11.615384615384615,11.864516129032259
USC00368449,1960,7.466304347826087,12.006666666666666,11.415384615384616,10.280645161290325
USC00368449,1961,7.273913043478261,5.961666666666668,12.52857142857143,12.1741935483871
USC00368449,1962,9.459782608695653,8.895,9.596153846153847,11.02258064516129
USC00368449,1963,8.969021739130435,9.381666666666666,11.923076923076923,14.093548387096776
USC00368449,1964,9.41141304347826,7.848333333333333,11.076373626373625,9.404838709677419
USC00368449,1965,8.100000000000001,7.215000000000001,10.693406593406594,9.306451612903226
USC00368449,1966,7.7945652173913045,6.771666666666666,9.842857142857142,9.437096774193547
USC00368449,1967,7.455978260869566,9.59,9.349450549450548,10.088709677419352
USC00368449,1968,9.321739130434782,11.185,11.504945054945052,11.583870967741932
USC00368449,1969,9.332608695652173,10.615,10.72307692307692,10.675806451612903
USC00368449,1970,8.845108695652176,9.436666666666667,12.50274725274725,12.783870967741935
USC00368449,1971,7.263586956521739,7.723333333333334,12.475824175824176,13.999999999999998
USC00368449,1972,8.259782608695653,7.7566666666666695,9.697802197802197,8.240322580645161
USC00368449,1973,9.441304347826087,9.06,12.049450549450547,12.500000000000002
USC00368449,1976,8.979375,8.889583333333334,8.64065934065934,8.187096774193549
USC00368449,1977,10.340506329113923,9.902083333333334,11.401098901098901,9.953225806451615
USC00368449,1978,7.89888888888889,7.931666666666666,11.011764705882351,9.658064516129032
USC00368449,1979,8.729268292682928,8.56346153846154,11.571978021978026,10.719354838709675
USC00368449,1980,8.508988764044943,9.374999999999998,10.183516483516485,8.966129032258063
USC00368449,1981,9.273369565217392,10.788333333333332,9.60879120879121,8.637096774193546
USC00368449,1982,8.13913043478261,6.786666666666665,11.052197802197805,10.530645161290325
USC00368449,1983,7.791847826086957,7.021666666666666,10.861538461538462,10.545161290322582
USC00368449,1984,6.196739130434781,7.676666666666667,10.476373626373627,13.246774193548388
USC00368449,1985,9.660869565217393,10.558333333333334,11.547802197802197,10.975806451612904
USC00368449,1986,9.816847826086956,10.086666666666666,10.292857142857143,11.082258064516125
USC00368449,1987,9.89945652173913,9.980000000000002,9.682417582417582,7.654838709677419
USC00368449,1988,8.290760869565217,8.063333333333334,9.12032967032967,7.672580645161289
USC00368449,1989,7.389130434782608,7.0683333333333325,10.718131868131866,11.211290322580645
USC00368449,1990,9.241304347826087,9.784999999999998,11.884615384615387,12.491935483870968
USC00368449,1991,10.816304347826087,9.853333333333333,10.350549450549451,11.180645161290322
USC00368449,1992,7.796739130434781,8.583333333333336,9.573076923076924,8.230645161290322
USC00368449,1993,8.332065217391305,9.035000000000002,9.892857142857142,9.296774193548389
USC00368449,1994,8.1125,10.916666666666666,10.776373626373626,9.337096774193546
USC00368449,1995,8.648913043478261,7.408333333333333,10.097252747252748,12.398387096774194
USC00368449,1996,7.22717391304348,8.906666666666665,9.674725274725276,10.332258064516129
USC00368449,1997,7.710869565217393,7.843333333333333,9.976923076923079,10.59032258064516
USC00368449,1998,10.768478260869566,10.646666666666667,12.193956043956044,11.69516129032258
USC00368449,1999,9.385326086956523,10.16333333333333,11.578571428571427,9.87741935483871
USC00368449,2000,7.550819672131147,9.223333333333333,10.687912087912087,11.966129032258065
USC00368449,2001,8.620108695652174,9.640000000000002,11.885164835164835,11.291935483870965
USC00368449,2002,9.330434782608695,10.673333333333336,11.175274725274724,9.929032258064517
USC00368449,2003,8.85,9.278333333333334,11.275824175824177,9.81774193548387
USC00368449,2004,10.829891304347827,9.555000000000001,11.933516483516485,10.516129032258064
USC00368449,2005,7.98586956521739,10.643333333333333,12.45659340659341,11.596774193548386
USC00368449,2006,9.832608695652175,11.460000000000003,10.82252747252747,9.980645161290322
USC00368449,2007,9.650543478260868,7.818333333333333,12.735714285714284,15.09354838709677
USC00368449,2008,8.953260869565218,11.700000000000001,10.921978021978022,10.129032258064516
USC00368449,2009,9.852717391304347,10.181666666666667,11.24945054945055,9.65967741935484
USC00368449,2010,11.817934782608695,12.444999999999997,11.754945054945052,11.787096774193548
USC00368449,2011,9.958695652173912,9.866666666666665,12.112637362637363,10.396774193548387
USC00368449,2012,12.23804347826087,9.411666666666667,10.802197802197803,11.879032258064518
USC00368449,2013,8.86630434782609,9.821666666666665,10.697252747252746,12.304838709677423
USC00368449,2014,8.16304347826087,9.476666666666667,10.681868131868134,12.13548387096774
USC00368449,2015,9.371739130434783,9.533333333333333,12.754945054945056,10.730645161290322
USC00368449,2016,10.187500000000002,9.268333333333334,12.73901098901099,12.246774193548386
USC00368449,2017,9.683152173913042,12.741666666666667,11.887362637362637,13.793548387096775
USC00368449,2018,8.766847826086956,6.7316666666666665,11.219230769230768,11.740322580645161
USC00368449,2019,9.61032608695652,10.333333333333336,11.302197802197803,12.187096774193549
USC00368449,2020,9.311413043478263,8.073333333333332,12.245054945054948,11.930645161290322
USC00368449,2021,10.241847826086953,10.75,12.963736263736264,15.198387096774194
USC00368449,2022,10.142934782608695,8.928333333333333,11.864285714285716,10.66774193548387
USC00368449,2023,9.9125,11.891666666666667,12.010439560439558,12.877419354838707
USC00368449,2024,11.395108695652175,10.816666666666668,12.387362637362637,12.029032258064515
USC00368449,2025,10.670108695652175,10.781666666666665,11.752747252747255,11.630645161290321
USC00368469,1970,7.65978260869565,8.243333333333334,11.957142857142856,12.069354838709678
USC00368469,1971,5.996195652173912,6.191666666666664,12.336666666666666,13.729032258064516
USC00368469,1972,6.970652173913044,6.405,12.249180327868851,7.835483870967743
USC00368469,1973,8.696195652173913,8.796666666666669,14.385245901639342,11.812903225806451
USC00368469,1974,7.217032967032967,7.411666666666666,9.292307692307693,7.943548387096774
USC00368469,1975,7.089130434782609,4.614999999999999,11.087362637362636,11.837096774193546
USC00368469,1976,8.525543478260872,9.253333333333334,7.652777777777778,7.275806451612904
USC00368469,1977,9.951086956521738,9.546666666666669,10.854945054945055,9.338709677419356
USC00368469,1978,10.225409836065573,6.891666666666667,10.39175824175824,9.272580645161288
USC00368469,1979,8.189673913043478,7.720000000000001,11.118681318681316,10.495161290322583
USC00368469,1980,7.6961538461538455,8.264999999999999,9.621428571428572,8.759677419354837
USC00368469,1981,8.033152173913043,9.435,9.432967032967033,8.582258064516129
USC00368469,1982,7.727717391304347,6.29,11.064285714285715,10.709677419354838
USC00368469,1983,7.372826086956523,6.623333333333333,11.8510989010989,11.609677419354837
USC00368469,1984,5.98641304347826,8.005,11.004444444444443,13.991935483870966
USC00368469,1985,9.324444444444444,10.233333333333333,11.817032967032969,11.116129032258064
USC00368469,1986,9.357692307692307,9.482758620689653,10.618333333333334,11.256451612903227
USC00368469,1987,9.286290322580646,,9.865934065934065,8.337096774193549
USC00368469,1988,8.379891304347826,7.985,9.536516853932584,7.864516129032257
USC00368469,1989,6.991860465116279,6.8050000000000015,10.211538461538462,10.675806451612903
USC00368469,1990,8.542391304347825,9.479999999999999,11.267222222222221,11.941935483870967
USC00368469,1991,10.330978260869568,9.203333333333335,9.935,10.78
USC00368469,1992,7.414673913043478,7.928333333333333,9.436363636363637,8.264999999999999
USC00368469,1993,7.457692307692309,8.517241379310343,9.76043956043956,9.196774193548388
USC00368469,1994,6.989673913043478,9.293333333333333,7.363186813186814,6.250000000000001
USC00368469,1995,4.823369565217392,3.6016666666666666,10.108241758241759,12.404838709677419
USC00368469,1996,6.5701086956521735,7.706666666666667,9.646703296703299,10.303225806451616
USC00368469,1997,6.455978260869564,6.366666666666666,9.765384615384615,10.374193548387098
USC00368469,1999,8.281521739130435,8.461666666666668,11.481868131868131,9.66451612903226
USC00368469,2000,9.589130434782607,8.111666666666666,10.265934065934067,10.898387096774192
USC00368469,2001,7.998369565217391,9.156666666666666,11.232967032967034,10.458064516129028
USC00368469,2002,7.924456521739131,9.463333333333335,10.673076923076923,9.529032258064516
USC00368469,2003,7.843478260869565,8.063333333333334,10.65274725274725,8.808064516129033
USC00368469,2004,9.771264367816093,8.75,11.6478021978022,10.81451612903226
USC00368469,2005,7.117934782608696,9.506666666666668,12.848901098901099,11.751612903225805
USC00368469,2006,8.821195652173914,10.118333333333334,11.422527472527474,10.506451612903225
USC00368469,2007,7.915217391304348,6.670000000000001,12.618333333333332,14.943333333333333
USC00368469,2008,7.755434782608697,10.700000000000001,10.330555555555556,9.418333333333331
USC00368469,2009,8.806521739130435,8.780000000000001,10.935,9.409677419354841
USC00368469,2010,10.705494505494505,11.145000000000001,10.901648351648351,10.311290322580646
USC00368469,2011,8.839130434782607,8.18,11.723626373626375,10.07258064516129
USC00368469,2012,11.575543478260867,8.371666666666666,10.573626373626373,11.770967741935484
USC00368469,2013,7.736413043478261,8.181666666666665,10.176923076923076,11.759677419354837
USC00368469,2014,6.228260869565218,7.3533333333333335,9.967032967032965,11.508064516129034
USC00368469,2015,7.380978260869565,7.796666666666667,11.474175824175823,9.633870967741936
USC00368469,2016,8.35,7.009999999999999,10.707142857142857,10.964516129032257
USC00368469,2017,8.094565217391304,10.639999999999997,10.565934065934064,12.159677419354843
USC00368469,2018,7.05163043478261,5.046666666666667,9.961538461538462,10.059677419354841
USC00368469,2019,7.630434782608697,8.303333333333335,9.884065934065935,10.95806451612903
USC00368469,2020,7.246739130434783,5.571666666666667,10.491758241758241,9.845161290322581
USC00368469,2021,8.85054347826087,9.278333333333334,11.934444444444447,14.209677419354838
USC00368469,2022,8.657608695652176,7.678333333333333,10.663186813186813,9.55483870967742
USC00368469,2023,8.314130434782609,10.31166666666667,11.117582417582417,12.01774193548387
USC00368469,2024,10.309239130434785,9.208333333333334,11.726373626373626,11.248387096774195
USC00368469,2025,9.358152173913044,9.358333333333333,10.945054945054947,11.051612903225807
USC00368560,1962,7.9842391304347835,7.3549999999999995,8.773076923076925,10.283870967741935
USC00368560,1963,7.669021739130434,8.055,9.643333333333334,
USC00368560,1964,8.240760869565218,7.873333333333334,9.600549450549451,7.693548387096773
USC00368560,1965,7.430978260869564,6.825000000000001,9.963186813186814,8.146774193548387
USC00368560,1966,6.528021978021978,5.920689655172414,7.76098901098901,6.779032258064516
USC00368560,1967,5.947826086956521,8.041666666666668,7.151123595505618,7.674193548387096
USC00368560,1968,6.5179347826086955,7.833333333333333,9.247252747252746,8.91129032258065
USC00368560,1969,7.32608695652174,9.091666666666667,8.688068181818181,8.496428571428572
USC00368560,1970,7.950555555555555,9.870689655172415,11.192307692307692,10.933870967741937
USC00368560,1971,5.772471910112359,6.432142857142858,11.306043956043956,12.85
USC00368560,1972,7.008152173913042,6.683333333333334,8.368681318681318,6.772580645161291
USC00368560,1973,8.444565217391306,7.611666666666667,10.617582417582419,11.022580645161293
USC00368560,1974,7.8211956521739125,7.965,8.726373626373627,7.709677419354838
USC00368560,1975,6.570108695652174,4.206666666666666,10.362087912087912,11.172580645161293
USC00368560,1976,8.6125,8.925,6.7082417582417575,6.545161290322579
USC00368560,1977,9.851630434782608,9.655,9.746703296703297,8.111290322580643
USC00368560,1978,6.0978260869565215,7.0249999999999995,9.901648351648351,7.92741935483871
USC00368560,1979,7.692391304347825,7.331666666666667,9.725824175824176,8.529032258064516
USC00368560,1980,6.8336956521739145,7.328333333333333,8.712087912087911,7.459677419354839
USC00368560,1981,6.422282608695652,8.783333333333333,7.876666666666665,6.893548387096775
USC00368560,1982,7.196703296703298,5.0,10.154395604395605,9.779032258064516
USC00368560,1983,7.327717391304349,7.528333333333334,9.314285714285713,9.324193548387097
USC00368560,1984,5.817934782608695,7.466666666666667,9.016483516483515,12.18548387096774
USC00368560,1985,9.282608695652174,10.075,11.228571428571428,10.461290322580645
USC00368560,1986,8.382065217391304,8.373333333333333,9.062637362637362,9.237096774193551
USC00368560,1987,7.6315217391304335,6.836666666666668,8.264835164835166,5.7709677419354835
USC00368560,1988,7.0260869565217385,6.463333333333333,6.56978021978022,4.693548387096776
USC00368560,1989,6.789130434782609,6.126666666666666,9.206043956043958,10.137096774193546
USC00368560,1990,8.302717391304347,8.215,10.23021978021978,10.517741935483873
USC00368560,1991,9.951086956521738,10.143333333333333,10.318131868131868,10.996774193548388
USC00368596,1911,8.708152173913044,7.741666666666666,10.374725274725273,10.425806451612903
USC00368596,1912,9.121739130434781,9.526666666666664,11.39010989010989,11.816129032258065
USC00368596,1913,10.717934782608696,11.30166666666667,11.95769230769231,12.806451612903226
USC00368596,1914,8.680978260869564,8.43,10.36923076923077,12.424193548387098
USC00368596,1915,8.572282608695653,11.985000000000003,11.465384615384615,11.530645161290321
USC00368596,1916,7.4625,8.518333333333333,10.561538461538461,10.919354838709678
USC00368596,1917,7.553260869565217,9.118333333333334,8.858791208791208,8.837096774193549
USC00368596,1918,10.846739130434784,9.488333333333335,11.05879120879121,12.820967741935485
USC00368596,1919,9.88804347826087,9.13,11.835714285714287,13.4758064516129
USC00368596,1921,15.725555555555555,18.896551724137932,11.657058823529413,11.288333333333332
USC00368596,1927,8.944021739130434,8.6,11.92784090909091,11.967741935483875
USC00368596,1928,7.344021739130436,7.088333333333332,10.609890109890111,11.166129032258066
USC00368596,1929,9.428977272727272,9.770000000000001,10.65,9.03709677419355
USC00368596,1930,7.814130434782609,6.94,10.961538461538462,9.172580645161291
USC00368596,1931,8.143406593406592,8.190000000000001,13.68626373626374,12.4
USC00368596,1932,7.703296703296702,7.353448275862069,10.792857142857143,11.63225806451613
USC00368596,1933,8.33695652173913,8.858333333333336,8.964285714285715,8.50967741935484
USC00368596,1934,7.710439560439561,8.193333333333333,11.685714285714285,10.022580645161288
USC00368596,1935,8.103260869565217,7.495000000000001,11.463736263736262,10.55322580645161
USC00368596,1936,9.700000000000001,,10.359890109890111,10.691935483870969
USC00368596,1937,7.935326086956521,8.406666666666666,10.468681318681318,9.922580645161291
USC00368596,1938,9.873913043478261,11.330000000000002,12.452747252747253,13.198387096774196
USC00368596,1939,9.251630434782607,7.5566666666666675,15.436885245901642,13.091935483870966
USC00368596,1942,10.450000000000003,10.248333333333335,11.092857142857145,11.070967741935485
USC00368596,1943,9.08858695652174,7.096666666666668,11.201648351648352,11.579032258064515
USC00368596,1944,9.802173913043477,8.044999999999998,11.797802197802197,11.462903225806452
USC00368596,1945,12.01304347826087,12.413333333333332,12.485164835164834,11.141935483870968
USC00368596,1946,11.41304347826087,10.395000000000001,13.596153846153847,14.29193548387097
USC00368596,1947,9.177717391304348,10.473333333333331,12.65111111111111,14.571666666666665
USC00368596,1948,7.5491803278688545,11.573333333333334,9.94262295081967,11.275806451612901
USC00368596,1950,7.578804347826087,7.561666666666667,11.876000000000001,14.640000000000002
USC00368596,1951,9.378804347826087,9.506666666666666,10.517032967032966,12.211290322580645
USC00368596,1952,8.733695652173912,10.40833333333333,10.595555555555555,8.795161290322584
USC00368596,1953,10.248913043478261,9.441666666666665,11.712637362637361,12.064516129032256
USC00368596,1954,9.314835164835165,11.030000000000001,11.785714285714286,15.071052631578945
USC00368596,1955,10.11098901098901,10.62241379310345,11.092441860465119,12.317741935483873
USC00368596,1956,5.642391304347826,6.071666666666667,9.458241758241757,10.248387096774195
USC00368596,1957,8.709782608695653,9.77,9.976373626373626,8.767741935483869
USC00368596,1958,7.927173913043478,9.155000000000001,9.758241758241759,9.290322580645162
USC00368596,1959,8.917934782608697,9.121666666666668,11.604395604395604,11.887096774193546
USC00368596,1960,7.052717391304347,10.983333333333333,10.673076923076922,10.020967741935483
USC00368596,1961,7.17608695652174,6.361666666666667,12.251648351648353,11.543548387096775
USC00368596,1962,8.76467391304348,8.49,8.831868131868132,10.006451612903225
USC00368596,1963,8.234782608695653,8.635,11.028571428571427,12.370967741935482
USC00368596,1964,8.24945652173913,7.008333333333334,9.925274725274724,8.306451612903226
USC00368596,1965,7.802717391304348,6.655000000000002,9.718131868131866,8.66451612903226
USC00368596,1966,8.317934782608695,7.553333333333333,10.87967032967033,10.42741935483871
USC00368596,1967,7.817934782608695,9.986666666666668,10.286263736263736,11.27741935483871
USC00368596,1968,9.95054347826087,11.024999999999999,11.933516483516481,12.169354838709678
USC00368596,1969,6.648333333333334,10.825,11.263736263736261,10.903225806451614
USC00368596,1970,9.164673913043478,9.416666666666666,12.757142857142858,12.558064516129031
USC00368596,1971,8.310869565217391,8.583333333333334,12.942857142857143,14.491935483870966
USC00368596,1972,8.716847826086957,7.628333333333333,10.447802197802197,9.13548387096774
USC00368596,1973,8.804918032786885,10.441666666666665,12.344505494505494,12.412903225806451
USC00368596,1974,10.486413043478262,11.653333333333334,10.747802197802198,9.23709677419355
USC00368596,1975,9.659782608695652,7.336666666666665,12.462087912087911,13.404838709677419
USC00368596,1976,10.662777777777778,11.414999999999997,9.549999999999999,9.356451612903225
USC00368596,1977,11.68913043478261,11.018333333333336,11.819230769230769,10.458064516129031
USC00368596,1978,8.426612903225807,,11.084065934065933,10.666129032258064
USC00368596,1979,10.63967391304348,9.233333333333336,12.143956043956045,10.804838709677417
USC00368596,1980,9.83370786516854,10.65,11.196703296703296,10.42741935483871
USC00368596,1981,10.266304347826088,11.610000000000001,11.09010989010989,9.524193548387098
USC00368596,1982,9.388043478260869,8.695,12.284065934065936,11.919354838709678
USC00368596,1983,9.892934782608695,9.666666666666666,12.160989010989011,11.725806451612904
USC00368596,1984,8.183152173913044,9.306666666666668,12.07087912087912,14.167741935483873
USC00368596,1985,11.454347826086956,11.796666666666665,12.808241758241754,12.145161290322578
USC00368596,1986,10.790760869565217,10.031666666666666,11.33901098901099,12.254838709677422
USC00368596,1987,11.065760869565219,11.145000000000001,11.109890109890111,9.298387096774194
USC00368596,1988,10.068478260869567,9.378333333333334,10.437362637362638,8.508064516129032
USC00368596,1989,9.58858695652174,9.0,12.011538461538459,12.503225806451614
USC00368596,1990,10.654347826086957,10.768333333333334,12.91923076923077,14.088709677419356
USC00368596,1991,12.204347826086956,11.808333333333334,11.912637362637362,11.945161290322579
USC00368596,1992,9.120108695652174,9.375000000000002,10.754395604395604,9.525806451612901
USC00368596,1995,10.202717391304347,9.55,11.294505494505493,13.379032258064514
USC00368596,1996,9.048913043478262,10.218333333333335,11.097802197802196,11.595161290322583
USC00368596,1999,8.908695652173913,9.203333333333335,12.19230769230769,9.991935483870968
USC00368596,2000,10.747282608695652,9.638333333333334,10.53131868131868,10.772580645161291
USC00368596,2001,9.002173913043478,9.723333333333333,12.166483516483517,11.885483870967741
USC00368596,2002,9.710326086956524,11.316666666666663,11.273626373626374,10.40322580645161
USC00368596,2003,8.546666666666665,8.453333333333335,11.68,9.97258064516129
USC00368596,2004,10.529347826086957,9.56,11.80111111111111,10.388333333333334
USC00368596,2005,7.888461538461539,10.291666666666668,12.817032967032969,11.862903225806452
USC00368596,2006,9.621739130434783,10.703333333333335,12.955833333333336,10.301612903225806
USC00368596,2007,8.625824175824176,8.101666666666667,12.778571428571427,15.237096774193548
USC00368596,2008,8.241304347826087,10.563333333333334,11.142372881355932,
USC00368596,2009,10.172282608695653,10.843333333333334,11.253846153846155,9.882258064516128
USC00368596,2010,11.770652173913048,11.68166666666667,11.715384615384615,11.204838709677418
USC00368596,2011,10.259782608695653,10.723333333333333,12.225274725274724,10.856451612903227
USC00368596,2012,12.42663043478261,10.026666666666667,10.979670329670329,11.811290322580644
USC00368596,2013,9.084239130434783,9.569999999999999,10.618681318681318,12.051612903225806
USC00368596,2014,8.445652173913045,9.324999999999998,11.063186813186814,12.2
USC00368596,2015,9.395108695652173,9.819999999999999,12.607692307692307,10.51290322580645
USC00368596,2016,10.580434782608696,9.333333333333334,12.323626373626372,11.467741935483874
USC00368596,2017,9.536956521739132,12.498333333333333,12.246703296703295,13.962903225806453
USC00368596,2018,8.966847826086957,7.2799999999999985,11.354395604395602,11.449999999999998
USC00368596,2019,10.019021739130435,11.471666666666668,11.316483516483515,12.525806451612901
USC00368596,2020,9.442391304347828,7.873333333333334,11.886263736263738,11.433870967741935
USC00368596,2021,9.845652173913043,10.038333333333332,12.140659340659342,14.448387096774194
USC00368596,2022,9.85217391304348,8.993333333333334,11.236263736263735,10.229032258064517
USC00368596,2023,9.651630434782609,11.614999999999998,11.646153846153847,12.898387096774195
USC00368596,2024,11.13967391304348,10.515000000000002,12.083516483516485,12.080645161290326
USC00368596,2025,10.425,10.465,11.475824175824176,11.293548387096775
USC00368668,1958,9.541304347826086,11.023333333333335,11.58956043956044,11.050000000000002
USC00368668,1959,10.407065217391304,10.729999999999999,12.481318681318681,13.277419354838706
USC00368668,1960,8.36413043478261,12.503333333333334,11.853296703296701,11.180645161290323
USC00368668,1961,8.553804347826086,7.89,13.120879120879124,12.185483870967742
USC00368668,1962,9.920652173913044,9.553333333333335,10.014285714285714,11.503225806451612
USC00368668,1963,9.020108695652173,9.673333333333336,11.485164835164834,12.720967741935484
USC00368668,1964,9.241304347826086,8.088333333333333,10.714835164835165,9.24193548387097
USC00368668,1966,8.23076923076923,7.584999999999999,10.414606741573033,9.826666666666666
USC00368668,1967,7.601123595505618,9.663333333333332,9.791573033707866,10.530645161290325
USC00368668,1969,9.148369565217392,9.979999999999999,10.78956043956044,10.106451612903228
USC00368668,1970,8.82717391304348,9.053333333333335,12.777472527472527,12.679032258064515
USC00368668,1971,7.6875,8.055,12.791758241758242,14.151612903225804
USC00368668,1972,8.140760869565218,7.466666666666667,10.073076923076924,8.40967741935484
USC00368668,1973,9.916847826086956,10.078333333333335,12.163186813186812,12.203225806451613
USC00368668,1974,9.442391304347826,10.020000000000001,10.58021978021978,9.001612903225807
USC00368668,1975,8.615760869565218,6.605,12.101111111111111,12.772580645161291
USC00368668,2006,9.227717391304347,10.013333333333337,10.567582417582416,9.675806451612905
USC00368668,2007,8.300543478260868,7.236666666666666,12.193956043956042,14.520967741935483
USC00368668,2008,8.248913043478261,10.598333333333333,10.286931818181818,9.160714285714283
USC00368668,2009,9.206521739130435,9.678333333333333,10.830769230769231,9.149999999999999
USC00368668,2010,11.3989010989011,11.726666666666667,11.232967032967032,11.09354838709677
USC00368668,2011,9.584782608695654,9.716666666666669,11.756593406593408,10.391935483870967
USC00368668,2012,12.459782608695651,10.13833333333333,11.068131868131868,11.898387096774194
USC00368668,2013,9.316304347826089,10.278333333333332,10.967032967032969,12.579032258064514
USC00368668,2014,8.020108695652173,9.238333333333333,11.10934065934066,12.145161290322577
USC00368668,2015,9.277173913043478,9.381666666666666,12.846153846153843,10.63709677419355
USC00368668,2016,9.982065217391304,8.843333333333334,12.73076923076923,12.80967741935484
USC00368668,2017,9.707065217391303,12.805,12.291758241758242,14.269354838709678
USC00368668,2018,8.876086956521739,7.12,11.64010989010989,12.098387096774193
USC00368668,2019,9.845108695652174,10.906666666666666,11.397252747252745,12.28709677419355
USC00368668,2020,9.495652173913044,8.07,12.071428571428571,11.47903225806452
USC00368668,2021,10.214130434782607,10.434999999999999,12.604395604395604,14.416129032258066
USC00368668,2022,10.109239130434782,9.104999999999999,11.403846153846153,9.841935483870966
USC00368668,2023,9.579891304347825,11.495,11.713186813186812,12.546774193548389
USC00368668,2024,11.27282608695652,10.566666666666665,12.207142857142859,11.548387096774194
USC00368668,2025,10.51467391304348,10.791666666666666,11.859340659340658,11.611290322580647
USC00368868,1984,4.6375,6.661666666666666,9.860344827586209,12.12741935483871
USC00368868,1986,8.988202247191012,8.12241379310345,8.892222222222223,9.735000000000001
USC00368868,1987,8.194021739130436,8.293333333333335,8.62888888888889,6.973333333333333
USC00368868,1988,7.23804347826087,6.388333333333332,8.254069767441859,6.690322580645161
USC00368868,1989,5.931521739130434,5.796666666666668,9.314835164835166,9.916129032258066
USC00368868,1990,7.554347826086955,8.215,9.923076923076925,10.477419354838709
USC00368868,1991,9.519021739130435,9.149999999999999,9.487931034482758,9.831034482758621
USC00368868,1992,5.769565217391304,6.021666666666666,8.11868131868132,6.65483870967742
USC00368868,2008,6.630434782608695,9.62,9.425274725274724,8.670967741935485
USC00368868,2009,7.8159340659340675,8.528333333333334,9.842777777777778,8.311290322580644
USC00368868,2010,9.562637362637362,10.243333333333332,10.040659340659342,9.745161290322581
USC00368868,2011,7.449999999999998,7.641666666666667,11.13846153846154,9.548387096774196
USC00368868,2012,10.27445652173913,6.8583333333333325,9.629670329670331,10.70161290322581
USC00368868,2013,6.97608695652174,7.146666666666666,9.65989010989011,11.630645161290323
USC00368868,2014,5.892391304347826,6.846666666666667,9.540109890109889,11.014516129032259
USC00368868,2015,6.617934782608696,6.556666666666667,11.4489010989011,9.43225806451613
USC00368868,2016,7.710326086956523,5.823333333333333,11.024175824175824,10.659677419354837
USC00368868,2017,7.4923913043478265,10.45,10.80054945054945,12.466129032258062
USC00368868,2018,6.647826086956522,4.166666666666667,9.716483516483517,9.688709677419357
USC00368868,2019,6.82663043478261,7.906666666666666,9.767032967032968,11.138709677419355
USC00368868,2020,7.281521739130435,5.256666666666667,10.642857142857142,10.280645161290321
USC00368868,2021,7.439130434782607,7.484999999999999,11.071428571428571,13.382258064516128
USC00368868,2022,7.669565217391304,6.881666666666666,10.066483516483515,8.793548387096774
USC00368868,2023,7.451630434782608,9.320000000000002,10.267032967032966,11.601612903225806
USC00368868,2024,9.126086956521737,8.238333333333335,10.759340659340658,10.279032258064516
USC00368868,2025,8.13611111111111,7.828333333333333,9.921978021978022,10.083870967741932
USC00368873,1922,10.973148148148148,6.858333333333334,,9.95483870967742
USC00368873,1944,8.405681818181819,6.2,9.439204545454546,8.685483870967742
USC00368873,1945,9.05054945054945,9.498333333333335,10.24494382022472,8.929032258064517
USC00368873,1946,8.82391304347826,7.191666666666666,11.516477272727274,11.620967741935482
USC00368873,1947,6.464285714285715,7.679310344827587,10.461184210526316,13.723809523809523
USC00368873,1948,7.447260273972603,,10.296666666666667,8.911290322580646
USC00368873,1949,7.030978260869564,6.403333333333334,9.405494505494506,12.064516129032258
USC00368873,1950,5.129891304347826,4.5,8.90406976744186,11.329032258064517
USC00368873,1951,7.615760869565217,6.781666666666666,8.996703296703297,11.329032258064515
USC00368873,1952,6.733152173913043,8.49,9.475581395348836,7.241935483870968
USC00368873,1953,7.947282608695653,6.175,10.923295454545455,10.95
USC00368873,1954,7.070652173913045,9.276666666666667,11.53956043956044,13.156451612903222
USC00368873,1955,9.020108695652173,10.731666666666666,9.688461538461539,10.775806451612903
USC00368873,1956,5.5616666666666665,5.7716666666666665,9.981868131868131,11.112903225806452
USC00368873,1957,7.920108695652172,8.555,9.525274725274725,8.719354838709675
USC00368873,1958,6.985326086956522,8.57,9.85824175824176,9.541935483870969
USC00368873,1959,7.5652173913043494,7.883333333333332,10.809340659340661,10.800000000000002
USC00368873,1960,4.9798913043478255,9.201666666666664,10.751098901098903,9.36290322580645
USC00368873,1961,6.078571428571427,4.646666666666666,11.446703296703298,11.43225806451613
USC00368873,1962,7.621739130434782,6.485,8.837912087912086,10.07258064516129
USC00368873,1963,6.954347826086955,7.038333333333332,10.59175824175824,12.47258064516129
USC00368873,1964,7.967934782608697,7.546666666666667,9.59120879120879,8.345161290322578
USC00368873,1965,6.737499999999999,5.745000000000001,9.892857142857142,8.443548387096774
USC00368873,1966,6.38641304347826,6.1866666666666665,11.17950819672131,7.941935483870966
USC00368873,1967,5.4217391304347835,7.626666666666665,7.884444444444446,8.62741935483871
USC00368873,1968,6.579891304347826,8.383333333333333,9.86923076923077,9.917741935483873
USC00368873,1969,6.148369565217391,7.641666666666667,8.420879120879121,8.191935483870969
USC00368873,1970,6.279891304347826,6.921666666666667,11.460989010989012,11.551612903225806
USC00368873,1971,5.048913043478261,5.483333333333333,11.1225,
USC00368873,1972,6.3836956521739125,5.918333333333333,8.91923076923077,7.6096774193548375
USC00368873,1973,8.283695652173913,8.198333333333334,11.420879120879118,12.030645161290325
USC00368873,1974,6.785326086956523,6.950000000000001,9.015384615384617,7.682258064516129
USC00368873,1975,6.367934782608697,3.9516666666666667,10.632417582417581,11.256451612903223
USC00368873,1976,8.248369565217391,8.488333333333333,7.286813186813187,7.433870967741934
USC00368873,1977,9.389130434782608,8.585,10.614606741573034,9.018333333333333
USC00368873,1978,6.356521739130434,6.99,10.093333333333334,8.433870967741935
USC00368873,1979,7.56304347826087,7.040000000000001,10.411538461538461,9.546774193548389
USC00368873,1980,6.844444444444444,7.353571428571428,8.764285714285714,7.572580645161291
USC00368873,1981,7.308152173913044,8.951666666666666,8.62967032967033,7.720967741935484
USC00368873,1982,6.885714285714286,4.653448275862069,10.739560439560439,10.837096774193546
USC00368873,1983,7.002717391304348,6.463333333333333,10.213736263736264,10.343548387096773
USC00368873,1984,5.0885869565217385,7.418333333333335,10.257692307692308,13.056451612903226
USC00368873,1985,8.595108695652174,9.62,10.937912087912089,9.906451612903224
USC00368873,1986,7.919565217391304,8.566666666666668,6.901612903225807,10.366129032258065
USC00368873,1992,6.940217391304348,7.631666666666669,9.686813186813186,8.243548387096773
USC00368873,1994,6.534239130434782,8.860000000000001,10.502747252747254,9.643548387096772
USC00368873,1995,7.988043478260869,6.628333333333334,9.64010989010989,11.94677419354839
USC00368873,1996,6.260326086956519,7.1499999999999995,9.508791208791209,10.196774193548388
USC00368873,1997,5.844565217391303,5.1433333333333335,9.433516483516485,10.308064516129035
USC00368873,1998,9.621195652173911,8.891666666666667,11.538888888888886,11.241666666666669
USC00368873,1999,8.004891304347826,9.138333333333334,11.132417582417581,9.908064516129032
USC00368873,2000,9.648369565217392,8.48,9.17142857142857,10.020967741935486
USC00368873,2001,6.080645161290323,,10.234065934065933,9.648387096774194
USC00368873,2002,5.994444444444445,7.2267857142857155,10.138333333333334,9.29193548387097
USC00368873,2003,7.497282608695652,8.203333333333333,10.135164835164836,8.193548387096774
USC00368873,2004,8.73695652173913,7.400000000000001,10.906593406593405,10.172580645161291
USC00368873,2005,5.7576923076923086,8.148275862068964,11.175274725274724,10.674193548387098
USC00368873,2006,7.598369565217389,9.331666666666667,9.105,7.196774193548387
USC00368873,2007,5.8744047619047635,5.451724137931034,11.518681318681317,13.48064516129032
USC00368873,2008,6.466847826086957,9.353333333333332,9.467045454545454,8.855172413793104
USC00368873,2009,8.29111111111111,7.753448275862068,10.279120879120878,8.598387096774195
USC00368873,2010,9.8478021978022,10.059999999999999,11.68131868131868,11.474193548387099
USC00368873,2011,9.611797752808991,8.907142857142857,13.401704545454544,12.118333333333334
USC00368873,2012,13.36279069767442,9.633333333333335,12.26208791208791,13.075806451612902
USC00368873,2013,9.971739130434782,10.586666666666666,11.453296703296706,12.970967741935487
USC00368873,2014,8.227777777777778,9.37241379310345,11.083333333333334,12.060344827586206
USC00368873,2015,8.315697674418606,9.08448275862069,12.332967032967035,10.29516129032258
USC00368873,2016,9.515,7.7625,12.951685393258428,12.66551724137931
USC00368873,2017,9.791847826086956,12.02166666666667,12.257471264367817,14.32
USC00368873,2018,8.794827586206894,6.741071428571429,12.025000000000004,11.783333333333333
USC00368873,2019,9.100602409638556,10.226785714285713,11.405294117647058,12.810714285714285
USC00368873,2020,8.645180722891569,7.584482758620689,11.539375,10.793548387096774
USC00368873,2021,8.937912087912089,9.393103448275859,12.139010989010993,14.409677419354841
USC00368873,2022,8.802247191011237,7.829999999999999,10.90054945054945,9.653225806451612
USC00368873,2023,8.570652173913043,10.645000000000001,11.049431818181818,12.237096774193548
USC00368873,2024,10.523076923076925,10.118333333333334,12.270329670329671,11.4
USC00368873,2025,8.326136363636364,8.098275862068967,11.387640449438202,11.756666666666664
USC00368888,1955,9.65,11.561666666666666,9.44888888888889,10.798387096774192
USC00368888,1956,5.754891304347827,5.933333333333334,9.24010989010989,10.695161290322579
USC00368888,1957,8.309239130434783,9.09,9.593888888888888,8.658064516129034
USC00368888,1958,7.4,8.563333333333334,10.17032967032967,9.746774193548388
USC00368888,1959,8.280978260869563,8.475,10.289010989010988,10.770967741935484
USC00368888,1960,5.567934782608695,9.9,10.12857142857143,8.698387096774193
USC00368888,1961,5.305978260869565,4.1033333333333335,10.18131868131868,10.098387096774195
USC00368888,1962,6.436413043478261,5.6033333333333335,7.4423076923076925,8.991935483870966
USC00368888,1963,5.555978260869566,5.823333333333333,10.475274725274726,12.067741935483872
USC00368888,1964,8.245108695652174,8.229999999999999,9.332417582417584,7.717741935483871
USC00368888,1965,6.284239130434782,5.323333333333335,8.877472527472527,7.462903225806452
USC00368888,1966,5.596739130434782,5.628333333333333,7.79120879120879,6.803225806451614
USC00368888,1967,4.997282608695652,7.063333333333334,7.3708791208791204,8.27258064516129
USC00368888,1968,6.399431818181818,7.638461538461538,9.801648351648351,9.582258064516129
USC00368888,1969,6.2250000000000005,7.92,8.454945054945055,8.28225806451613
USC00368888,1970,6.353260869565218,7.044999999999999,11.269780219780221,11.46935483870968
USC00368888,1971,4.9206521739130435,5.021666666666666,11.363736263736266,12.980645161290322
USC00368888,1972,6.02608695652174,5.383333333333334,8.241208791208793,6.953225806451614
USC00368888,1973,8.225,7.873333333333334,10.57087912087912,11.09354838709677
USC00368888,1974,6.478260869565216,7.02,7.696666666666667,
USC00368888,1975,5.566847826086956,3.1016666666666666,9.497252747252746,10.053225806451614
USC00368888,1976,5.731147540983609,7.325,5.6060439560439566,5.870967741935486
USC00368888,1978,9.470491803278689,6.283333333333334,9.193956043956044,7.482258064516129
USC00368888,1979,6.967934782608695,6.438333333333333,9.691758241758242,9.138709677419351
USC00368888,1980,6.344021739130436,6.593333333333334,8.200000000000001,6.982258064516129
USC00368888,1981,6.613586956521738,8.053333333333335,8.136813186813185,7.225806451612901
USC00368888,1982,6.511413043478259,4.566666666666666,9.934615384615386,9.777419354838708
USC00368888,1983,6.882065217391304,6.455000000000001,9.862087912087912,9.729032258064517
USC00368888,1984,4.609239130434783,6.823333333333335,9.587912087912086,12.46935483870968
USC00368888,1985,8.64891304347826,9.841666666666667,11.131868131868131,9.94838709677419
USC00368888,1986,8.303260869565218,8.693333333333332,9.824175824175825,10.646774193548383
USC00368888,1987,8.266483516483515,8.766666666666667,8.971978021978023,6.645161290322582
USC00368888,1988,7.090217391304349,6.895,8.785714285714286,6.785483870967742
USC00368888,1989,6.272282608695652,4.955,9.242307692307692,9.404838709677419
USC00368888,1990,7.3907608695652165,7.853333333333333,10.716483516483517,11.170967741935483
USC00368888,1991,10.004891304347826,8.883333333333333,9.805494505494504,11.230645161290322
USC00368888,1992,6.3690217391304325,6.97,8.82857142857143,7.735483870967744
USC00368888,1993,6.584239130434782,7.461666666666669,8.88076923076923,8.324193548387097
USC00368888,1994,5.717391304347826,7.928333333333332,9.717222222222222,8.775
USC00368888,1995,6.6673913043478255,4.768333333333333,9.406593406593409,11.829032258064515
USC00368888,1996,5.7054347826086955,6.878333333333333,8.744505494505495,9.691935483870969
USC00368888,1997,5.310326086956521,4.425000000000001,8.21111111111111,9.018333333333333
USC00368888,1998,7.658152173913044,6.126666666666667,10.274175824175826,9.969354838709679
USC00368888,1999,6.679347826086956,7.284999999999999,10.163736263736261,8.791935483870967
USC00368888,2000,8.568478260869567,7.48,9.212637362637363,10.246774193548386
USC00368888,2001,7.11086956521739,8.386666666666667,10.541208791208792,10.012903225806452
USC00368888,2002,6.7782608695652184,8.25,10.001098901098901,9.20483870967742
USC00368888,2003,7.384239130434783,7.819999999999999,9.854395604395604,7.849999999999999
USC00368888,2004,8.565760869565217,7.1883333333333335,10.55824175824176,10.02741935483871
USC00368888,2005,5.72391304347826,8.338333333333333,11.042307692307693,10.817741935483868
USC00368888,2006,7.434782608695652,8.72,9.522527472527475,8.064516129032258
USC00368888,2007,6.782608695652174,5.405000000000001,11.075274725274726,13.187096774193545
USC00368888,2008,6.219565217391305,9.479999999999999,9.096153846153845,8.425806451612905
USC00368888,2009,8.190217391304346,8.451666666666666,10.032967032967031,7.896774193548387
USC00368888,2010,9.090217391304348,9.610000000000003,9.396703296703295,9.079032258064515
USC00368888,2011,6.440760869565217,6.473333333333334,10.417032967032965,9.150000000000002
USC00368888,2012,11.258064516129032,,9.384615384615383,10.151612903225807
USC00368888,2013,7.7239130434782615,9.190000000000001,9.651098901098903,10.933870967741935
USC00368888,2014,6.246739130434785,8.128333333333332,9.130555555555556,9.818333333333335
USC00368888,2015,4.151630434782609,4.201666666666666,11.875274725274728,10.077419354838709
USC00368888,2016,8.509782608695653,6.75,11.750549450549448,11.61290322580645
USC00368888,2017,8.005232558139536,10.385185185185184,10.847222222222223,12.438709677419354
USC00368888,2018,6.591304347826087,4.458333333333333,10.004395604395604,9.762903225806452
USC00368888,2019,7.413043478260871,8.138333333333334,9.581868131868132,10.453225806451613
USC00368888,2020,7.271195652173913,5.771666666666666,10.17197802197802,9.561290322580646
USC00368888,2021,7.626923076923077,7.720689655172415,11.056593406593406,13.399999999999999
USC00368888,2022,7.730434782608698,6.6016666666666675,9.612637362637363,8.354838709677418
USC00368888,2023,7.16195652173913,8.518333333333333,10.062087912087913,11.130645161290321
USC00368888,2024,9.365760869565218,8.776666666666667,10.942307692307692,10.029032258064515
USC00368888,2025,8.440760869565219,8.29,9.635714285714286,9.848387096774191
USC00368905,1895,7.3625,8.246666666666666,10.246703296703297,7.253225806451613
USC00368905,1896,8.378804347826087,10.541666666666668,10.494505494505495,8.070967741935485
USC00368905,1897,8.354347826086956,8.84,10.772527472527473,10.993548387096775
USC00368905,1898,8.966304347826085,6.576666666666667,10.752197802197802,11.275806451612905
USC00368905,1899,8.486413043478262,9.361666666666666,10.286813186813186,11.704838709677423
USC00368905,1900,7.055434782608696,8.328333333333335,12.690109890109893,13.603225806451617
USC00368905,1901,7.659782608695651,7.813333333333334,9.273626373626373,10.058064516129035
USC00368905,1902,9.05,8.620000000000001,11.221428571428572,10.679032258064517
USC00368905,1903,9.833695652173914,7.745000000000001,9.663186813186813,10.987096774193551
USC00368905,1904,7.375000000000001,6.091666666666667,9.057142857142859,9.0
USC00368905,1905,7.978804347826087,7.566666666666667,10.091208791208793,10.490322580645163
USC00368905,1906,6.482065217391306,7.896666666666666,10.702747252747251,10.345161290322583
USC00368905,1907,6.552717391304347,4.903333333333334,9.51978021978022,7.975806451612904
USC00368905,1908,8.610326086956523,7.988333333333333,11.132967032967032,11.325806451612904
USC00368905,1909,7.438586956521739,7.796666666666666,10.532967032967033,8.548387096774196
USC00368905,1910,9.79565217391304,10.398333333333333,10.54065934065934,12.195161290322583
USC00368905,1911,8.159239130434782,6.864999999999999,9.925824175824175,10.172580645161291
USC00368905,1912,7.6875,8.656666666666666,11.504395604395606,11.338709677419356
USC00368905,1913,9.190760869565219,9.729999999999999,11.431868131868132,11.688709677419356
USC00368905,1914,7.44945652173913,7.0150000000000015,10.387912087912087,12.433870967741937
USC00368905,1915,7.128260869565217,10.879999999999999,11.286263736263736,10.833870967741932
USC00368905,1916,6.446739130434783,7.8,10.318131868131868,10.217741935483868
USC00368905,1917,6.528804347826087,7.843333333333334,7.765934065934065,7.6403225806451625
USC00368905,1918,9.520652173913042,7.645000000000001,10.379120879120878,12.16774193548387
USC00368905,1919,8.145108695652175,7.471666666666666,11.383516483516482,12.541935483870969
USC00368905,1920,7.102717391304348,6.721666666666667,11.447802197802195,13.65
USC00368905,1921,11.17771739130435,12.033333333333331,11.401648351648351,10.351612903225805
USC00368905,1922,9.04945652173913,8.805000000000001,11.463186813186814,11.474193548387099
USC00368905,1923,7.094021739130433,7.745000000000001,10.23791208791209,9.656451612903224
USC00368905,1924,6.316304347826088,6.3549999999999995,9.516483516483516,9.914516129032261
USC00368905,1925,7.9603260869565196,8.708333333333334,9.281318681318682,6.574193548387097
USC00368905,1926,5.61195652173913,5.1916666666666655,9.871428571428572,9.120967741935484
USC00368905,1927,7.797252747252747,6.8483333333333345,11.84725274725275,12.038709677419352
USC00368905,1928,7.0086956521739125,7.096666666666666,10.506593406593407,11.274193548387093
USC00368905,1929,9.045652173913043,9.205000000000002,10.493406593406595,9.003225806451614
USC00368905,1930,7.829891304347825,7.153333333333334,11.035164835164835,9.311290322580646
USC00368905,1931,7.961956521739132,7.961666666666667,13.101648351648352,11.580645161290322
USC00368905,1932,6.700000000000001,6.746666666666668,10.630769230769232,11.903225806451612
USC00368905,1933,9.291847826086956,9.646666666666667,9.966483516483516,9.632258064516128
USC00368905,1934,8.134239130434782,8.376666666666667,11.564444444444446,9.640322580645162
USC00368905,1935,7.180978260869565,6.790000000000001,10.452197802197801,10.496774193548386
USC00368905,1936,9.195652173913043,6.944999999999999,10.465384615384616,10.996774193548388
USC00368905,1937,7.163043478260869,7.373333333333333,9.84725274725275,9.722580645161292
USC00368905,1938,9.441304347826087,9.576666666666666,10.614835164835165,11.488709677419354
USC00368905,1939,8.429891304347827,7.421666666666668,10.63076923076923,10.81451612903226
USC00368905,1940,6.3619565217391285,6.040000000000002,9.366483516483516,8.406451612903224
USC00368905,1941,8.082608695652175,11.490000000000002,12.377472527472529,12.820967741935481
USC00368905,1942,10.457065217391303,10.966666666666669,11.419780219780218,11.848387096774193
USC00368905,1943,7.560869565217393,5.233333333333333,9.781868131868132,9.951612903225806
USC00368905,1944,8.420652173913044,6.775,10.747252747252746,9.619354838709675
USC00368905,1945,10.705978260869568,10.931666666666665,11.33846153846154,10.35806451612903
USC00368905,1946,9.834239130434783,8.24,12.494505494505493,13.091935483870968
USC00368905,1947,7.758695652173913,8.395,11.659890109890112,14.051612903225811
USC00368905,1948,9.01304347826087,10.253333333333332,11.634065934065937,9.798387096774194
USC00368905,1949,9.18695652173913,8.826666666666666,10.263736263736263,12.78225806451613
USC00368905,1950,6.244565217391305,6.103333333333334,10.728571428571428,11.71774193548387
USC00368905,1951,8.680434782608696,8.83,10.092857142857143,12.022580645161291
USC00368905,1952,8.428804347826086,10.468333333333332,10.493956043956045,8.580645161290322
USC00368905,1953,9.170108695652173,7.948333333333333,11.319230769230769,11.274193548387098
USC00368905,1954,8.757608695652173,10.711666666666668,11.494505494505495,12.869354838709677
USC00368905,1955,9.997282608695652,10.791666666666666,10.764835164835166,12.275806451612905
USC00368905,1956,6.6125,7.138333333333333,10.377472527472527,10.78064516129032
USC00368905,1957,8.677173913043477,9.903333333333334,10.495054945054944,9.353225806451613
USC00368905,1958,7.829891304347826,9.048333333333334,10.567032967032969,10.064516129032258
USC00368905,1959,8.734239130434782,8.83,8.241129032258065,12.225806451612904
USC00368905,1960,7.120652173913044,10.991666666666667,10.878571428571426,9.608064516129033
USC00368905,1961,7.221195652173913,6.378333333333333,12.252747252747254,11.967741935483868
USC00368905,1962,8.701630434782608,8.425,9.226373626373627,11.15322580645161
USC00368905,1963,8.203296703296704,8.425862068965518,11.448901098901098,12.658064516129034
USC00368905,1964,8.73586956521739,7.701666666666666,10.661538461538463,9.225806451612906
USC00368905,1965,7.78967391304348,6.465000000000002,10.281460674157303,9.20967741935484
USC00368905,1966,7.246739130434783,6.739999999999999,9.90879120879121,9.161290322580644
USC00368905,1967,6.571195652173913,8.716666666666667,9.50934065934066,10.453225806451615
USC00368905,1968,8.69836956521739,10.665,11.175274725274727,11.53548387096774
USC00368905,1969,8.418478260869565,9.421666666666665,10.485164835164836,10.283870967741938
USC00368905,1970,8.343478260869563,9.026666666666667,12.173626373626373,12.50483870967742
USC00368905,1971,7.061413043478261,6.975,12.413186813186815,13.945161290322579
USC00368905,1972,7.597282608695653,6.458333333333334,9.511538461538462,8.266129032258064
USC00368905,1973,9.441304347826087,9.366666666666669,11.566483516483515,12.075806451612904
USC00368905,1974,9.183695652173913,10.623333333333333,9.646153846153847,8.779032258064515
USC00368905,1975,8.091847826086957,5.576666666666667,11.943956043956044,12.63548387096774
USC00368905,1976,9.434239130434783,9.823333333333334,8.493956043956043,8.379032258064516
USC00368905,1977,10.319565217391304,9.946666666666669,11.2,9.459677419354838
USC00368905,1978,7.567391304347827,7.695000000000002,10.6010989010989,10.098387096774195
USC00368905,1979,9.50054347826087,8.121666666666668,11.732967032967034,11.166129032258066
USC00368905,1980,8.8125,9.443333333333333,10.351648351648352,9.540322580645162
USC00368905,1981,9.13586956521739,10.814999999999998,9.996703296703297,8.85483870967742
USC00368905,1982,8.319565217391304,7.216666666666667,11.18956043956044,10.53225806451613
USC00368905,1983,8.113586956521738,7.470000000000001,11.190659340659339,10.94032258064516
USC00368905,1984,6.669565217391304,7.928333333333333,10.675824175824175,12.737096774193551
USC00368905,1986,9.48532608695652,9.22,9.484615384615383,10.298387096774194
USC00368905,1987,9.135326086956521,9.98333333333333,9.613736263736262,7.95483870967742
USC00368905,1988,8.064130434782607,7.495,9.396153846153846,8.091935483870968
USC00368905,1989,7.034782608695653,6.198333333333332,10.4,10.798387096774194
USC00368905,1990,8.569565217391304,9.278333333333334,11.148351648351648,11.806451612903226
USC00368905,1991,10.263043478260869,9.728333333333333,10.334065934065935,11.053225806451612
USC00368905,1992,6.972826086956521,7.588333333333333,8.865697674418602,7.856451612903226
USC00368905,1993,7.129347826086956,7.971666666666667,9.472527472527473,9.059677419354838
USC00368905,1994,7.064130434782609,9.285,10.657142857142855,9.361290322580647
USC00368905,1995,7.543888888888888,6.446666666666667,9.837078651685394,12.293103448275861
USC00368905,1996,6.354347826086956,7.538333333333336,9.77197802197802,10.290322580645162
USC00368905,1997,6.659239130434782,6.42,9.451098901098902,9.912903225806453
USC00368905,1998,10.011413043478258,9.280000000000001,11.346153846153847,11.18548387096774
USC00368905,1999,7.889130434782608,8.075,11.19120879120879,9.193548387096776
USC00368905,2000,9.517391304347825,8.181666666666667,7.025409836065574,10.45
USC00368905,2001,7.804891304347826,8.443333333333333,11.18314606741573,10.929310344827586
USC00368905,2002,7.954891304347826,9.310000000000002,10.276373626373628,9.359677419354838
USC00368905,2004,10.200000000000003,8.499999999999998,11.504945054945052,10.398387096774192
USC00368905,2005,6.74945652173913,9.008333333333333,11.678571428571429,10.811290322580644
USC00368905,2006,8.391304347826086,9.231666666666664,10.117582417582419,8.895161290322582
USC00368905,2007,6.994021739130434,5.959999999999999,11.673626373626373,13.759677419354837
USC00368905,2008,7.398913043478262,10.033333333333333,9.78021978021978,8.746774193548388
USC00368905,2009,8.529891304347826,8.963333333333333,10.337912087912088,8.911290322580644
USC00368905,2010,10.265760869565218,10.588333333333333,10.506043956043955,10.233870967741936
USC00368905,2011,8.440217391304348,8.67,11.791208791208792,10.530645161290325
USC00368905,2012,10.882608695652175,7.580000000000001,10.304395604395603,11.451612903225804
USC00368905,2013,7.5826086956521745,7.843333333333333,10.089010989010989,12.170967741935485
USC00368905,2014,6.61195652173913,7.426666666666667,10.184615384615384,11.411290322580646
USC00368905,2015,7.694565217391303,7.494999999999999,11.98846153846154,9.861290322580645
USC00368905,2016,8.75108695652174,7.0,11.761538461538466,11.156451612903227
USC00368905,2017,8.671195652173912,11.531666666666668,11.715384615384615,13.208064516129031
USC00368905,2019,8.593478260869565,9.726666666666665,10.695604395604397,11.69516129032258
USC00368905,2020,8.3125,6.485000000000001,11.519780219780221,11.43225806451613
USC00368905,2021,9.081521739130435,9.068333333333333,12.161538461538463,14.32741935483871
USC00368905,2022,8.728260869565217,8.184999999999999,10.198901098901102,9.012903225806452
USC00369050,1895,9.64375,10.770000000000003,12.183516483516485,8.77096774193548
USC00369050,1896,10.978260869565217,13.264999999999999,12.514835164835164,10.316129032258063
USC00369050,1897,11.158695652173913,10.046666666666665,11.790000000000001,12.391999999999998
USC00369050,1898,11.397282608695651,8.345,12.350000000000001,12.167741935483873
USC00369050,1899,11.065217391304348,11.543333333333333,12.929670329670332,13.861290322580643
USC00369050,1900,9.278260869565216,9.879999999999997,13.826623376623381,15.356451612903228
USC00369050,1902,11.574175824175825,9.544827586206896,14.571428571428575,14.024193548387094
USC00369050,1903,13.722826086956525,11.616666666666669,11.615934065934065,12.833870967741936
USC00369050,1904,10.207608695652175,8.264999999999999,12.134065934065935,12.22741935483871
USC00369050,1905,13.450000000000001,10.113333333333333,12.161538461538463,12.596774193548386
USC00369050,1906,9.994565217391303,11.26666666666667,12.869230769230771,12.2
USC00369050,1907,9.894565217391303,7.1899999999999995,11.294505494505492,9.598387096774195
USC00369050,1908,12.095054945054946,11.585000000000003,13.225274725274724,13.91451612903226
USC00369050,1909,10.271195652173912,11.188333333333334,12.427472527472526,9.966129032258065
USC00369050,1910,11.630434782608695,11.336666666666671,12.58956043956044,14.791935483870965
USC00369050,1911,10.890555555555554,9.384482758620688,12.357142857142858,12.674193548387098
USC00369050,1912,11.615217391304347,12.65,13.243181818181819,13.181666666666668
USC00369050,1913,11.561666666666666,11.123214285714283,13.707142857142856,14.38225806451613
USC00369050,1916,10.328260869565218,10.06833333333333,13.392857142857142,13.696774193548388
USC00369050,1917,9.64945652173913,10.733333333333336,10.355494505494503,10.138709677419355
USC00369050,1918,13.145652173913044,10.629999999999999,12.31868131868132,15.335483870967746
USC00369050,1919,10.780434782608696,10.313333333333336,14.188461538461539,16.3241935483871
USC00369050,1920,10.487499999999999,9.735000000000001,13.260439560439561,14.916129032258068
USC00369050,1921,14.056521739130437,14.254999999999999,13.953296703296703,12.437096774193549
USC00369050,1922,12.27336956521739,11.941666666666666,13.675824175824175,13.504838709677419
USC00369050,1923,10.570652173913043,10.268333333333334,11.591758241758244,10.370967741935482
USC00369050,1924,8.982065217391305,10.076666666666664,11.884615384615385,12.498387096774193
USC00369050,1925,11.23804347826087,13.083333333333336,12.113186813186815,9.003225806451614
USC00369050,1926,9.111956521739131,8.48,12.81043956043956,12.504838709677419
USC00369050,1927,11.668478260869565,11.021666666666665,14.80659340659341,14.825806451612905
USC00369050,1928,9.743478260869566,9.338333333333333,12.319753086419754,14.206896551724139
USC00369050,1929,12.484782608695653,12.768333333333336,12.462637362637365,11.55483870967742
USC00369050,1930,11.482065217391305,11.781666666666668,12.94010989010989,11.049999999999995
USC00369050,1931,10.082065217391305,10.669999999999998,15.778571428571427,14.474193548387097
USC00369050,1932,10.06195652173913,10.51333333333333,13.14285714285714,13.480645161290322
USC00369050,1933,11.592934782608696,12.21,13.045604395604395,12.975806451612904
USC00369050,1934,10.82391304347826,11.163333333333334,13.941208791208792,12.591935483870971
USC00369050,1935,11.4,9.813333333333333,12.941208791208792,13.067741935483872
USC00369050,1936,11.201086956521738,8.496666666666666,13.494505494505495,13.908064516129032
USC00369050,1937,9.976630434782608,10.185,11.752197802197802,11.91774193548387
USC00369050,1938,12.83586956521739,12.653333333333334,13.28076923076923,13.151612903225804
USC00369050,1939,11.646739130434785,9.545,13.60824175824176,13.985483870967741
USC00369050,1940,9.61413043478261,9.676666666666668,11.924175824175823,12.225806451612904
USC00369050,1941,11.117934782608696,14.76666666666667,14.423333333333332,15.186666666666666
USC00369050,1942,12.807608695652174,13.19333333333333,13.297252747252747,14.037096774193552
USC00369050,1943,10.544021739130434,8.438333333333334,11.60934065934066,11.40322580645161
USC00369050,1944,11.896739130434783,10.74333333333333,13.15274725274725,12.927419354838708
USC00369050,1945,13.706521739130435,14.386666666666667,13.630219780219782,12.356451612903227
USC00369050,1946,13.011956521739132,11.103333333333333,14.796153846153844,14.88225806451613
USC00369050,1947,10.189673913043478,13.286666666666665,14.448901098901098,17.0258064516129
USC00369050,1948,13.067934782608695,14.680000000000001,12.903846153846157,10.504838709677419
USC00369050,1949,10.921739130434782,10.336666666666668,13.020879120879123,15.798387096774192
USC00369050,1950,9.747826086956522,9.15,12.036111111111111,14.139999999999997
USC00369050,1951,10.915217391304349,10.201666666666666,12.235714285714286,14.600000000000001
USC00369050,1952,10.615217391304345,11.458333333333336,12.068333333333335,10.403225806451614
USC00369050,1953,11.819565217391302,10.166666666666668,13.153296703296702,13.412903225806451
USC00369050,1954,11.253804347826089,14.666666666666664,13.045604395604395,13.40967741935484
USC00369050,1955,12.673913043478263,14.223333333333333,12.296703296703294,12.475806451612902
USC00369050,1956,9.947826086956523,9.571666666666667,12.617032967032968,14.564516129032256
USC00369050,1957,11.958152173913044,13.123333333333333,12.122527472527473,10.075806451612904
USC00369050,1958,9.933695652173911,11.279999999999998,12.583516483516483,12.261290322580644
USC00369050,1959,11.702717391304347,11.826666666666664,13.14120879120879,13.291935483870967
USC00369050,1960,9.319021739130434,13.648333333333335,13.01923076923077,12.419354838709676
USC00369050,1961,9.742934782608696,8.053333333333335,13.633516483516482,12.833870967741932
USC00369050,1962,11.56141304347826,10.360000000000001,12.112087912087913,13.230645161290324
USC00369050,1963,11.626630434782605,11.435,13.382967032967034,14.641935483870968
USC00369050,1964,12.156521739130437,12.631666666666666,12.829120879120877,10.832258064516127
USC00369050,1965,11.244565217391305,11.283333333333335,13.474175824175825,11.906451612903224
USC00369050,1966,10.642391304347827,9.963333333333333,11.934065934065934,10.91935483870968
USC00369050,1967,10.977173913043478,12.433333333333334,11.21098901098901,12.480645161290324
USC00369050,1968,11.678804347826087,12.78,13.434615384615384,13.420967741935485
USC00369050,1969,11.10054347826087,12.896666666666665,12.224725274725278,12.837096774193547
USC00369050,1970,11.841847826086955,12.790000000000001,13.385714285714288,13.300000000000002
USC00369050,1971,8.186875,7.813793103448277,13.491208791208791,14.951612903225808
USC00369050,1972,9.865760869565218,9.401666666666666,11.161538461538463,9.39516129032258
USC00369050,1973,9.7,9.948333333333332,13.071666666666665,13.370967741935482
USC00369050,1974,10.442391304347826,10.175000000000002,10.813736263736265,9.343548387096776
USC00369050,1975,9.404347826086957,7.084999999999999,12.225555555555555,12.693548387096774
USC00369050,1976,10.865217391304348,10.521666666666668,8.788461538461538,8.535483870967743
USC00369050,1977,11.91467391304348,11.463333333333335,12.603846153846154,10.153225806451612
USC00369050,1978,8.76086956521739,10.083333333333332,11.910555555555556,9.688333333333334
USC00369050,1979,9.82228260869565,9.574999999999998,11.83076923076923,10.741935483870968
USC00369050,1980,9.203260869565216,9.389999999999999,10.914835164835164,9.419354838709676
USC00369050,1981,9.454347826086956,11.708333333333336,10.581868131868132,9.956451612903225
USC00369050,1982,10.03804347826087,7.593333333333334,12.289010989010988,12.035483870967745
USC00369050,1983,9.279891304347828,8.438333333333334,12.316483516483515,12.430645161290323
USC00369050,1984,8.370652173913044,9.540000000000001,11.864285714285716,14.70967741935484
USC00369050,1985,11.13478260869565,11.874999999999998,13.240109890109888,12.745161290322581
USC00369050,1986,10.28641304347826,11.06,12.133516483516484,12.65967741935484
USC00369050,1987,10.11576086956522,9.108333333333333,11.046703296703297,8.303225806451614
USC00369050,1988,9.313586956521739,9.235000000000001,10.334302325581396,8.00192307692308
USC00369050,1989,8.504891304347826,7.191666666666667,11.108333333333333,11.045161290322584
USC00369050,1990,9.879891304347824,9.55166666666667,11.973076923076926,11.675806451612903
USC00369050,1991,11.714673913043478,10.91,11.049999999999999,11.648387096774194
USC00369050,1993,9.289673913043478,9.628333333333334,11.512087912087914,10.656451612903227
USC00369050,1994,7.772580645161291,,11.867582417582415,10.564516129032258
USC00369050,1996,8.735326086956523,9.741666666666669,10.747802197802198,11.87258064516129
USC00369050,1997,8.124999999999998,7.078333333333332,10.673076923076922,10.983870967741934
USC00369050,1998,11.082065217391305,10.200000000000001,12.302747252747253,11.940322580645162
USC00369050,1999,8.250806451612904,,11.917032967032968,10.229032258064517
USC00369050,2000,10.773913043478261,9.411666666666665,10.911538461538461,12.116129032258065
USC00369050,2001,9.556521739130435,11.734999999999998,11.781868131868134,11.237096774193548
USC00369050,2002,9.867391304347825,11.128333333333334,11.785714285714286,11.31774193548387
USC00369050,2003,10.207608695652175,10.831666666666667,12.015555555555556,10.401612903225805
USC00369050,2004,11.544565217391304,9.976666666666667,12.715934065934064,11.90967741935484
USC00369050,2005,8.456521739130435,11.231666666666664,13.008333333333331,12.133333333333331
USC00369050,2006,9.519021739130435,11.35833333333333,11.193406593406594,10.233870967741936
USC00369050,2007,10.22554347826087,8.263333333333332,13.506593406593408,15.29516129032258
USC00369050,2008,10.032065217391304,12.568333333333333,11.262777777777778,10.651666666666667
USC00369050,2009,10.78695652173913,10.376666666666667,12.762637362637362,10.525806451612905
USC00369050,2010,11.705978260869566,12.205000000000002,11.865934065934065,11.401612903225809
USC00369050,2011,11.46195652173913,12.201666666666663,12.97032967032967,11.443548387096776
USC00369050,2012,12.560227272727273,9.551666666666668,11.161538461538461,11.832258064516129
USC00369050,2013,9.906321839080459,11.022222222222224,11.695555555555554,12.756451612903225
USC00369050,2014,9.268131868131867,10.775,11.393406593406594,12.53709677419355
USC00369050,2015,10.641847826086957,11.136666666666667,13.725,11.93225806451613
USC00369050,2016,11.431111111111111,10.953571428571427,13.857142857142858,14.153225806451614
USC00369050,2017,11.570329670329668,13.653333333333334,13.151666666666666,14.62
USC00369131,1914,10.013043478260869,10.471666666666666,12.487362637362638,14.611290322580643
USC00369131,1915,9.939673913043478,13.266666666666667,13.478021978021983,13.333870967741934
USC00369131,1916,9.738043478260868,9.931666666666667,11.892307692307694,11.951612903225806
USC00369131,1917,9.243478260869566,10.018333333333333,9.784615384615384,9.20483870967742
USC00369131,1918,12.467415730337077,10.145000000000001,12.045604395604396,14.140322580645158
USC00369131,1919,10.846195652173913,10.153333333333332,13.60824175824176,15.61774193548387
USC00369131,1920,9.905434782608694,9.036666666666665,13.075824175824174,14.504838709677417
USC00369131,1921,13.131521739130436,13.428333333333333,14.544166666666666,
USC00369131,1922,11.809782608695652,11.733333333333336,13.157692307692306,12.883870967741933
USC00369131,1923,10.125000000000002,10.126666666666669,11.626136363636363,10.716129032258063
USC00369131,1924,8.399397590361447,9.698275862068966,11.665934065934067,12.429032258064517
USC00369131,1925,11.07865168539326,12.613333333333335,10.780337078651685,8.50483870967742
USC00369131,1926,9.069021739130434,9.041666666666668,11.575,11.44
USC00369131,1927,10.575,9.496666666666664,13.570879120879122,13.148387096774194
USC00369131,1928,8.631521739130434,7.8916666666666675,11.91833333333333,13.296774193548387
USC00369131,1929,11.344565217391304,11.756666666666666,11.56333333333333,10.530645161290321
USC00369131,1930,10.285869565217391,10.338333333333335,12.054444444444446,10.683333333333335
USC00369131,1931,9.081521739130435,9.576666666666666,14.6010989010989,13.259677419354839
USC00369131,1932,8.974157303370786,8.916666666666666,11.804395604395605,12.314516129032258
USC00369131,1933,10.266847826086956,10.446666666666665,11.765555555555554,11.087096774193546
USC00369131,1934,9.46195652173913,9.526666666666666,12.241566265060241,11.582258064516129
USC00369131,1935,9.954891304347827,8.928333333333335,11.796153846153846,11.601612903225808
USC00369131,1936,10.624999999999998,7.99,12.308241758241758,12.959677419354838
USC00369131,1937,9.015384615384615,9.400000000000002,10.82967032967033,10.812903225806451
USC00369131,1938,11.978804347826086,11.651666666666669,12.397252747252743,12.70483870967742
USC00369131,1939,10.697802197802197,9.451666666666666,15.29,12.151666666666667
USC00369131,1940,7.045054945054945,7.306666666666667,11.048351648351648,10.91451612903226
USC00369131,1941,9.693956043956044,13.091666666666667,13.717582417582415,14.396774193548385
USC00369131,1942,11.759340659340658,12.933333333333334,12.261627906976743,12.844642857142858
USC00369131,1943,9.645108695652173,7.263333333333334,11.007692307692308,10.772580645161293
USC00369131,1944,11.095652173913043,9.601666666666667,12.053846153846155,11.448387096774193
USC00369131,1945,12.401666666666667,13.0551724137931,12.661111111111111,10.979032258064521
USC00369131,1946,11.905978260869563,9.833333333333332,13.880898876404496,14.322580645161286
USC00369298,1897,8.074456521739132,8.173333333333334,11.600769230769231,14.26875
USC00369298,1898,9.100000000000001,6.416666666666666,12.680666666666669,10.869354838709675
USC00369298,1899,7.414130434782607,8.733333333333333,11.622777777777777,12.924193548387098
USC00369298,1900,5.475,6.620000000000001,11.72967032967033,13.420967741935485
USC00369298,1901,6.470108695652174,6.198333333333334,8.93021978021978,9.238709677419356
USC00369298,1902,5.960326086956522,4.004999999999999,11.674705882352942,11.258
USC00369298,1903,10.245108695652174,7.579999999999999,9.3510989010989,10.577419354838712
USC00369298,1904,6.851086956521739,4.9783333333333335,9.329120879120879,9.158064516129034
USC00369298,1905,7.761413043478263,6.901666666666667,10.153296703296702,10.98064516129032
USC00369298,1906,6.7853260869565215,8.078333333333335,11.178571428571429,10.391935483870967
USC00369298,1907,6.6858695652173905,4.871666666666667,8.767032967032966,7.3032258064516125
USC00369298,1908,8.55,7.466666666666666,10.437362637362634,10.332258064516127
USC00369298,1909,6.785869565217389,7.036666666666667,9.741208791208793,7.238709677419355
USC00369298,1910,8.6375,9.35,9.736263736263737,11.043548387096777
USC00369298,1911,7.395652173913043,6.826666666666668,9.180769230769231,9.317741935483866
USC00369298,1912,7.179347826086958,8.445,10.984615384615386,10.140322580645158
USC00369298,1913,8.367391304347827,8.308333333333334,10.815934065934064,11.11612903225806
USC00369298,1914,6.988043478260869,6.596666666666668,10.423076923076922,12.937096774193549
USC00369298,1915,6.393478260869566,9.926666666666668,11.30054945054945,10.769354838709676
USC00369298,1916,5.9298913043478265,7.333333333333333,9.468131868131866,9.587096774193549
USC00369298,1917,5.7864130434782615,6.588333333333333,7.3598901098901095,6.659677419354837
USC00369298,1918,9.031521739130437,7.178333333333333,9.551098901098902,11.651612903225805
USC00369298,1919,7.617934782608697,7.141666666666667,10.916483516483517,12.717741935483874
USC00369298,1920,6.408695652173915,4.971666666666667,11.506043956043959,13.845161290322583
USC00369298,1921,11.290217391304346,11.708333333333334,11.55054945054945,10.633870967741936
USC00369298,1922,8.396195652173912,7.578333333333335,11.372527472527473,11.262903225806449
USC00369298,1923,5.897826086956522,6.346666666666667,10.276923076923076,9.46290322580645
USC00369298,1924,5.025543478260869,5.025000000000001,8.775824175824175,9.538709677419355
USC00369298,1925,6.493478260869564,8.795,9.079120879120879,6.3177419354838715
USC00369298,1926,5.172282608695652,4.131666666666667,10.01868131868132,9.601612903225806
USC00369298,1927,8.418478260869565,7.211666666666668,12.568681318681316,12.204838709677421
USC00369298,1928,6.017391304347825,5.04,9.81388888888889,10.879032258064514
USC00369298,1929,8.294565217391305,8.273333333333333,9.462087912087911,8.745161290322581
USC00369298,1930,7.513043478260869,7.309999999999999,10.357865168539325,9.438709677419356
USC00369298,1931,7.923369565217392,7.586666666666669,13.651648351648353,11.822580645161294
USC00369298,1932,6.1499999999999995,5.719999999999999,10.377472527472527,10.422580645161288
USC00369298,1933,8.681521739130435,9.666666666666664,10.233516483516482,10.501612903225803
USC00369298,1934,7.289130434782609,6.806666666666667,11.7521978021978,11.080645161290324
USC00369298,1935,7.0395604395604385,6.073333333333334,11.23611111111111,11.74
USC00369298,1936,7.752717391304348,4.870000000000001,10.613186813186813,11.78064516129032
USC00369298,1937,7.1429347826086955,7.943333333333333,10.154395604395605,10.551612903225806
USC00369298,1938,8.12087912087912,7.729310344827587,10.447777777777778,11.237096774193548
USC00369298,1939,8.002808988764045,7.072222222222222,10.580555555555556,11.076666666666663
USC00369298,1940,5.904347826086956,5.863333333333332,9.443956043956044,9.01290322580645
USC00369298,1941,7.705978260869564,11.168333333333333,11.926923076923078,12.667741935483871
USC00369298,1942,9.634239130434782,10.628333333333332,10.943956043956044,11.651612903225807
USC00369298,1943,6.2901234567901225,3.5166666666666666,9.503296703296702,9.740322580645163
USC00369298,1944,7.843956043956044,5.296666666666667,10.395604395604396,9.76290322580645
USC00369298,1945,8.75,10.24333333333333,8.849285714285713,9.844999999999999
USC00369298,1946,9.979347826086956,7.599999999999999,12.789010989010986,13.390322580645162
USC00369298,1947,6.790760869565218,8.638333333333332,12.0021978021978,14.911290322580646
USC00369298,1948,8.695604395604395,10.420689655172415,11.642307692307694,9.825806451612902
USC00369298,1949,7.84891304347826,7.241666666666665,10.347222222222221,13.16451612903226
USC00369298,1950,5.865760869565217,4.671666666666667,10.268681318681319,12.303225806451612
USC00369298,1951,8.39120879120879,7.8950000000000005,9.68956043956044,12.251612903225809
USC00369298,1952,7.692934782608695,9.208333333333332,10.336263736263735,7.719354838709676
USC00369298,1953,8.420108695652173,6.926666666666666,11.02142857142857,11.117741935483869
USC00369298,1954,8.091847826086957,11.369999999999997,11.29230769230769,12.02903225806452
USC00369298,1955,9.671195652173912,11.085,10.276923076923078,10.999999999999996
USC00369298,1956,6.445604395604395,6.310344827586207,10.513186813186813,11.853225806451613
USC00369298,1957,8.812499999999998,9.686666666666667,10.173626373626375,9.367741935483872
USC00369298,1958,7.733695652173913,8.96,10.596703296703298,10.125806451612904
USC00369298,1959,8.540217391304349,8.655000000000001,11.13131868131868,11.335483870967742
USC00369298,1960,6.559239130434783,10.556666666666668,11.143956043956043,9.846774193548386
USC00369298,1961,7.046739130434782,5.705,12.32967032967033,12.30967741935484
USC00369298,1962,8.487500000000002,7.796666666666667,9.437362637362638,10.769354838709678
USC00369298,1963,8.205978260869564,8.265,11.109890109890111,12.822580645161288
USC00369298,1964,8.870652173913044,8.681666666666667,10.325824175824176,8.964516129032257
USC00369298,1965,7.2320652173913045,5.741666666666666,10.557692307692308,8.96290322580645
USC00369298,1966,7.167934782608696,6.694999999999999,9.773626373626373,9.146774193548387
USC00369298,1967,6.830978260869566,9.038333333333332,9.103846153846153,10.351612903225806
USC00369298,1968,8.351086956521739,10.049999999999999,11.136813186813187,11.016129032258064
USC00369298,1969,7.929891304347826,9.565000000000001,10.053846153846155,10.272580645161286
USC00369298,1970,8.252717391304346,8.811666666666667,11.945604395604398,12.162903225806451
USC00369298,1971,6.17663043478261,6.121666666666666,12.245054945054942,13.97258064516129
USC00369298,1972,7.123369565217393,6.496666666666667,9.333333333333334,8.188709677419357
USC00369298,1973,9.365760869565218,8.943333333333332,11.446703296703298,11.670967741935485
USC00369298,1974,8.331521739130435,9.29,9.467582417582419,8.458064516129031
USC00369298,1975,7.463043478260869,4.996666666666666,11.502747252747254,11.877419354838707
USC00369298,1976,9.079347826086956,9.158333333333333,7.604395604395604,7.662903225806452
USC00369298,1977,9.888043478260869,8.870000000000001,10.468681318681318,9.05
USC00369298,1978,5.840555555555556,5.794642857142857,8.846951219512196,7.462000000000001
USC00369298,1979,6.763736263736264,5.946666666666667,9.582222222222223,8.688709677419354
USC00369298,1980,6.246739130434782,6.870000000000002,9.61098901098901,8.666129032258066
USC00369298,1981,7.583152173913043,9.291666666666666,9.078021978021978,8.335483870967742
USC00369298,1982,7.519021739130435,5.549999999999998,11.657692307692304,11.796774193548387
USC00369298,1983,7.607608695652175,6.6,11.37637362637363,11.399999999999995
USC00369298,1984,5.867934782608694,8.258333333333333,11.117032967032968,13.924193548387096
USC00369298,1985,9.311413043478263,10.183333333333334,12.036263736263733,11.280645161290327
USC00369298,1986,9.111413043478262,9.608333333333333,10.545054945054945,11.293548387096775
USC00369298,1987,9.426630434782611,9.553333333333333,9.608241758241757,7.816129032258064
USC00369298,1988,7.511413043478262,7.251666666666666,9.696153846153846,7.8354838709677415
USC00369298,1989,6.677173913043478,5.6483333333333325,9.872527472527473,10.280645161290325
USC00369298,1990,8.154891304347828,9.16,11.046067415730338,11.048387096774196
USC00369298,1991,9.977717391304349,9.443333333333332,10.145604395604394,11.408064516129032
USC00369298,1992,6.790217391304347,7.340000000000001,9.58791208791209,8.296774193548389
USC00369298,1993,7.004891304347825,8.16,9.50388888888889,9.205
USC00369298,1994,6.205434782608696,8.513333333333334,10.65,9.704838709677418
USC00369298,1995,7.193478260869566,5.864999999999999,9.90054945054945,12.006451612903223
USC00369298,1996,6.225543478260867,7.1116666666666655,9.137912087912087,10.125806451612902
USC00369298,1997,5.615760869565217,5.553333333333334,9.485164835164834,10.016129032258066
USC00369298,1998,9.617582417582419,8.591666666666667,11.175824175824175,10.908064516129032
USC00369298,1999,7.846703296703297,8.706666666666667,11.073076923076924,9.761290322580644
USC00369298,2000,9.07967032967033,7.893333333333333,10.019444444444444,10.995161290322581
USC00369298,2001,7.6,9.075,11.482777777777779,10.648387096774192
USC00369298,2002,7.364444444444444,8.855172413793102,10.652747252747254,9.464516129032258
USC00369298,2003,7.786813186813186,8.089655172413796,10.62087912087912,8.87741935483871
USC00369298,2004,9.165217391304349,7.879999999999999,11.445604395604395,10.391935483870967
USC00369298,2005,6.172826086956522,8.866666666666667,11.84175824175824,11.166129032258064
USC00369298,2006,7.753260869565217,9.06,10.09945054945055,8.358064516129033
USC00369298,2007,7.3211956521739125,5.5649999999999995,11.867582417582419,13.95967741935484
USC00369298,2008,6.807608695652173,10.293333333333333,9.695054945054945,8.301612903225806
USC00369298,2009,8.272282608695654,8.438333333333334,10.685164835164834,8.756451612903225
USC00369298,2010,9.794021739130432,10.145,10.454945054945053,10.067741935483872
USC00369298,2011,7.947282608695653,8.196666666666667,11.709340659340661,9.875806451612904
USC00369298,2012,10.832608695652175,7.043333333333334,10.036813186813188,10.529032258064515
USC00369298,2013,7.508695652173915,8.028333333333332,10.025274725274725,11.577419354838709
USC00369298,2014,6.497282608695652,8.005,10.007692307692308,11.146774193548387
USC00369298,2015,7.470108695652173,7.771666666666666,12.13791208791209,10.08064516129032
USC00369298,2016,8.510326086956523,6.866666666666665,12.207142857142859,11.964516129032258
USC00369298,2017,8.445652173913043,10.889999999999997,11.55879120879121,13.40645161290323
USC00369298,2018,7.147826086956522,4.666666666666668,10.721978021978021,10.741935483870964
USC00369298,2019,7.823369565217392,8.328333333333333,10.536813186813188,11.691935483870969
USC00369298,2020,8.015384615384617,6.501666666666666,11.149450549450549,10.641935483870968
USC00369298,2021,8.678260869565218,8.881666666666668,11.973626373626375,14.385483870967741
USC00369298,2022,8.380978260869565,7.091666666666668,10.392307692307691,9.088709677419354
USC00369298,2023,7.795108695652174,9.623333333333335,11.07967032967033,11.999999999999998
USC00369298,2024,9.876086956521737,9.325,11.69010989010989,11.098387096774195
USC00369298,2025,8.622282608695652,8.398333333333333,10.178571428571425,10.522580645161291
USC00369312,1923,,,10.93021978021978,9.498387096774193
USC00369312,1979,9.81590909090909,10.483333333333333,12.619863013698632,10.785483870967742
USC00369318,1976,10.330978260869566,10.213333333333333,6.478021978021978,6.099999999999999
USC00369318,1977,11.122826086956522,10.136666666666665,11.874418604651162,9.607692307692307
USC00369318,1983,8.38804347826087,7.823333333333333,11.402777777777779,12.014999999999997
USC00369318,1986,12.07168674698795,11.543333333333335,11.896067415730334,12.296774193548385
USC00369318,1987,10.465217391304348,9.291666666666664,11.072527472527474,8.266129032258064
USC00369318,1988,9.002747252747254,9.046666666666669,10.156043956043957,7.864516129032258
USC00369318,1989,8.371195652173913,7.491666666666668,11.007142857142858,11.601612903225805
USC00369318,1990,9.447159090909093,9.341666666666667,12.19010989010989,11.909677419354837
USC00369318,1991,11.916847826086958,11.296666666666669,11.437222222222227,12.566666666666666
USC00369318,1992,7.732941176470588,9.588333333333335,10.742857142857144,9.51290322580645
USC00369318,1993,8.884239130434784,9.158333333333333,10.948333333333334,10.27258064516129
USC00369318,1994,8.568478260869565,10.95333333333333,11.989560439560442,11.14838709677419
USC00369318,1995,9.190760869565217,8.16,10.545604395604395,12.811290322580646
USC00369318,1996,7.72445652173913,8.925,10.094505494505494,11.158064516129034
USC00369318,1997,7.897282608695652,7.068333333333333,10.228571428571428,11.038709677419357
USC00369318,1998,10.797282608695653,10.386666666666667,12.319444444444446,11.43548387096774
USC00369318,1999,9.436813186813186,11.24,12.36277777777778,10.771666666666667
USC00369318,2000,10.927717391304348,9.486666666666666,10.91208791208791,12.809677419354838
USC00369318,2001,9.368478260869566,11.64166666666667,12.282967032967033,11.73709677419355
USC00369318,2002,9.411956521739128,10.829999999999997,11.302747252747253,10.530645161290321
USC00369318,2003,10.039444444444444,10.805000000000001,11.406043956043959,9.72741935483871
USC00369318,2004,13.25054347826087,12.009999999999998,12.752747252747254,12.111290322580649
USC00369318,2005,8.265217391304347,11.199999999999998,12.880219780219779,11.893548387096775
USC00369318,2007,10.073369565217392,8.301666666666666,12.856111111111113,14.928333333333333
USC00369318,2008,8.627173913043478,11.888333333333332,9.596111111111112,8.899999999999997
USC00369318,2009,10.061413043478263,10.659999999999998,10.923563218390804,8.85
USC00369318,2010,8.846590909090908,10.596666666666666,11.87032967032967,11.937096774193547
USC00369318,2011,9.491772151898736,11.155000000000001,11.959550561797753,10.194827586206896
USC00369318,2012,12.573333333333332,9.020689655172415,11.24438202247191,11.760000000000002
USC00369318,2013,9.464130434782609,10.741666666666667,11.275,12.396551724137929
USC00369362,1932,9.777717391304346,10.338333333333333,12.40274725274725,12.783870967741937
USC00369362,1933,11.28478260869565,11.715,12.376923076923076,11.73870967741936
USC00369362,1934,10.671195652173912,11.003333333333332,13.199438202247189,12.195161290322583
USC00369362,1935,10.97554347826087,9.17,12.415168539325844,12.26896551724138
USC00369362,1936,10.62445652173913,7.9383333333333335,12.992857142857142,13.383870967741936
USC00369362,1937,9.583695652173912,10.006666666666666,11.27802197802198,11.490322580645163
USC00369362,1938,12.380978260869563,12.240000000000004,12.926373626373627,13.03225806451613
USC00369362,1939,10.809782608695652,8.831666666666667,12.98241758241758,13.211290322580645
USC00369362,1940,8.82857142857143,8.783333333333333,11.683707865168538,12.098333333333334
USC00369362,1941,10.017934782608696,13.264999999999999,13.963186813186812,14.837096774193549
USC00369362,1942,12.176630434782606,12.736666666666666,12.774725274725276,13.58225806451613
USC00369362,1943,9.962087912087911,7.701666666666666,10.635714285714286,10.738709677419354
USC00369362,1944,10.581521739130434,9.549999999999999,11.368131868131869,11.398387096774194
USC00369362,1946,12.030978260869567,10.01,13.35714285714286,13.798387096774194
USC00369362,1947,8.658522727272727,11.615000000000002,11.97837837837838,14.97962962962963
USC00369362,1949,9.607065217391304,8.76666666666667,11.168681318681317,13.448387096774194
USC00369362,1950,9.172282608695653,8.405,11.005494505494504,12.848387096774191
USC00369362,1951,10.08532608695652,9.561666666666667,10.674175824175823,12.348387096774195
USC00369362,1952,10.02282608695652,10.456666666666665,10.76043956043956,8.725806451612902
USC00369362,1953,11.134782608695653,9.473333333333333,11.585164835164832,11.86774193548387
USC00369362,1954,10.430434782608694,13.840000000000003,12.29945054945055,12.940322580645159
USC00369362,1955,11.943478260869565,13.231666666666666,11.64010989010989,11.832258064516129
USC00369362,1956,9.55,8.995000000000001,11.592307692307694,13.101612903225806
USC00369362,1957,11.068478260869567,12.021666666666667,12.27833333333333,
USC00369362,1958,9.382065217391304,10.756666666666664,11.724725274725275,10.887096774193548
USC00369362,1959,10.891304347826088,10.930000000000001,11.822527472527474,12.06935483870968
USC00369362,1960,7.999456521739131,12.298333333333334,11.900549450549454,11.11290322580645
USC00369362,1961,9.066847826086958,7.291666666666667,12.780219780219781,12.185483870967742
USC00369367,1963,9.084239130434783,9.111666666666668,11.41043956043956,12.756451612903225
USC00369367,1964,10.158695652173913,10.383333333333335,10.702747252747251,8.566129032258067
USC00369367,1965,9.514673913043481,8.905,11.165384615384616,9.256451612903223
USC00369367,1966,8.630434782608695,8.646666666666667,9.882417582417581,8.63709677419355
USC00369367,1967,9.206521739130435,10.701666666666666,9.464285714285714,10.051612903225806
USC00369367,1968,9.313586956521739,10.211666666666668,11.802197802197803,11.42258064516129
USC00369367,1969,8.92391304347826,10.296666666666669,10.555494505494506,10.438709677419356
USC00369367,1970,9.46304347826087,10.191666666666666,12.88626373626374,12.593548387096776
USC00369367,1971,7.308695652173912,7.473333333333334,12.76923076923077,14.25
USC00369367,1972,9.191847826086956,8.913333333333332,10.25054945054945,8.679032258064515
USC00369367,1973,10.501630434782607,9.248333333333335,12.282417582417585,12.78709677419355
USC00369367,1974,9.786956521739132,9.235000000000001,10.19945054945055,8.948387096774193
USC00369367,1975,8.593478260869563,6.498333333333334,11.605494505494505,11.990322580645163
USC00369367,1976,10.015760869565216,10.035,8.16758241758242,7.958064516129033
USC00369367,1977,11.348369565217393,10.933333333333334,11.87032967032967,9.743548387096777
USC00369367,1978,8.291304347826086,9.41,11.66043956043956,9.540322580645162
USC00369367,1979,9.43804347826087,9.303333333333333,11.425274725274729,10.341935483870968
USC00369367,1980,8.658695652173913,8.83,10.521666666666667,9.008064516129032
USC00369367,1981,9.22717391304348,11.574999999999998,10.0489010989011,9.196774193548388
USC00369367,1982,9.758152173913043,7.135000000000001,11.886813186813189,11.69032258064516
USC00369367,1983,8.90054347826087,8.014999999999999,11.469780219780217,11.554838709677421
USC00369367,1984,7.629347826086957,8.761666666666667,11.423626373626375,14.533870967741935
USC00369367,1985,10.619021739130437,11.898333333333333,13.060439560439558,12.435483870967746
USC00369367,1986,10.480978260869565,11.341666666666667,11.776373626373628,12.191935483870967
USC00369367,1987,10.216847826086957,9.011666666666667,10.701648351648354,7.848387096774194
USC00369367,1988,9.2375,9.209999999999999,9.845054945054946,7.385483870967742
USC00369367,1989,8.335869565217392,7.111666666666666,10.8978021978022,10.985483870967741
USC00369367,1990,9.905978260869563,9.908333333333331,12.882967032967034,12.488709677419356
USC00369367,1991,11.942934782608695,10.916666666666666,10.817032967032969,11.385483870967741
USC00369367,1992,8.828260869565218,9.956666666666667,10.885164835164836,9.451612903225806
USC00369367,1993,8.741304347826086,8.906666666666668,10.93186813186813,10.201612903225804
USC00369367,1994,8.558152173913044,10.73666666666667,11.524175824175822,10.193548387096774
USC00369367,1995,9.252717391304346,8.355,10.43956043956044,12.230645161290322
USC00369367,1996,8.082608695652175,9.263333333333334,10.31098901098901,11.224193548387097
USC00369367,1997,8.251630434782609,7.051666666666666,10.213736263736264,10.48709677419355
USC00369367,1998,10.820652173913045,10.183333333333332,11.94945054945055,11.680645161290322
USC00369367,1999,9.189130434782609,10.954999999999997,11.905494505494504,10.58387096774194
USC00369367,2000,10.67608695652174,9.498333333333335,10.805494505494504,12.16774193548387
USC00369367,2001,9.589673913043478,11.703333333333331,11.777472527472527,11.014516129032256
USC00369367,2002,9.465760869565216,10.786666666666665,11.718681318681318,11.329032258064514
USC00369367,2003,10.347282608695652,10.975,11.723076923076926,9.983870967741936
USC00369367,2005,8.105434782608695,10.543333333333333,12.610439560439563,11.879032258064514
USC00369367,2006,9.402717391304348,11.27,10.9489010989011,9.8
USC00369367,2007,9.865217391304348,8.123333333333333,12.768681318681319,14.495161290322585
USC00369367,2008,9.322826086956523,11.629999999999999,10.696153846153845,10.190322580645162
USC00369367,2009,10.30978260869565,9.886666666666667,11.681666666666668,9.528333333333332
USC00369367,2010,11.41067415730337,11.801724137931032,11.374725274725277,11.290322580645164
USC00369367,2011,10.704891304347825,11.496666666666668,12.182777777777776,11.012903225806452
USC00369367,2012,12.530769230769232,9.134482758620688,10.247252747252746,10.538709677419353
USC00369367,2013,9.085714285714285,10.074137931034482,10.926373626373627,12.07258064516129
USC00369367,2014,8.741304347826086,9.696666666666665,10.402325581395349,11.733928571428574
USC00369367,2015,10.386144578313253,10.44,12.981318681318681,11.162903225806454
USC00369367,2016,10.7625,10.071666666666669,13.252222222222223,13.125806451612904
USC00369367,2017,10.604347826086956,12.298333333333336,12.226923076923075,13.740322580645161
USC00369367,2018,9.26195652173913,7.141666666666666,11.830219780219782,11.738709677419356
USC00369367,2019,10.550543478260868,11.199999999999998,11.992307692307692,12.943548387096776
USC00369367,2020,9.613586956521738,8.031666666666666,12.266483516483516,11.82258064516129
USC00369367,2021,9.996739130434781,9.761666666666667,12.564285714285718,14.867741935483872
USC00369367,2022,9.973369565217393,8.500000000000002,11.006043956043955,9.26774193548387
USC00369367,2023,9.445108695652175,10.661666666666667,11.66868131868132,12.629032258064514
USC00369367,2024,12.072826086956523,11.88833333333333,13.014606741573033,12.187931034482759
USC00369367,2025,11.019565217391303,10.896666666666667,11.484065934065937,11.253225806451614
USC00369407,1894,7.966847826086956,6.510000000000001,9.106043956043957,10.045161290322579
USC00369407,1895,5.4831521739130435,5.785,8.559340659340661,5.97741935483871
USC00369407,1896,6.497826086956523,8.258333333333333,8.527472527472526,6.4822580645161265
USC00369407,1897,7.055434782608696,7.528333333333334,10.032417582417583,10.5758064516129
USC00369407,1898,8.380978260869567,5.903333333333332,10.758241758241759,10.725806451612902
USC00369407,1899,8.001630434782607,8.741666666666667,10.324175824175825,11.38548387096774
USC00369407,1900,6.681521739130435,8.651666666666666,11.768131868131867,13.372580645161289
USC00369407,1901,7.910869565217392,7.665,9.539560439560438,10.325806451612905
USC00369407,1902,8.567934782608695,8.125,11.289560439560436,10.216129032258063
USC00369407,1903,9.796739130434782,7.878333333333332,9.827472527472528,10.91451612903226
USC00369407,1904,7.171195652173914,5.334999999999999,9.501136363636363,8.960714285714285
USC00369407,1906,5.863586956521738,7.521666666666666,9.92142857142857,9.16935483870968
USC00369407,1907,5.894318181818182,4.903333333333333,9.062087912087911,7.58225806451613
USC00369407,1908,8.66358695652174,8.166666666666666,10.47087912087912,10.64032258064516
USC00369407,1909,7.072826086956524,7.465,9.737912087912086,7.241935483870967
USC00369407,1910,9.446739130434782,10.248333333333333,9.140476190476189,11.46774193548387
USC00369407,1911,7.657608695652174,6.281666666666667,9.66978021978022,10.211290322580647
USC00369407,1912,7.311413043478263,8.283333333333335,11.263736263736265,11.154838709677426
USC00369407,1915,6.0201086956521745,10.081666666666669,9.863736263736262,9.493548387096775
USC00369407,1916,5.515760869565218,7.2766666666666655,8.952747252747251,8.988709677419356
USC00369407,1917,5.658695652173913,6.711666666666668,6.557142857142858,5.962903225806452
USC00369407,1918,8.833695652173914,6.3933333333333335,8.945054945054945,10.730645161290322
USC00369407,1919,7.007065217391304,6.466666666666667,9.66813186813187,10.651612903225805
USC00369407,1920,5.763586956521739,5.0633333333333335,9.812087912087911,12.183870967741935
USC00369407,1921,9.467934782608694,10.419999999999998,9.84065934065934,9.327419354838709
USC00369407,1922,8.033152173913043,7.6483333333333325,10.07857142857143,9.920967741935485
USC00369407,1923,3.1520408163265303,,8.404395604395605,7.72258064516129
USC00369407,1924,4.589156626506025,5.518333333333332,7.867582417582417,8.406451612903224
USC00369407,1925,7.0201086956521745,8.190000000000001,4.939855072463768,5.0209677419354835
USC00369407,1926,4.411956521739129,4.151666666666666,8.86098901098901,8.638709677419355
USC00369407,1927,7.28967391304348,6.341666666666667,10.284065934065934,10.301612903225806
USC00369407,1928,5.845652173913044,5.3883333333333345,9.374175824175824,10.39516129032258
USC00369407,1929,7.984239130434782,8.198333333333334,8.956043956043954,7.780645161290323
USC00369407,1949,6.856521739130436,6.475,9.128021978021978,11.874193548387098
USC00369407,1998,8.245652173913044,7.4350000000000005,9.629444444444445,9.556451612903228
USC00369408,1926,4.411956521739129,4.151666666666666,8.86098901098901,8.638709677419355
USC00369408,1927,7.2956521739130435,6.36,10.346111111111112,10.301612903225806
USC00369408,1928,5.845652173913044,5.3883333333333345,9.404395604395605,10.483870967741936
USC00369408,1929,7.739673913043478,8.198333333333334,8.95,7.780645161290323
USC00369408,1930,7.365217391304348,7.248333333333335,11.308974358974359,9.771153846153846
USC00369408,1931,7.402717391304346,7.29,12.601648351648354,11.075806451612904
USC00369408,1932,6.314367816091954,5.830000000000001,9.591758241758242,10.337096774193547
USC00369408,1933,8.255000000000003,9.0,8.72032967032967,8.448387096774194
USC00369408,1934,7.361413043478261,7.528333333333332,10.132222222222222,8.57
USC00369408,1935,6.152747252747252,5.583333333333334,8.747802197802198,9.116129032258064
USC00369408,1936,8.075000000000001,6.448333333333333,9.476111111111111,9.841935483870968
USC00369408,1937,5.9692307692307685,6.215000000000001,8.70238095238095,7.672580645161291
USC00369408,1938,8.680434782608694,8.866666666666667,9.527222222222221,10.32741935483871
USC00369408,1939,7.693478260869566,6.491666666666665,9.324175824175825,9.638709677419353
USC00369408,1940,5.6336956521739125,5.0183333333333335,8.297252747252747,7.3838709677419345
USC00369408,1941,7.476086956521739,10.67333333333333,10.537362637362637,10.796774193548387
USC00369408,1942,8.144021739130435,8.431666666666668,9.471428571428572,9.779032258064513
USC00369408,1943,5.004347826086957,3.0399999999999996,7.510989010989011,7.512903225806452
USC00369408,1944,6.074456521739131,3.6349999999999993,9.012777777777778,7.408333333333334
USC00369408,1945,8.315934065934067,8.871666666666666,9.703333333333335,8.328333333333335
USC00369408,1946,7.848901098901098,6.109999999999999,11.318131868131866,11.991935483870968
USC00369408,1947,5.583146067415731,6.026785714285715,10.360989010989012,12.791935483870969
USC00369408,1951,6.2538043478260885,6.233333333333333,8.263186813186813,10.59032258064516
USC00369408,1952,5.579347826086957,7.613333333333333,8.877222222222223,6.77
USC00369408,1953,6.774456521739131,5.618333333333333,10.413186813186812,11.022580645161288
USC00369408,1954,6.2956521739130435,7.985,10.074725274725276,11.691935483870967
USC00369408,1955,8.067032967032967,9.058333333333334,8.853296703296703,10.632258064516126
USC00369408,1956,4.392391304347826,5.0633333333333335,9.123626373626374,10.133870967741935
USC00369408,1957,6.516483516483516,6.953448275862068,8.94120879120879,8.148387096774194
USC00369408,1958,5.858152173913043,7.248333333333335,8.936263736263735,8.438709677419356
USC00369408,1959,6.511413043478262,7.165000000000001,9.420879120879121,9.653225806451612
USC00369408,1960,5.0168478260869565,9.273333333333333,9.662637362637364,8.640322580645162
USC00369408,1961,4.991304347826087,4.013333333333334,10.554945054945057,10.267741935483873
USC00369408,1962,6.758152173913042,6.783333333333334,7.684065934065934,9.21935483870968
USC00369408,1963,6.177173913043479,6.703333333333333,10.145054945054945,12.98709677419355
USC00369408,1964,6.5586956521739115,5.251666666666666,9.388461538461538,8.027419354838708
USC00369408,1965,5.495108695652175,4.028333333333332,8.450549450549449,7.361290322580645
USC00369408,1966,5.060326086956523,4.616666666666666,8.311538461538461,7.709677419354839
USC00369408,1967,4.131318681318681,6.3133333333333335,7.026111111111112,8.098333333333333
USC00369408,1968,6.1418478260869565,8.24,9.065384615384614,9.596774193548388
USC00369408,1969,5.9635869565217385,7.448333333333332,8.161538461538463,8.030645161290321
USC00369408,1970,5.238043478260869,6.063333333333333,9.729120879120877,10.2
USC00369408,1971,4.048913043478261,4.215,10.157142857142855,12.024193548387096
USC00369408,1972,4.780434782608696,4.13,10.238524590163935,5.880645161290323
USC00369408,1973,6.808152173913045,6.815,9.602197802197804,10.412903225806451
USC00369408,1974,5.777717391304349,7.151666666666669,7.083516483516482,6.15483870967742
USC00369408,1975,4.5353260869565215,2.0349999999999997,9.503296703296703,9.917741935483871
USC00369408,1976,6.2771739130434785,7.431666666666667,5.802747252747251,5.106451612903225
USC00369408,1977,8.046153846153846,7.655172413793104,8.687362637362638,7.240322580645162
USC00369408,1978,4.357608695652174,4.3516666666666675,8.163736263736263,7.3274193548387085
USC00369408,1979,6.273369565217393,5.593333333333333,9.116483516483518,8.56290322580645
USC00369408,1980,5.79836956521739,6.6949999999999985,7.488888888888889,6.3903225806451625
USC00369408,1981,6.046195652173912,7.809999999999999,7.642307692307693,7.1000000000000005
USC00369408,1982,5.730978260869566,4.385000000000001,9.10989010989011,8.720967741935484
USC00369408,1983,5.232608695652174,4.666666666666667,8.802747252747253,8.540322580645164
USC00369408,1984,3.453804347826087,5.718333333333333,8.886263736263738,11.662903225806451
USC00369408,1985,6.87554347826087,7.798333333333333,9.414285714285715,9.21774193548387
USC00369408,1986,7.347282608695653,7.361666666666666,8.257142857142856,9.438709677419354
USC00369408,1987,7.241847826086955,7.498333333333333,7.941758241758242,6.15
USC00369408,1988,6.057065217391305,5.648333333333334,7.703296703296704,6.343548387096774
USC00369408,1989,5.236413043478262,4.536666666666666,8.895604395604396,10.020967741935486
USC00369408,1990,6.976086956521739,7.911666666666667,9.97032967032967,10.722580645161294
USC00369408,1991,8.470652173913043,7.785,8.514835164835166,9.243548387096773
USC00369408,2000,7.611666666666666,6.161666666666667,8.913793103448276,9.668333333333335
USC00369408,2001,5.954891304347826,6.751666666666667,9.98735632183908,9.354999999999999
USC00369408,2002,6.1673913043478255,7.461666666666667,9.175280898876405,7.664516129032258
USC00369408,2003,5.7967032967032965,5.8149999999999995,9.146666666666667,7.014516129032258
USC00369408,2004,8.0625,6.551666666666667,9.557142857142857,8.475806451612904
USC00369408,2005,4.876086956521739,7.6416666666666675,9.915384615384616,9.033870967741931
USC00369408,2006,6.7586956521739125,7.953333333333333,8.412637362637362,7.1661290322580635
USC00369408,2007,5.891304347826087,4.548333333333333,10.038333333333332,12.32
USC00369408,2008,5.813586956521738,8.943333333333333,8.17912087912088,7.488709677419355
USC00369408,2009,6.91358695652174,7.594999999999999,8.564835164835165,6.874193548387096
USC00369408,2010,8.842391304347826,9.63,9.061538461538461,9.011290322580644
USC00369408,2011,6.620108695652173,6.5616666666666665,10.165934065934065,8.46774193548387
USC00369408,2012,9.549456521739131,6.361666666666666,8.626373626373626,9.545161290322584
USC00369408,2013,6.110326086956523,6.455,8.352197802197802,10.320967741935483
USC00369408,2014,5.251086956521738,6.465000000000001,8.459890109890111,9.925806451612905
USC00369408,2015,6.394565217391302,6.611666666666666,10.34010989010989,8.438709677419354
USC00369408,2016,7.186956521739131,5.555000000000001,10.482967032967032,9.816129032258065
USC00369408,2017,6.972282608695653,9.965,9.952197802197801,11.706451612903225
USC00369408,2018,6.09891304347826,3.5999999999999996,8.906593406593405,9.370967741935482
USC00369408,2019,6.61304347826087,7.6049999999999995,8.778021978021977,9.870967741935482
USC00369408,2020,6.455978260869564,4.653333333333333,10.042857142857143,9.419354838709676
USC00369408,2021,7.339130434782606,7.72,10.504395604395604,12.858064516129033
USC00369408,2022,7.28913043478261,6.621666666666667,9.502197802197802,8.396774193548385
USC00369408,2023,7.118478260869565,9.280000000000001,9.792307692307691,11.020967741935483
USC00369408,2024,8.790760869565219,8.091666666666665,10.283516483516484,10.058064516129033
USC00369408,2025,7.9451086956521735,7.795,9.612087912087913,9.688709677419354
USC00369464,1893,13.390983606557375,11.448333333333334,12.212087912087915,13.412903225806454
USC00369464,1894,11.352747252747251,9.986206896551725,13.22816091954023,13.245161290322583
USC00369464,1895,10.180519480519482,9.613043478260868,13.916216216216215,10.190384615384618
USC00369464,1896,10.891847826086957,12.373333333333333,12.968681318681318,10.83225806451613
USC00369464,1897,10.596739130434784,10.55166666666667,13.113186813186815,13.564516129032256
USC00369464,1898,10.851630434782608,8.9,13.264285714285714,13.40967741935484
USC00369464,1899,10.415909090909091,11.205172413793104,12.841666666666665,13.609677419354838
USC00369464,1900,9.833152173913044,10.949999999999998,15.114285714285716,15.746774193548388
USC00369464,1901,9.984239130434782,9.691666666666666,12.017032967032964,12.775806451612901
USC00369464,1902,11.157608695652174,10.381666666666666,14.056593406593407,13.480645161290324
USC00369464,1903,12.714130434782607,10.916666666666668,12.554945054945058,13.61774193548387
USC00369464,1904,9.790217391304349,8.415000000000001,11.87087912087912,11.80967741935484
USC00369464,1905,10.900543478260868,10.565,13.037912087912085,13.516129032258064
USC00369464,1906,10.082608695652175,11.653333333333332,13.574175824175825,12.438709677419354
USC00369464,1907,8.953804347826088,7.538333333333332,12.259890109890112,10.69516129032258
USC00369464,1908,11.669021739130434,11.555000000000001,13.205494505494503,14.467741935483874
USC00369464,1909,10.015760869565215,10.449999999999998,12.574725274725274,10.720967741935484
USC00369464,1910,12.191304347826087,12.928333333333336,17.136065573770495,14.061290322580643
USC00369464,1911,10.647282608695651,9.031666666666666,12.339560439560438,12.67258064516129
USC00369464,1912,10.268478260869562,10.610000000000001,14.04615384615385,14.50806451612903
USC00369464,1913,11.827717391304347,11.56,13.681318681318684,14.253225806451612
USC00369464,1915,10.302173913043479,13.723333333333336,13.997252747252745,14.096774193548388
USC00369464,1916,9.428804347826087,9.983333333333333,13.136813186813187,13.561290322580644
USC00369464,1917,9.330978260869564,10.924999999999999,10.654444444444444,10.370000000000003
USC00369464,1918,11.817934782608695,9.901666666666667,12.536813186813186,14.570967741935485
USC00369464,1919,11.305434782608698,10.135000000000002,13.809340659340657,15.55161290322581
USC00369464,1921,13.428804347826087,13.774999999999999,13.645,12.672580645161291
USC00369464,1922,11.234239130434782,10.841666666666669,13.409340659340659,13.998387096774193
USC00369464,1923,9.773369565217392,9.90333333333333,14.9875,12.020967741935486
USC00369464,1924,8.72391304347826,8.876666666666667,11.572527472527474,12.595161290322581
USC00369464,1925,10.342391304347828,11.008333333333335,11.338823529411762,8.541379310344828
USC00369464,1926,8.89945652173913,8.713333333333333,11.79615384615385,11.819354838709677
USC00369464,1928,9.486413043478262,8.713333333333333,12.859890109890108,13.52903225806452
USC00369464,1929,12.054347826086953,11.831666666666667,12.780769230769232,11.588709677419358
USC00369464,1930,11.010869565217392,9.646666666666668,13.57142857142857,11.97741935483871
USC00369464,1931,10.320652173913045,10.468333333333332,15.804945054945055,15.048387096774194
USC00369464,1932,9.716847826086957,10.238333333333335,12.982222222222223,13.151666666666666
USC00369464,1933,10.996739130434781,11.075,12.661538461538463,12.430645161290323
USC00369464,1934,10.322282608695652,10.371666666666664,13.943125000000004,11.748387096774193
USC00369464,1935,10.51609195402299,9.655357142857142,13.287362637362635,13.087096774193546
USC00369464,1936,11.71467391304348,9.406666666666666,13.064835164835166,13.766129032258066
USC00369464,1937,9.968478260869563,10.075,12.13901098901099,12.033870967741935
USC00369464,1938,11.416483516483515,12.075,13.119101123595508,13.58064516129032
USC00369464,1939,10.906521739130435,9.458333333333336,12.917777777777783,13.211666666666668
USC00369464,1940,8.820108695652175,8.136666666666667,11.558620689655173,10.127777777777775
USC00369464,1941,11.127717391304346,13.77833333333333,14.795000000000002,15.745161290322583
USC00369464,1942,12.658791208791207,12.731666666666664,13.329775280898877,13.475806451612904
USC00369464,1943,10.38586956521739,8.416666666666666,12.334065934065933,11.837096774193547
USC00369464,1944,10.95217391304348,9.536666666666667,13.074725274725274,12.348387096774195
USC00369464,1945,13.041847826086956,12.898333333333332,13.738461538461536,12.703225806451615
USC00369464,1946,12.457608695652175,10.675,14.979120879120881,15.393548387096773
USC00369464,1947,10.175543478260868,11.308333333333334,14.112637362637365,16.751612903225805
USC00369464,1948,11.192934782608695,10.773333333333335,13.644505494505495,12.009677419354839
USC00369464,1949,11.538043478260873,11.145,13.837912087912091,15.985483870967741
USC00369464,1950,9.35989010989011,9.355,13.303846153846155,14.682258064516128
USC00369464,1951,11.204347826086956,11.141666666666667,13.190659340659339,14.809677419354841
USC00369464,1952,10.733695652173912,12.226666666666665,12.763736263736265,11.29516129032258
USC00369464,1953,11.92554347826087,10.846666666666666,14.092307692307694,14.53225806451613
USC00369464,1954,11.2875,13.186666666666667,13.9,15.404838709677417
USC00369464,1955,12.025301204819277,12.909999999999997,13.090659340659341,14.425806451612905
USC00369464,1956,9.921739130434782,10.183333333333334,12.916111111111114,14.030645161290325
USC00369464,1958,10.709340659340658,12.477586206896552,13.340109890109888,12.488709677419354
USC00369464,1959,11.868478260869564,12.243333333333332,14.217032967032967,15.112903225806454
USC00369464,1960,10.39836956521739,14.378333333333332,13.427472527472528,12.924193548387096
USC00369464,1961,9.435869565217391,8.898333333333335,14.756043956043953,13.825806451612902
USC00369464,1962,11.328260869565218,11.683333333333335,12.905263157894739,12.948333333333334
USC00369464,1963,10.690760869565217,11.276666666666667,12.620329670329673,14.340322580645163
USC00369464,1964,10.928804347826086,9.275,12.687912087912087,10.853225806451611
USC00369464,1965,10.270108695652175,8.763333333333332,12.342857142857143,11.198387096774193
USC00369464,1966,10.222282608695652,9.05,12.75,12.08548387096774
USC00369464,1969,11.174999999999999,12.158333333333333,12.740109890109888,12.59032258064516
USC00369464,1970,,11.53,13.543406593406594,13.183870967741935
USC00369464,1972,9.296067415730336,8.626666666666665,10.785164835164835,9.033870967741938
USC00369464,1973,10.303846153846155,10.001724137931035,12.801098901098902,12.703225806451615
USC00369464,1974,10.075,10.610000000000001,11.33131868131868,9.924193548387096
USC00369464,1975,9.046739130434784,6.959999999999999,13.018681318681319,13.869354838709679
USC00369464,1976,11.165760869565215,11.844999999999999,9.837912087912086,9.388709677419355
USC00369464,1977,12.208152173913042,11.91666666666667,12.347252747252744,11.066129032258063
USC00369464,1978,8.995108695652174,9.748333333333333,12.038461538461537,11.024193548387094
USC00369464,1979,10.932608695652174,9.703333333333335,13.015384615384614,11.319354838709678
USC00369464,1980,10.527173913043477,11.461666666666666,12.573076923076922,11.496774193548388
USC00369464,1981,10.531521739130433,12.090000000000002,11.382417582417585,10.058064516129031
USC00369464,1982,9.789673913043478,8.875000000000002,12.328571428571427,11.554838709677421
USC00369464,1983,9.659782608695654,9.178333333333336,11.813736263736265,11.177419354838706
USC00369464,1984,7.197826086956522,7.871666666666667,11.680219780219781,14.167741935483875
USC00369464,1985,10.716847826086957,11.483333333333336,14.037362637362635,13.264516129032259
USC00369464,1986,11.281521739130437,11.053333333333335,13.496111111111107,14.236666666666668
USC00369464,1987,12.103932584269662,12.137500000000001,13.037640449438204,10.929032258064515
USC00369464,1988,11.654347826086957,10.786666666666669,13.048314606741572,11.19516129032258
USC00369464,1989,10.590760869565218,10.411666666666665,14.471978021978023,15.14193548387097
USC00369464,2000,11.215217391304348,9.75,11.747222222222222,12.155
USC00369464,2001,9.95217391304348,10.453333333333335,13.415,
USC00369464,2002,10.984615384615383,12.336206896551726,12.195604395604398,11.666129032258064
USC00369464,2003,9.319565217391304,9.250000000000002,12.974725274725275,10.735483870967741
USC00369464,2004,12.227173913043481,10.904999999999998,12.846703296703296,11.441935483870969
USC00369464,2005,9.0875,11.236666666666668,13.989010989010989,13.224193548387097
USC00369464,2006,10.642857142857142,11.31333333333333,12.459340659340661,11.408064516129034
USC00369464,2007,9.765384615384617,8.686666666666666,13.728021978021978,15.953225806451615
USC00369464,2008,10.06123595505618,11.69137931034483,11.952298850574712,11.171666666666663
USC00369464,2009,10.283695652173913,10.56,12.499431818181817,10.716666666666665
USC00369464,2010,12.205434782608696,12.361666666666666,12.978089887640449,12.551666666666666
USC00369464,2011,11.622527472527473,12.038333333333336,13.60561797752809,12.261666666666667
USC00369464,2012,12.529120879120878,10.283333333333335,11.783888888888889,12.635
USC00369464,2013,9.733695652173912,10.414999999999997,11.871111111111112,13.158064516129029
USC00369464,2014,8.737078651685394,9.545,11.985164835164836,12.88709677419355
USC00369464,2015,10.048369565217392,10.194999999999999,13.591758241758244,11.383870967741935
USC00369464,2016,10.594565217391304,9.566666666666665,13.3989010989011,13.219354838709679
USC00369702,1894,10.848901098901097,9.081034482758621,11.797093023255814,12.29516129032258
USC00369702,1895,9.749305555555557,10.855263157894736,11.309550561797753,8.046551724137931
USC00369702,1896,10.325000000000001,12.543333333333333,11.447802197802195,9.111290322580645
USC00369702,1897,7.006557377049179,10.601666666666665,11.809890109890107,12.20806451612903
USC00369702,1898,11.189516129032258,,11.531318681318686,11.961290322580643
USC00369702,1899,9.825,10.334999999999999,11.147802197802198,11.908064516129032
USC00369702,1900,8.312087912087913,9.644827586206896,13.953296703296703,15.31290322580645
USC00369702,1901,8.797282608695653,9.046666666666669,9.988461538461538,10.706451612903223
USC00369702,1902,9.83804347826087,9.15,11.957692307692309,11.04032258064516
USC00369702,1903,10.783152173913043,8.755,10.065384615384616,11.383870967741935
USC00369702,1904,8.848901098901099,7.412068965517243,9.957692307692307,9.416129032258068
USC00369702,1905,9.73695652173913,9.324999999999998,11.192307692307693,11.77741935483871
USC00369702,1906,8.347826086956522,9.425,12.205056179775282,11.825806451612902
USC00369702,1908,10.56304347826087,9.826666666666666,12.17802197802198,12.295161290322582
USC00369702,1909,8.842934782608696,8.776666666666666,11.15934065934066,8.875806451612906
USC00369702,1939,9.408695652173913,8.118333333333334,11.013736263736265,11.246774193548388
USC00369702,1940,6.998124999999999,6.3,9.45934065934066,8.43548387096774
USC00369702,1941,8.864673913043479,12.416666666666664,12.41758241758242,13.03709677419355
USC00369702,1942,10.604347826086954,11.026666666666667,11.314285714285715,11.919354838709678
USC00369702,1943,7.7586956521739125,5.276666666666667,10.241758241758241,10.727419354838712
USC00369702,1944,8.671195652173912,6.968333333333334,10.705494505494507,9.741935483870966
USC00369702,1945,11.084444444444445,11.553571428571427,11.529120879120878,10.33548387096774
USC00369702,1946,10.507222222222223,8.625,13.191758241758242,13.81774193548387
USC00369733,1896,9.478804347826086,11.453333333333335,10.981868131868133,9.062903225806451
USC00369733,1897,9.508152173913043,9.748333333333333,11.603296703296705,11.937096774193547
USC00369733,1898,10.116847826086957,7.374999999999999,11.945505617977526,12.204838709677421
USC00369733,1899,9.695108695652173,10.238333333333335,11.181395348837206,11.788333333333334
USC00369733,1900,7.9461956521739125,9.60333333333333,14.038461538461537,14.672580645161291
USC00369733,1901,9.287500000000001,9.385,10.28956043956044,10.703225806451613
USC00369733,1902,9.73913043478261,9.025,12.585714285714285,12.198387096774193
USC00369733,1903,12.005978260869567,9.82,11.082967032967032,12.706451612903225
USC00369733,1904,9.094565217391304,7.686666666666666,10.743333333333334,10.524193548387094
USC00369733,1905,10.34891304347826,9.951666666666666,11.345054945054944,12.125806451612904
USC00369733,1906,8.518478260869566,10.096666666666664,12.269780219780216,11.354838709677418
USC00369733,1907,8.508695652173913,7.125000000000001,10.803846153846154,9.364516129032259
USC00369733,1908,10.714130434782609,10.449999999999998,12.17912087912088,12.90967741935484
USC00369733,1909,8.978260869565219,9.208333333333332,11.60054945054945,9.42258064516129
USC00369733,1910,11.396739130434783,12.11666666666667,11.984065934065937,13.703225806451613
USC00369733,1911,9.941304347826087,8.796666666666665,11.581318681318683,11.872580645161287
USC00369733,1912,9.417391304347825,10.391666666666667,13.213186813186814,13.304838709677421
USC00369733,1913,10.416304347826088,10.921666666666669,13.154395604395605,14.04032258064516
USC00369733,1914,9.582608695652175,8.856666666666666,11.868131868131865,13.967741935483868
USC00369733,1915,9.226630434782608,13.099999999999998,12.617582417582415,12.883870967741936
USC00369733,1916,8.453260869565216,9.158333333333333,11.430769230769231,11.63709677419355
USC00369733,1917,8.302173913043479,9.738333333333335,9.166483516483517,8.662903225806453
USC00369733,1918,11.55,9.254999999999999,11.524725274725276,13.153225806451612
USC00369733,1919,10.248913043478261,9.925,12.6989010989011,13.748387096774193
USC00369733,1920,8.92771739130435,8.200000000000001,12.757142857142858,14.480645161290324
USC00369733,1921,12.82554347826087,14.028333333333334,12.791758241758242,11.591935483870966
USC00369733,1922,11.249456521739129,10.608333333333336,13.028021978021977,13.33548387096774
USC00369733,1923,9.383152173913043,10.105,11.446153846153845,11.01290322580645
USC00369733,1924,8.668478260869565,9.218333333333334,10.826923076923075,11.696774193548388
USC00369733,1925,10.189673913043478,11.933333333333334,10.95054945054945,8.156451612903224
USC00369733,1926,8.14891304347826,7.6833333333333345,11.106043956043957,10.924193548387095
USC00369733,1927,9.492391304347827,8.433333333333332,12.176373626373623,12.343548387096773
USC00369733,1928,8.804891304347827,8.47,11.812087912087913,12.604838709677422
USC00369733,1929,10.84891304347826,10.951666666666666,11.493956043956041,10.23064516129032
USC00369733,1930,9.709782608695653,9.120000000000001,11.868681318681318,10.522580645161291
USC00369733,1931,9.630978260869565,9.795,14.547802197802197,12.98064516129032
USC00369733,1932,5.122131147540983,8.895000000000001,11.590109890109888,12.14516129032258
USC00369733,1933,10.497282608695652,11.156666666666668,10.925274725274724,10.633870967741933
USC00369733,1934,9.938461538461539,10.273333333333335,12.40274725274725,10.908064516129032
USC00369733,1935,8.655978260869567,8.266666666666667,11.10813953488372,11.074193548387095
USC00369733,1936,10.451648351648352,8.503333333333334,11.705,12.323333333333334
USC00369733,1937,8.80989010989011,8.83448275862069,10.574175824175825,10.158064516129034
USC00369733,1938,10.673913043478262,10.911666666666669,11.415384615384612,12.33064516129032
USC00369733,1939,9.589010989010989,8.583333333333334,10.572777777777777,10.908064516129036
USC00369733,1940,7.418478260869564,6.99,10.027777777777779,9.095161290322581
USC00369733,1941,9.161111111111111,11.517241379310345,12.79010989010989,13.68225806451613
USC00369733,1942,11.975274725274724,13.062068965517243,12.362777777777776,12.998387096774191
USC00369733,1943,9.187362637362638,6.743333333333334,10.690109890109891,10.951612903225804
USC00369733,1944,9.977173913043478,8.226666666666667,11.485714285714286,10.387096774193544
USC00369933,1894,11.349456521739132,9.898333333333333,12.381868131868131,12.459677419354838
USC00369933,1895,9.844886363636363,10.098275862068965,11.993956043956041,8.774193548387096
USC00369933,1896,10.779891304347824,12.688333333333334,12.424175824175826,10.170967741935483
USC00369933,1897,10.544565217391304,10.211666666666668,12.244505494505493,12.688709677419357
USC00369933,1898,10.917391304347825,8.323333333333334,12.525824175824173,12.64516129032258
USC00369933,1899,10.492391304347827,10.826666666666666,11.621666666666668,12.293333333333335
USC00369933,1900,9.483516483516484,10.655172413793103,14.704945054945055,15.093548387096773
USC00369933,1901,10.280219780219781,9.391379310344826,11.71043956043956,12.606451612903223
USC00369933,1902,11.57771739130435,10.731666666666664,13.614285714285716,13.053225806451616
USC00369933,1903,12.539673913043476,10.969999999999999,12.926373626373627,14.883870967741936
USC00369933,1916,9.706521739130435,10.5,12.102197802197802,11.899999999999999
USC00369933,1917,9.678260869565218,11.228333333333332,10.341758241758244,10.090322580645163
USC00369933,1918,12.503804347826087,10.743333333333332,12.765934065934063,14.77258064516129
USC00369933,1919,11.515760869565218,10.726666666666665,13.996703296703297,16.10322580645161
USC00369933,1920,9.416304347826088,9.461666666666668,13.213186813186814,14.548387096774194
USC00369933,1921,13.894021739130435,14.678333333333335,13.510989010989011,12.42741935483871
USC00369933,1922,11.85,11.58666666666667,14.176373626373628,14.388709677419355
USC00369933,1923,10.504891304347826,10.471666666666668,12.341758241758244,11.84032258064516
USC00369933,1924,9.308152173913044,9.528333333333332,11.612087912087913,12.11774193548387
USC00369933,1925,10.643478260869566,11.724999999999998,11.85879120879121,9.31935483870968
USC00369933,1926,9.309782608695652,9.241666666666667,12.352197802197802,12.412903225806453
USC00369933,1927,10.498369565217391,9.236666666666666,14.16098901098901,13.8
USC00369933,1928,9.804347826086957,9.403333333333332,12.576373626373629,13.346774193548386
USC00369933,1929,12.223369565217393,12.358333333333336,12.292307692307691,10.85161290322581
USC00369933,1930,11.065217391304348,10.111666666666666,13.015934065934063,11.104838709677418
USC00369933,1931,10.3375,10.203333333333335,15.37142857142857,13.959677419354836
USC00369933,1932,9.74945652173913,9.698333333333332,12.22967032967033,12.822580645161292
USC00369933,1933,11.570652173913047,11.889999999999999,12.48076923076923,11.92741935483871
USC00369933,1934,10.63967391304348,11.073333333333336,13.163736263736265,11.598387096774193
USC00369933,1935,11.045108695652175,10.183333333333334,12.903846153846153,12.59032258064516
USC00369933,1936,12.10054347826087,9.774999999999999,12.903296703296704,13.55
USC00369933,1937,10.248913043478261,10.436666666666666,11.517032967032966,11.45967741935484
USC00369933,1938,11.894565217391303,12.269999999999998,12.459890109890111,12.425806451612901
USC00369933,1939,11.277173913043478,9.728333333333332,12.398888888888889,12.483870967741936
USC00369933,1940,9.191304347826087,8.456666666666667,11.386263736263734,10.387096774193546
USC00369933,1941,11.275,13.881666666666666,14.708241758241757,15.690322580645162
USC00369933,1942,13.041304347826085,13.104999999999999,13.878021978021975,13.930645161290323
USC00369933,1943,11.064130434782609,8.896666666666668,12.184065934065936,11.908064516129034
USC00369933,1944,11.632417582417581,9.937931034482759,13.446153846153845,12.735483870967746
USC00369933,1945,13.599456521739132,13.216666666666665,14.204945054945053,12.624193548387096
USC00369933,1946,13.034239130434784,11.125,14.784615384615385,15.043548387096774
USC00369933,1947,10.809239130434781,12.773333333333337,14.047222222222219,16.348333333333333
USC00369933,1948,12.595054945054946,12.391666666666671,13.641666666666667,12.022580645161291
USC00369933,1949,11.916847826086961,11.251666666666667,13.39175824175824,15.935483870967742
USC00369933,1950,10.102173913043476,9.508333333333333,13.236263736263739,14.158064516129034
USC00369933,1951,11.45434782608696,11.365,12.80879120879121,14.048387096774192
USC00369933,1952,11.069021739130434,12.078333333333331,12.625555555555556,11.284999999999997
USC00369933,1953,12.484782608695651,11.253333333333336,12.96758241758242,13.341935483870966
USC00369933,1954,11.558791208791208,13.83666666666667,13.565384615384616,14.616129032258064
USC00369933,1955,12.69728260869565,13.241666666666665,12.946703296703298,14.119354838709677
USC00369933,1956,10.160326086956522,9.964999999999998,12.717582417582415,13.096774193548391
USC00369933,1957,11.97554347826087,12.904999999999998,12.772777777777778,11.274193548387094
USC00369933,1958,10.48695652173913,11.831666666666665,12.961538461538463,12.356451612903225
USC00369933,1959,12.286956521739132,12.849999999999998,14.39120879120879,15.575806451612905
USC00369933,1960,9.803260869565218,14.014999999999999,13.693956043956044,13.117741935483872
USC00369933,1961,10.133695652173913,8.831666666666667,14.832417582417582,14.17741935483871
USC00369933,1962,11.532065217391303,11.498333333333337,11.807142857142857,13.49516129032258
USC00369933,1963,11.261956521739132,11.371666666666666,13.448901098901098,14.345161290322581
USC00369933,1964,11.155434782608697,10.098333333333333,12.699450549450548,10.946774193548388
USC00369933,1965,10.802717391304347,9.925,13.07142857142857,11.816129032258065
USC00369933,1966,10.453804347826088,8.713333333333333,12.214285714285712,11.548387096774196
USC00369933,1967,9.90108695652174,12.13,11.295054945054947,12.033870967741937
USC00369933,1968,10.955434782608695,11.825,13.221428571428573,13.519354838709674
USC00369933,1969,11.073369565217392,12.455,12.266483516483516,12.104838709677422
USC00369933,1970,10.680978260869566,10.640000000000002,14.218681318681318,14.66935483870968
USC00369933,1971,9.608695652173912,9.663333333333334,14.418681318681317,15.979032258064517
USC00369933,1972,10.342391304347826,9.740000000000002,11.802747252747254,10.606451612903227
USC00369933,1973,11.442934782608695,10.968333333333332,14.041208791208792,13.924193548387095
USC00369933,1974,11.852173913043476,12.381666666666666,11.963736263736264,10.675806451612903
USC00369933,1975,10.160326086956522,7.991666666666666,13.675274725274726,14.651612903225809
USC00369933,1976,11.902717391304344,12.356666666666664,10.737362637362637,10.630645161290321
USC00369933,1977,13.114130434782606,12.446666666666665,13.37637362637363,11.858064516129033
USC00369933,1978,9.876086956521739,10.706666666666667,12.824175824175825,11.966129032258062
USC00369933,1979,11.465217391304344,10.265000000000002,13.25611111111111,12.194999999999997
USC00369933,1980,11.223913043478262,11.54833333333333,12.68406593406593,11.985483870967743
USC00369933,1981,11.084782608695653,12.99,11.787912087912089,10.98225806451613
USC00369933,1982,10.668478260869563,9.708333333333334,13.26153846153846,13.058064516129033
USC00369933,1983,10.529347826086957,9.7,13.068131868131868,13.199999999999998
USC00369933,1984,9.605978260869565,10.255,13.054945054945058,15.680645161290322
USC00369933,1985,12.208152173913044,13.148333333333332,14.344505494505494,14.00322580645161
USC00369933,1986,11.734782608695653,11.23333333333333,12.774725274725272,13.71774193548387
USC00369933,1987,11.556521739130435,11.046666666666665,12.657142857142857,10.572580645161288
USC00369933,1988,11.847826086956522,10.931666666666668,11.062087912087911,9.069354838709678
USC00369933,1989,10.557608695652174,10.104999999999999,12.119780219780221,12.475806451612906
USC00369933,1990,11.770967741935483,,13.525274725274725,14.470967741935484
USC00369933,1991,13.033152173913043,12.158333333333331,12.550000000000002,13.267741935483869
USC00369933,1992,9.666304347826085,10.491666666666667,11.557142857142855,10.141935483870968
USC00369933,1993,9.734239130434782,10.330000000000002,12.253296703296705,11.387096774193546
USC00369933,1994,10.824456521739132,13.893333333333333,12.559890109890107,11.198387096774194
USC00369933,1995,11.2625,10.846666666666666,12.307142857142857,14.462903225806448
USC00369933,1996,10.351630434782608,12.246666666666668,12.194505494505492,13.011290322580646
USC00369933,1997,10.64891304347826,10.021666666666667,12.571428571428571,13.23064516129032
USC00369933,1998,12.861413043478258,12.655000000000003,14.339560439560438,13.616129032258065
USC00369933,1999,11.219021739130433,11.74,14.39725274725275,12.814516129032258
USC00369933,2000,13.104347826086958,11.711666666666666,12.757142857142858,13.643548387096772
USC00369933,2001,11.78641304347826,13.109999999999998,14.513736263736268,14.109677419354838
USC00369933,2002,12.52173913043478,13.248333333333331,13.873076923076926,13.283870967741938
USC00369933,2003,11.290217391304349,11.453333333333331,13.700000000000003,11.96290322580645
USC00369933,2004,13.436956521739129,12.313333333333333,13.152747252747249,11.898387096774194
USC00369933,2005,9.040760869565219,10.436666666666666,12.835164835164832,12.166129032258064
USC00369933,2006,12.120652173913046,13.309999999999999,14.207692307692307,14.667741935483871
USC00369933,2007,11.503804347826089,10.196666666666665,15.134615384615385,17.479032258064517
USC00369933,2008,11.832967032967032,12.98965517241379,13.068131868131868,12.264516129032256
USC00369933,2013,11.3375,13.738333333333333,12.268131868131867,13.908064516129034
USC00369950,1946,12.852840909090911,11.087931034482757,14.456666666666665,14.979032258064516
USC00369950,1947,10.683516483516485,11.578333333333337,13.731609195402303,15.806451612903228
USW00004751,1958,5.269565217391304,6.704999999999999,8.115384615384615,8.020967741935484
USW00004751,1959,6.48858695652174,7.113333333333332,9.031318681318682,9.262903225806454
USW00004751,1960,4.397282608695652,8.94,9.079120879120879,7.838709677419357
USW00004751,1961,4.6798913043478265,3.4649999999999994,10.125824175824176,10.259677419354839
USW00004751,1962,6.504891304347824,6.148333333333334,7.342307692307692,8.887096774193546
USW00004751,1963,5.747282608695652,5.936666666666667,8.971978021978023,11.49516129032258
USW00004751,1964,6.39836956521739,6.054999999999999,8.226373626373627,6.919354838709677
USW00004751,1965,5.190217391304347,4.085,8.367582417582415,7.096774193548387
USW00004751,1966,4.9994565217391305,4.658333333333333,7.3159340659340675,6.869354838709678
USW00004751,1967,4.671195652173912,6.8549999999999995,6.483516483516484,8.240322580645161
USW00004751,1968,6.2,7.6850000000000005,8.417582417582416,8.325806451612902
USW00004751,1969,5.217391304347826,7.031666666666666,7.981868131868132,8.51290322580645
USW00004751,1970,5.381521739130435,5.985,9.186813186813188,9.687096774193545
USW00004751,1971,3.7347826086956526,4.408333333333334,9.306043956043956,11.464516129032257
USW00004751,1972,4.392934782608696,3.8600000000000003,6.4983516483516475,5.495161290322581
USW00004751,1973,5.960869565217391,5.536666666666667,9.212087912087913,9.724193548387097
USW00004751,1974,5.230978260869565,6.478333333333334,6.905494505494505,6.532258064516128
USW00004751,1975,5.553804347826087,3.041666666666667,9.701098901098902,9.777419354838708
USW00004751,1976,5.74235294117647,5.516666666666667,4.573076923076924,4.783870967741935
USW00004751,1977,7.453804347826087,7.196666666666667,8.327472527472526,6.485483870967744
USW00004751,1978,4.235869565217392,4.91,7.259340659340659,6.120967741935484
USW00004751,1979,6.022826086956522,5.256666666666667,8.253296703296703,8.035483870967742
USW00004751,1980,4.8,5.396666666666666,6.9895604395604405,5.9322580645161285
USW00004751,1981,4.196195652173913,5.864999999999998,5.5527472527472534,5.546774193548388
USW00004751,1982,5.026630434782609,3.8166666666666673,8.831868131868132,8.696774193548388
USW00004751,1983,4.071195652173913,3.4599999999999995,7.895054945054945,8.006451612903227
USW00004751,1984,3.775,6.858333333333333,8.3010989010989,11.0
USW00004751,1985,7.541304347826086,8.771666666666667,9.395054945054946,8.861290322580645
USW00004751,1986,7.45163043478261,7.319999999999998,8.448351648351649,8.872580645161289
USW00004751,1987,7.826630434782608,8.133333333333335,7.9763736263736265,6.104838709677419
USW00004751,1988,6.334782608695653,5.943333333333334,7.457142857142857,5.3435483870967735
USW00004751,1989,5.557608695652174,4.756666666666666,8.372527472527473,9.51774193548387
USW00004751,1990,6.978260869565218,7.67,9.581868131868132,10.122580645161289
USW00004751,1991,8.905434782608696,8.653333333333332,8.628021978021978,9.888709677419355
USW00004751,1992,5.735326086956522,6.281666666666666,7.765384615384616,6.456451612903226
USW00004751,1993,6.172282608695652,7.283333333333332,7.658791208791209,7.420967741935483
USW00004751,1997,4.194505494505495,4.355172413793104,6.959770114942529,8.129032258064516
USW00004751,1998,7.875,6.8533333333333335,9.040555555555555,8.767741935483867
USW00004751,1999,6.2588888888888885,6.760000000000001,8.796703296703297,7.690322580645162
USW00004751,2000,7.616847826086958,6.116666666666668,7.870329670329671,8.775806451612903
USW00004751,2001,5.874456521739131,7.618333333333334,9.718131868131868,9.311290322580644
USW00004751,2002,5.791304347826086,6.985000000000001,7.817582417582417,6.798387096774195
USW00004751,2003,5.839130434782609,6.725,8.28956043956044,6.582258064516131
USW00004751,2004,7.412499999999998,6.5183333333333335,9.123626373626374,8.088709677419354
USW00004751,2005,4.292391304347826,6.841666666666668,9.263736263736265,8.724193548387097
USW00004751,2006,6.307065217391305,7.390000000000001,8.119780219780221,6.948387096774193
USW00004751,2007,5.804347826086956,4.0166666666666675,9.242307692307692,11.499999999999998
USW00004751,2008,5.042934782608696,8.056666666666665,7.120879120879123,6.462903225806452
USW00004751,2009,6.435326086956521,6.834999999999999,8.093956043956043,6.47741935483871
USW00004751,2010,7.966304347826087,8.518333333333334,7.951098901098902,7.577419354838709
USW00004751,2011,6.0896739130434785,6.483333333333333,9.973626373626372,8.01290322580645
USW00004751,2012,9.821195652173914,6.313333333333334,8.816483516483517,9.774193548387096
USW00004751,2013,6.82445652173913,7.6066666666666665,8.361538461538462,10.211290322580648
USW00004751,2014,5.562637362637362,6.976666666666665,8.362087912087912,9.543548387096772
USW00004751,2015,6.409782608695653,6.706666666666666,10.226373626373627,8.446774193548386
USW00004751,2016,7.43804347826087,5.446666666666667,10.286813186813188,10.009677419354839
USW00004751,2017,7.199456521739131,10.468333333333334,9.759340659340658,11.504838709677417
USW00004751,2018,6.089130434782608,3.485,8.75164835164835,9.290322580645164
USW00004751,2019,6.905978260869564,7.746666666666665,8.87967032967033,10.340322580645159
USW00004751,2020,6.789673913043478,4.991666666666666,10.280219780219781,9.693548387096772
USW00004751,2021,7.630978260869565,7.755,10.542857142857143,13.296774193548387
USW00004751,2022,8.330219780219782,7.343333333333333,9.89010989010989,8.76290322580645
USW00004751,2023,7.783695652173915,9.901666666666667,10.478021978021978,11.303225806451612
USW00004751,2024,9.853260869565219,9.186666666666667,11.344505494505494,10.81290322580645
USW00004751,2025,8.889130434782611,9.106666666666666,8.499450549450549,8.790322580645162
USW00004787,1963,7.817391304347827,7.961666666666665,10.848901098901099,13.624193548387098
USW00004787,1964,8.060869565217391,7.5183333333333335,9.965384615384616,8.651612903225805
USW00004787,1965,7.096739130434783,6.483333333333333,9.672527472527472,8.14516129032258
USW00004787,1966,6.61086956521739,5.869999999999999,8.759340659340658,8.47258064516129
USW00004787,1967,6.34945652173913,8.488333333333335,8.063186813186814,9.309677419354836
USW00004787,1968,8.046195652173914,9.678333333333335,10.222527472527473,9.879032258064514
USW00004787,1969,7.95163043478261,9.338333333333335,9.098351648351647,9.598387096774195
USW00004787,1970,7.644021739130435,8.615,11.313736263736265,11.529032258064515
USW00004787,1971,5.57445652173913,6.023333333333334,11.557692307692305,13.491935483870968
USW00004787,1972,6.981521739130436,6.783333333333334,8.309340659340661,6.925806451612904
USW00004787,1973,8.334782608695651,7.8483333333333345,10.773626373626373,11.343548387096773
USW00004787,1974,7.83641304347826,8.993333333333332,8.954395604395605,8.429032258064517
USW00004787,1975,6.99945652173913,4.626666666666666,10.816483516483515,11.298387096774192
USW00004787,1976,8.617934782608694,9.235000000000001,6.896703296703297,6.870967741935483
USW00004787,1977,10.454347826086957,9.638333333333332,10.31153846153846,8.993548387096775
USW00004787,1978,6.883152173913042,7.233333333333333,10.164835164835164,8.693548387096772
USW00004787,1979,8.572826086956523,7.443333333333334,10.562637362637362,9.345161290322581
USW00004787,1980,7.579891304347824,7.551666666666668,8.615934065934066,7.306451612903226
USW00004787,1981,7.644565217391305,9.058333333333334,8.656043956043957,8.064516129032258
USW00004787,1982,7.872282608695653,5.856666666666667,10.643956043956043,10.743548387096777
USW00004787,1983,7.019565217391305,6.381666666666666,10.360439560439563,9.954838709677416
USW00004787,1984,5.799456521739131,8.156666666666665,10.537362637362637,13.420967741935483
USW00004787,1985,9.559239130434781,10.693333333333333,11.507142857142858,10.917741935483873
USW00004787,1986,9.28695652173913,9.565,9.795054945054945,10.211290322580641
USW00004787,1987,9.455978260869564,9.338333333333335,9.443956043956044,7.3516129032258055
USW00004787,1988,11.355737704918033,7.651666666666667,8.815934065934066,6.4629032258064525
USW00004787,1989,7.170108695652174,6.536666666666665,9.764285714285714,10.746774193548385
USW00004787,1990,8.305978260869566,9.111666666666668,10.876923076923077,11.448387096774194
USW00004787,1991,10.505434782608694,9.741666666666667,6.936065573770491,10.603225806451613
USW00004787,1992,6.547282608695652,7.153333333333335,8.484615384615385,7.264516129032258
USW00004787,1993,7.122282608695653,7.821666666666666,8.679670329670328,8.175806451612901
USW00004787,1994,6.6081521739130435,9.523333333333335,9.910674157303372,9.34032258064516
USW00004787,1995,6.8746987951807235,5.95,8.836813186813188,11.043548387096777
USW00004787,1996,6.1472527472527485,7.183333333333333,8.193956043956044,9.12258064516129
USW00004787,2001,7.348333333333333,9.38103448275862,10.604494382022471,10.379032258064516
USW00004787,2002,7.41358695652174,8.695,9.307386363636363,7.8983333333333325
USW00004787,2003,7.728260869565219,8.778333333333334,9.960112359550564,8.608333333333333
USW00004787,2004,9.006521739130434,8.141666666666667,10.618333333333332,9.645000000000001
USW00004787,2005,6.3489130434782615,9.131666666666666,11.142307692307693,10.491935483870968
USW00004787,2006,8.163586956521739,9.536666666666665,9.677222222222223,8.733333333333333
USW00004787,2007,8.157608695652174,6.215000000000001,11.35,13.754838709677419
USW00004787,2008,7.366304347826087,10.336666666666666,9.374725274725275,8.646774193548387
USW00004787,2009,8.53956043956044,8.805,10.21111111111111,8.551612903225807
USW00004787,2010,10.69945054945055,11.336666666666666,10.445604395604395,10.014516129032257
USW00004787,2011,8.432417582417584,8.398275862068965,10.885164835164833,9.133870967741936
USW00004787,2012,11.196195652173913,7.8,9.575274725274724,10.580645161290322
USW00004787,2013,7.8625,8.934999999999999,10.036666666666665,12.183870967741935
USW00004787,2014,8.040109890109889,9.316666666666668,9.542307692307691,10.754838709677417
USW00004787,2015,9.195108695652175,9.966666666666669,12.39945054945055,10.853225806451615
USW00004787,2016,9.19945054945055,7.525,12.064835164835166,11.688709677419357
USW00004787,2017,8.656043956043957,12.048333333333334,11.156043956043957,12.888709677419355
USW00004787,2018,7.4880434782608685,4.966666666666668,9.78131868131868,10.158064516129032
USW00004787,2019,8.421195652173912,9.344999999999997,10.032967032967033,11.369354838709677
USW00004787,2020,8.26153846153846,6.548333333333334,11.33186813186813,10.691935483870967
USW00004787,2021,9.2625,9.263333333333332,11.673076923076923,14.001612903225807
USW00004787,2022,9.414673913043478,8.155,10.920879120879123,9.925806451612901
USW00004787,2023,9.327472527472526,10.963333333333333,11.734615384615386,12.179032258064515
USW00004787,2024,11.452173913043477,10.978333333333333,12.468681318681318,12.354838709677418
USW00004787,2025,10.514673913043477,10.973333333333334,10.465934065934066,10.519354838709678
USW00004843,1998,9.68804347826087,8.823333333333332,11.595054945054946,10.999999999999998
USW00004843,1999,8.563586956521737,9.411666666666667,11.482777777777779,10.361666666666668
USW00004843,2000,9.692857142857143,8.031666666666665,10.21758241758242,11.564516129032258
USW00004843,2001,7.930978260869564,9.763333333333334,11.46758241758242,10.92741935483871
USW00004843,2002,7.665217391304347,9.115000000000002,10.348888888888888,9.143548387096773
USW00004843,2003,8.024999999999999,8.764999999999999,10.684065934065934,9.241935483870968
USW00004843,2004,9.326630434782608,8.455,11.505494505494505,10.806451612903228
USW00004843,2005,6.831868131868131,9.456896551724139,11.820879120879122,11.238709677419354
USW00004843,2006,8.629347826086958,9.773333333333335,10.19175824175824,8.727419354838712
USW00004843,2007,8.604347826086956,6.553333333333332,12.141208791208793,14.308064516129031
USW00004843,2008,7.671111111111111,10.755,9.939010989010988,9.156451612903227
USW00004843,2009,8.79891304347826,9.3,10.89065934065934,8.956451612903226
USW00004843,2010,10.393478260869566,11.318333333333335,10.75879120879121,10.391935483870968
USW00004843,2011,8.407692307692308,8.901666666666667,11.924175824175823,10.488709677419354
USW00004843,2012,11.656521739130437,7.985000000000001,10.474175824175823,11.12258064516129
USW00004843,2013,8.062637362637362,8.741666666666667,10.219780219780219,11.98225806451613
USW00004843,2014,7.235164835164835,8.985000000000001,9.958333333333332,10.912903225806453
USW00004843,2015,8.743478260869566,9.32,12.89010989010989,10.917741935483873
USW00004843,2016,8.610588235294117,5.980357142857144,12.611538461538462,12.088709677419352
USW00004843,2017,8.951086956521738,12.111666666666668,11.648333333333332,12.669999999999998
USW00004843,2018,7.422282608695652,4.910000000000001,10.373333333333333,10.666129032258064
USW00004843,2019,8.267391304347825,9.26,10.725274725274724,11.943548387096774
USW00004843,2020,8.280978260869567,6.493333333333335,11.395555555555555,10.617741935483872
USW00004843,2021,9.362499999999999,9.24,12.056593406593406,14.537096774193548
USW00004843,2022,9.223369565217391,7.8083333333333345,11.116666666666667,10.335
USW00004843,2023,8.75164835164835,10.308333333333334,12.457865168539328,12.708064516129033
USW00004843,2024,11.326704545454545,11.633333333333331,12.697802197802195,12.314516129032256
USW00004843,2025,9.326630434782608,9.111666666666668,11.123626373626372,11.591935483870964
USW00013739,1941,11.642391304347825,14.368333333333336,15.204945054945055,16.10645161290323
USW00013739,1942,12.896739130434783,12.693333333333335,13.869230769230768,13.99516129032258
USW00013739,1943,10.275,8.228333333333333,12.653846153846153,12.238709677419353
USW00013739,1944,11.005434782608695,9.683333333333334,13.49065934065934,12.603225806451615
USW00013739,1946,12.917391304347827,10.995000000000001,15.302197802197805,15.6258064516129
USW00013739,1947,10.453260869565215,11.516666666666664,14.586263736263735,17.075806451612902
USW00013739,1948,11.434239130434781,11.095,14.400549450549452,12.912903225806451
USW00013739,1949,12.169565217391304,11.895,14.323076923076922,16.558064516129033
USW00013739,1950,9.758695652173913,9.526666666666667,13.936263736263735,15.25967741935484
USW00013739,1951,11.878260869565219,11.976666666666665,13.899999999999999,15.645161290322578
USW00013739,1952,11.534782608695652,13.008333333333331,13.490659340659342,12.104838709677422
USW00013739,1953,12.49945652173913,11.678333333333335,14.748351648351647,15.304838709677423
USW00013739,1954,11.784239130434786,13.498333333333333,14.764285714285714,16.22258064516129
USW00013739,1955,13.026630434782607,13.283333333333331,13.8978021978022,15.014516129032259
USW00013739,1956,9.913586956521737,9.953333333333335,13.543406593406594,14.256451612903225
USW00013739,1957,11.84076086956522,12.353333333333333,13.873076923076924,12.259677419354837
USW00013739,1958,10.955434782608695,12.331666666666669,13.384065934065937,13.183870967741935
USW00013739,1959,12.340760869565216,12.68833333333333,14.826923076923077,15.59032258064516
USW00013739,1960,10.060869565217391,13.703333333333335,13.232417582417584,12.648387096774195
USW00013739,1961,10.273913043478261,9.896666666666668,14.12912087912088,13.154838709677422
USW00013739,1962,11.21032608695652,11.08,12.11098901098901,13.46774193548387
USW00013739,1963,11.007608695652172,11.349999999999998,13.325824175824177,13.95806451612903
USW00013739,1964,11.581521739130432,10.45166666666667,13.098901098901097,11.437096774193549
USW00013739,1965,10.40108695652174,9.431666666666668,13.157142857142858,12.07258064516129
USW00013739,1966,9.950543478260869,8.761666666666665,12.791758241758242,11.717741935483874
USW00013739,1967,9.266847826086956,10.958333333333334,13.063736263736264,13.758064516129032
USW00013739,1968,11.567391304347824,12.528333333333332,14.265934065934067,14.485483870967741
USW00013739,1969,11.738043478260868,12.926666666666666,13.07197802197802,12.779032258064515
USW00013739,1970,10.879891304347826,10.853333333333335,15.590109890109888,15.58548387096774
USW00013739,1971,10.57554347826087,10.870000000000003,15.78076923076923,17.47258064516129
USW00013739,1972,10.751630434782609,9.851666666666665,12.831318681318683,11.454838709677418
USW00013739,1973,11.983152173913044,11.871666666666666,15.134065934065935,15.098387096774193
USW00013739,1974,12.109782608695651,13.174999999999999,13.935714285714287,12.645161290322578
USW00013739,1975,11.19836956521739,9.246666666666666,15.646703296703294,16.219354838709677
USW00013739,1976,12.866304347826086,13.623333333333335,11.788461538461538,11.380645161290321
USW00013739,1977,14.042391304347827,14.003333333333332,13.78186813186813,12.375806451612902
USW00013739,1978,10.196739130434782,10.356666666666666,14.04010989010989,13.030645161290321
USW00013739,1979,12.917934782608699,11.276666666666667,14.322527472527474,12.706451612903226
USW00013739,1980,11.88967391304348,12.628333333333336,13.71813186813187,12.691935483870965
USW00013739,1981,11.320108695652175,12.615,12.826373626373627,11.711290322580647
USW00013739,1982,11.434239130434783,10.108333333333333,14.212087912087911,13.819354838709677
USW00013739,1983,11.066847826086954,10.545,14.12142857142857,13.629032258064516
USW00013739,1984,9.218478260869567,10.100000000000001,13.780219780219781,16.233870967741932
USW00013739,1985,12.672826086956523,13.026666666666667,15.468681318681321,15.153225806451614
USW00013739,1986,12.691304347826087,11.838333333333333,13.814835164835163,14.348387096774196
USW00013739,1987,12.346739130434786,11.711666666666668,13.549999999999999,11.401612903225807
USW00013739,1988,11.780978260869563,10.731666666666664,12.97252747252747,11.001612903225803
USW00013739,1989,11.289130434782608,11.303333333333333,14.234615384615383,14.579032258064514
USW00013739,1990,11.970652173913045,11.806666666666667,15.497802197802198,16.63225806451613
USW00013739,1991,14.160326086956525,13.048333333333334,14.731318681318681,14.912903225806451
USW00013739,1992,11.332608695652173,11.753333333333336,13.967582417582417,12.85967741935484
USW00013739,1993,11.90815217391304,12.333333333333332,14.91978021978022,14.448387096774194
USW00013739,1994,12.689673913043478,15.241666666666667,15.054395604395605,14.11451612903226
USW00013739,1995,12.958152173913048,12.471666666666664,14.586813186813185,16.3
USW00013739,1996,10.32228260869565,11.479999999999997,12.994505494505495,13.461290322580647
USW00013739,1997,10.895652173913042,10.741666666666667,13.464835164835165,14.06290322580645
USW00013739,1998,13.144021739130435,12.926666666666666,15.213186813186814,14.564516129032263
USW00013739,1999,11.810326086956522,11.925000000000002,14.952197802197801,13.351612903225806
USW00013739,2000,12.733152173913044,11.406666666666665,13.603296703296701,14.27258064516129
USW00013739,2001,11.94945652173913,12.679999999999998,15.616483516483516,15.061290322580644
USW00013739,2002,12.953260869565215,13.99666666666667,14.726373626373626,14.20322580645161
USW00013739,2003,11.482065217391304,11.459999999999999,14.924725274725276,13.3
USW00013739,2004,13.455434782608696,12.383333333333331,14.518681318681319,13.41774193548387
USW00013739,2005,10.793478260869566,12.929999999999998,15.87912087912088,14.850000000000001
USW00013739,2006,12.896195652173912,13.69,14.534065934065934,13.430645161290323
USW00013739,2007,11.969021739130433,10.436666666666667,15.987362637362637,18.05
USW00013739,2008,12.261956521739132,13.498333333333335,14.15274725274725,13.646774193548387
USW00013739,2009,12.630434782608695,13.094999999999999,14.664835164835164,13.537096774193548
USW00013739,2010,14.479347826086961,14.658333333333335,15.57692307692308,15.004838709677419
USW00013739,2011,13.38478260869565,13.781666666666668,15.567582417582416,14.258064516129032
USW00013739,2012,14.814673913043478,13.09,14.44010989010989,15.238709677419356
USW00013739,2013,11.985326086956523,12.666666666666666,14.473076923076926,15.893548387096777
USW00013739,2014,11.502173913043476,12.128333333333334,14.74835164835165,15.506451612903225
USW00013739,2015,12.707608695652175,12.973333333333333,16.672527472527474,14.722580645161285
USW00013739,2016,13.416304347826085,12.476666666666665,16.263186813186813,15.76290322580645
USW00013739,2017,12.691847826086958,15.256666666666666,16.131868131868128,17.81935483870968
USW00013739,2018,11.55163043478261,10.231666666666671,14.637362637362637,14.948387096774194
USW00013739,2019,13.357065217391305,15.001666666666665,15.004395604395606,16.22741935483871
USW00013739,2020,12.215760869565216,10.868333333333332,15.762637362637362,15.327419354838709
USW00013739,2021,13.167391304347825,13.129999999999999,16.015384615384615,17.809677419354838
USW00013739,2022,13.593478260869567,12.221666666666668,15.57802197802198,13.990322580645161
USW00013739,2023,12.903260869565216,14.588333333333333,15.496153846153845,16.35322580645161
USW00013739,2024,13.957608695652178,13.488333333333335,16.345054945054947,16.498387096774195
USW00013739,2025,13.966304347826085,13.695,15.795054945054945,15.677419354838708
USW00013779,1874,8.717934782608697,5.734999999999999,13.25164835164835,13.090322580645163
USW00013779,1875,8.41195652173913,7.508333333333334,11.230769230769228,12.040322580645164
USW00013779,1876,9.445652173913043,9.348333333333334,11.795604395604395,10.483870967741938
USW00013779,1877,9.82336956521739,9.91,14.15769230769231,14.416129032258066
USW00013779,1878,12.497826086956522,13.550000000000002,14.143406593406596,14.70806451612903
USW00013779,1879,10.614673913043479,9.396666666666668,14.139010989010986,16.966129032258063
USW00013779,1880,12.10054347826087,11.565,12.719780219780219,12.96290322580645
USW00013779,1881,10.376086956521739,9.31,16.237912087912086,16.033870967741937
USW00013779,1882,10.289130434782608,10.145000000000001,14.54010989010989,15.99032258064516
USW00013779,1883,10.236413043478262,10.428333333333335,13.567032967032969,13.303225806451612
USW00013779,1884,10.579891304347827,9.501666666666665,14.547802197802197,14.537096774193547
USW00013779,1885,8.45054347826087,10.376666666666667,13.213186813186812,13.158064516129032
USW00013779,1886,11.115217391304348,12.544999999999996,14.790659340659339,15.098387096774195
USW00013779,1887,10.991847826086955,10.516666666666664,13.226373626373626,13.577419354838709
USW00013779,1888,9.533152173913043,10.578333333333331,12.692307692307692,10.89516129032258
USW00013779,1889,11.850543478260867,11.755,12.974725274725273,11.508064516129034
USW00013779,1890,10.63695652173913,11.069999999999999,13.509890109890112,13.051612903225807
USW00013779,1891,10.579347826086956,12.398333333333333,13.790109890109889,12.658064516129034
USW00013779,1892,9.70108695652174,10.481666666666664,13.069230769230769,13.57258064516129
USW00013779,1893,10.129891304347826,10.368333333333336,13.163736263736265,14.204838709677418
USW00013779,1894,12.252173913043478,10.774999999999999,13.578571428571424,14.040322580645164
USW00013779,1895,10.330978260869564,10.916666666666668,13.943956043956044,11.469354838709675
USW00013779,1896,11.526630434782609,12.913333333333332,14.00879120879121,11.991935483870968
USW00013779,1897,11.560326086956524,11.488333333333333,14.180769230769231,14.587096774193549
USW00013779,1898,11.621195652173913,9.713333333333335,14.541208791208792,14.767741935483869
USW00013779,1899,11.354891304347827,11.858333333333333,14.059340659340657,14.762903225806449
USW00013779,1900,10.754891304347826,12.025000000000002,16.160989010989013,16.425806451612903
USW00013779,1901,10.448913043478262,10.081666666666667,13.311538461538461,13.941935483870965
USW00013779,1902,12.10869565217391,11.421666666666663,14.818131868131868,14.472580645161292
USW00013779,1903,13.392934782608695,11.811666666666667,13.33846153846154,14.345161290322583
USW00013779,1904,10.755434782608695,9.478333333333332,12.804395604395602,12.448387096774193
USW00013779,1905,11.663586956521739,11.426666666666664,13.997252747252746,14.374193548387098
USW00013779,1906,11.145108695652173,13.055000000000001,14.559340659340657,13.467741935483874
USW00013779,1907,9.847282608695652,8.563333333333333,13.703296703296703,12.288709677419355
USW00013779,1908,12.460326086956524,12.57666666666667,14.663186813186812,15.917741935483871
USW00013779,1909,11.443478260869565,11.756666666666668,14.163186813186815,12.8
USW00013779,1910,13.192391304347826,13.893333333333334,14.334615384615383,15.601612903225806
USW00013779,1911,11.491847826086957,9.98,13.596703296703296,14.07258064516129
USW00013779,1912,11.177717391304347,11.370000000000001,15.076373626373627,15.582258064516127
USW00013779,1913,12.935326086956522,12.526666666666667,14.8010989010989,15.567741935483872
USW00013779,1914,11.22554347826087,10.566666666666663,14.58186813186813,16.187096774193545
USW00013779,1915,11.24945652173913,14.078333333333335,15.211538461538462,15.23709677419355
USW00013779,1916,10.284782608695654,10.79,14.42857142857143,14.790322580645165
USW00013779,1917,10.260326086956523,11.280000000000001,12.142857142857142,12.090322580645159
USW00013779,1918,12.583695652173912,11.23,14.347252747252744,15.896774193548385
USW00013779,1919,12.192934782608695,11.336666666666668,14.963186813186814,16.22741935483871
USW00013779,1920,11.009239130434782,10.776666666666669,15.216483516483514,16.9
USW00013779,1921,14.341847826086955,14.743333333333334,15.073076923076927,14.29032258064516
USW00013779,1922,12.620652173913042,12.246666666666666,15.265384615384614,15.896774193548387
USW00013779,1923,11.203260869565218,11.453333333333337,14.289010989010993,13.980645161290326
USW00013779,1924,10.355978260869565,10.616666666666669,13.741208791208791,14.806451612903226
USW00013779,1925,12.39782608695652,12.735000000000001,13.452747252747253,11.222580645161289
USW00013779,1926,10.420652173913044,10.185,13.89175824175824,13.870967741935484
USW00013779,1927,11.670652173913044,10.495000000000001,15.693406593406594,15.78225806451613
USW00013779,1928,10.92228260869565,10.306666666666667,14.518131868131867,15.508064516129032
USW00013779,1929,13.017391304347827,12.853333333333333,14.353296703296701,13.245161290322581
USW00013779,1930,12.119565217391305,10.676666666666668,15.254395604395606,13.73709677419355
USW00013779,1931,11.784239130434784,11.755,17.52637362637363,17.009677419354837
USW00013779,1932,10.896195652173915,11.115,14.86208791208791,15.332258064516129
USW00013779,1933,12.122826086956522,12.081666666666665,14.292307692307691,14.350000000000001
USW00013779,1934,11.709239130434783,11.786666666666665,15.063736263736265,13.35483870967742
USW00013779,1935,11.559239130434783,10.905,14.403296703296702,14.308064516129031
USW00013779,1936,12.684239130434781,10.090000000000002,13.999999999999998,14.737096774193551
USW00013779,1937,10.979891304347825,10.704999999999997,13.267032967032966,12.80483870967742
USW00013779,1938,12.3,12.878333333333332,14.5,15.166129032258064
USW00013779,1939,11.585326086956524,10.19,14.031868131868128,14.224193548387097
USW00013779,1940,9.674456521739133,9.026666666666666,13.32197802197802,12.366129032258067
USW00013779,1941,12.3679347826087,15.139999999999997,16.39285714285714,17.124193548387098
USW00013779,1942,13.360869565217392,13.445,14.867032967032966,14.980645161290322
USW00013779,1943,10.792934782608697,8.753333333333334,13.72307692307692,13.462903225806452
USW00013779,1944,11.58695652173913,10.16,14.541208791208792,14.020967741935486
USW00013779,1945,14.042934782608697,13.958333333333336,14.932967032967033,14.022580645161291
USW00013779,1946,13.415217391304349,11.58,16.560439560439562,16.866129032258065
USW00013779,1947,10.858152173913044,12.048333333333334,15.295604395604396,17.922580645161293
USW00013779,1948,11.73913043478261,11.355,15.327472527472526,13.814516129032256
USW00013779,1949,12.46141304347826,12.268333333333334,14.947802197802202,17.15806451612903
USW00013779,1950,9.919021739130434,9.778333333333334,14.37087912087912,15.840322580645159
USW00013779,1951,12.12663043478261,12.253333333333332,14.389560439560437,15.916129032258066
USW00013779,1952,11.809782608695652,13.213333333333335,14.477777777777776,13.127419354838711
USW00013779,1953,12.705978260869566,11.98,15.869780219780221,16.374193548387098
USW00013779,1954,11.94782608695652,13.345,15.225274725274728,16.598387096774196
USW00013779,1955,13.041304347826085,13.051666666666668,14.823626373626373,15.883870967741936
USW00013779,1956,9.957608695652173,9.83,14.578021978021974,15.166129032258063
USW00013779,1957,12.35217391304348,12.745000000000001,14.993406593406595,13.709677419354838
USW00013779,1958,11.596739130434784,12.968333333333335,14.156043956043957,13.625806451612902
USW00013779,1959,13.046739130434782,13.343333333333332,15.824725274725274,16.606451612903225
USW00013779,1960,11.214673913043478,14.446666666666664,15.431868131868134,15.016129032258062
USW00013779,1961,11.123913043478261,10.543333333333331,16.678571428571427,16.195161290322584
USW00013779,1962,13.036413043478257,13.283333333333335,13.40769230769231,14.888709677419353
USW00013779,1963,12.964130434782607,13.335,15.940659340659339,17.75161290322581
USW00013779,1964,12.766304347826084,10.919999999999998,15.14175824175824,13.835483870967742
USW00013779,1974,12.747826086956524,14.018333333333333,14.189560439560442,13.259677419354839
USW00013779,1975,11.715760869565216,10.051666666666668,16.184065934065934,16.35645161290322
USW00013779,1976,13.4125,14.661666666666667,13.26758241758242,12.796774193548385
USW00013779,1977,14.42445652173913,14.025,14.868131868131869,13.806451612903228
USW00013779,1978,10.630434782608695,10.963333333333331,14.32802197802198,13.820967741935485
USW00013779,1979,12.930434782608694,11.481666666666666,15.01153846153846,13.40967741935484
USW00013779,1980,13.160326086956522,13.908333333333335,14.965384615384615,14.03709677419355
USW00013779,1981,13.02717391304348,14.155,14.320329670329672,13.370967741935484
USW00013779,1982,11.919021739130434,11.163333333333332,15.335714285714285,15.190322580645162
USW00013779,1983,12.23913043478261,12.101666666666665,16.562637362637364,15.94516129032258
USW00013779,1984,12.12010869565217,13.150000000000002,16.40384615384615,18.71129032258065
USW00013779,1985,13.982065217391304,14.231666666666667,17.488461538461536,17.133870967741938
USW00013779,1986,14.133152173913041,13.333333333333336,15.17802197802198,15.630645161290321
USW00013779,1987,13.023913043478261,12.101666666666665,14.439010989010987,12.733870967741934
USW00013779,1988,12.329891304347827,11.051666666666668,14.210989010989012,12.370967741935484
USW00013779,1989,12.095652173913043,12.381666666666666,15.103296703296705,15.81451612903226
USW00013779,1990,12.778804347826087,12.841666666666667,16.160439560439563,17.325806451612902
USW00013779,1991,14.515760869565218,13.479999999999999,14.996703296703297,15.372580645161289
USW00013779,1992,11.05,11.403333333333332,13.926373626373627,12.966129032258062
USW00014711,1941,10.71358695652174,13.194999999999999,14.517032967032966,15.525806451612905
USW00014711,1942,12.038586956521739,12.325,12.635714285714284,13.108064516129032
USW00014711,1943,8.991176470588234,7.41,11.46813186813187,11.391935483870965
USW00014711,1944,10.663586956521739,9.148333333333333,12.25449438202247,11.5
USW00014711,1946,11.884615384615381,10.18448275862069,13.943820224719104,14.85967741935484
USW00014711,1947,9.842391304347826,11.038333333333332,12.051333333333332,16.19565217391304
USW00014711,1948,11.098369565217393,11.086666666666666,12.898314606741572,11.412903225806453
USW00014711,1949,11.076630434782611,10.623333333333333,12.726923076923079,15.416129032258064
USW00014711,1950,9.318478260869563,9.011666666666667,12.463736263736262,13.593548387096773
USW00014711,1951,11.039130434782608,11.071666666666667,12.393956043956045,14.00322580645161
USW00014711,1952,10.7375,12.165,12.165934065934065,10.503225806451614
USW00014711,1953,11.930978260869564,10.96666666666667,13.040109890109894,13.362903225806452
USW00014711,1954,11.071739130434782,12.98,13.307142857142857,14.375806451612906
USW00014711,1955,12.272826086956524,12.881666666666664,12.656593406593407,13.899999999999999
USW00014711,1956,9.572826086956523,9.548333333333334,12.256043956043959,13.138709677419355
USW00014711,1957,11.653804347826087,12.446666666666665,13.017032967032966,11.540322580645164
USW00014711,1958,10.810869565217391,11.938333333333334,12.865934065934068,12.50806451612903
USW00014711,1959,12.226630434782608,12.87,13.476136363636364,14.764516129032257
USW00014711,1960,10.044565217391305,13.983333333333333,13.092857142857142,12.517741935483873
USW00014711,1961,9.923913043478262,9.194999999999999,14.53406593406593,13.73225806451613
USW00014711,1962,11.592391304347826,11.373333333333335,11.15,12.638709677419353
USW00014711,1963,11.185869565217393,11.569999999999997,13.320329670329672,15.012903225806452
USW00014711,1964,10.15,8.56,12.775274725274727,11.211290322580643
USW00014711,1965,10.208152173913044,9.520000000000001,12.666483516483515,11.169354838709678
USW00014711,1992,10.395652173913044,10.958333333333334,12.028021978021977,10.712903225806448
USW00014711,1993,10.444565217391304,10.696666666666667,12.276373626373628,11.556451612903228
USW00014711,1994,10.810869565217391,13.75,13.436263736263736,12.09032258064516
USW00014711,1995,11.401630434782609,10.503333333333334,12.875824175824174,14.983870967741936
USW00014711,1996,10.011956521739132,11.371666666666668,12.162087912087912,12.691935483870967
USW00014711,1997,10.583152173913044,10.585,12.753846153846155,13.419354838709678
USW00014711,1998,12.951630434782611,12.564999999999998,14.11043956043956,13.237096774193548
USW00014711,1999,11.869565217391305,12.143333333333333,13.971428571428575,12.193548387096772
USW00014711,2000,12.783152173913043,11.343333333333334,12.694505494505496,13.23709677419355
USW00014711,2001,10.369565217391303,10.820000000000002,13.599450549450548,13.132258064516126
USW00014711,2002,11.249456521739134,12.644999999999998,12.6489010989011,11.574193548387097
USW00014711,2003,9.852173913043478,10.336666666666668,12.987362637362638,11.3
USW00014711,2004,12.742934782608694,11.671666666666669,13.669780219780218,12.256451612903225
USW00014711,2005,10.36141304347826,12.495000000000001,14.445604395604395,13.756451612903229
USW00014711,2006,11.858695652173916,12.554999999999998,12.782967032967035,12.037096774193548
USW00014711,2007,11.044021739130434,9.575,14.567032967032969,16.683870967741935
USW00014711,2008,10.803260869565218,12.401666666666667,12.651648351648353,11.716129032258063
USW00014711,2009,11.430434782608698,11.891666666666664,13.149999999999999,11.850000000000001
USW00014711,2010,13.469565217391308,13.456666666666669,13.731868131868133,13.258064516129034
USW00014711,2011,11.885326086956523,12.438333333333336,13.487362637362635,12.16451612903226
USW00014711,2012,13.85869565217391,11.535000000000004,12.450000000000001,13.088709677419354
USW00014711,2013,10.700000000000003,11.596666666666664,12.682417582417584,14.098387096774196
USW00014711,2014,10.235869565217394,10.885,12.929120879120878,13.924193548387096
USW00014711,2015,11.507608695652175,11.82666666666667,14.76923076923077,12.791935483870969
USW00014711,2016,12.234239130434782,11.128333333333332,14.918681318681317,14.651612903225807
USW00014711,2017,11.845652173913043,14.62,14.301648351648351,16.206451612903226
USW00014711,2018,10.878804347826087,9.411666666666667,13.691758241758242,14.154838709677417
USW00014711,2019,12.467934782608697,13.740000000000002,14.102747252747251,15.101612903225808
USW00014711,2020,11.402173913043478,9.776666666666669,14.70659340659341,14.351612903225808
USW00014711,2021,12.695652173913043,12.939999999999998,14.743406593406595,16.880645161290325
USW00014711,2022,12.07228260869565,10.698333333333332,13.681868131868132,12.404838709677417
USW00014711,2023,12.122282608695652,13.866666666666669,14.242307692307692,15.0
USW00014711,2024,13.330434782608695,12.981666666666667,14.44120879120879,14.246774193548388
USW00014711,2025,12.826630434782611,12.761666666666665,13.803296703296702,13.411290322580648
USW00014712,1949,10.539673913043478,10.110000000000003,12.323076923076922,14.888709677419355
USW00014712,2000,11.68913043478261,10.301666666666664,11.688461538461537,12.29032258064516
USW00014712,2001,10.082608695652175,10.708333333333336,13.15274725274725,12.803225806451612
USW00014712,2002,11.021195652173912,12.343333333333334,12.447802197802197,11.47258064516129
USW00014712,2003,9.732065217391304,9.978333333333332,12.626373626373624,10.859677419354838
USW00014712,2004,12.230434782608697,11.283333333333333,12.95989010989011,11.588709677419356
USW00014712,2005,9.617934782608696,12.200000000000001,14.131318681318676,13.459677419354842
USW00014712,2006,11.455978260869566,11.996666666666664,12.665384615384616,11.603225806451613
USW00014712,2007,10.636956521739132,9.241666666666667,14.034615384615384,16.364516129032257
USW00014712,2008,10.613043478260868,12.215,12.346703296703296,11.482258064516133
USW00014712,2009,11.435326086956522,11.729999999999999,13.084615384615388,11.841935483870968
USW00014712,2010,13.534239130434784,13.458333333333336,13.614285714285716,13.101612903225808
USW00014712,2011,12.101630434782608,12.791666666666666,13.92032967032967,12.57258064516129
USW00014712,2012,14.046739130434782,11.576666666666666,12.58076923076923,13.388709677419355
USW00014712,2013,11.0875,11.838333333333333,12.667582417582414,14.024193548387093
USW00014712,2014,9.938586956521739,10.728333333333333,12.860989010989007,13.996774193548386
USW00014712,2015,10.989673913043477,11.366666666666667,14.32087912087912,12.280645161290321
USW00014712,2016,11.826086956521742,10.575000000000001,14.289010989010988,13.785483870967742
USW00014712,2017,11.385869565217394,14.389999999999997,13.930219780219781,15.743548387096773
USW00014712,2018,10.5125,8.853333333333333,13.428021978021976,13.88548387096774
USW00014712,2019,11.953804347826088,13.575000000000001,13.403296703296704,14.635483870967745
USW00014712,2020,11.319021739130436,9.721666666666666,14.29010989010989,13.770967741935483
USW00014712,2021,12.109782608695651,12.125,14.242307692307692,16.36290322580645
USW00014712,2022,12.216304347826087,10.848333333333334,13.595604395604395,12.112903225806454
USW00014712,2023,12.07119565217391,13.715000000000002,13.856593406593404,14.761290322580646
USW00014712,2024,13.397282608695656,12.928333333333336,14.834615384615383,14.748387096774195
USW00014712,2025,13.134782608695653,13.016666666666664,14.09230769230769,13.849999999999998
USW00014736,1949,8.995108695652174,8.684999999999999,10.776373626373628,13.379032258064518
USW00014736,1950,8.385365853658538,6.398333333333334,10.26043956043956,11.961290322580647
USW00014736,1951,8.807065217391306,8.575,10.291208791208792,12.23225806451613
USW00014736,1952,8.30054347826087,9.740000000000002,10.747252747252748,9.372580645161289
USW00014736,1953,9.533695652173913,8.186666666666667,11.992777777777778,12.68548387096774
USW00014736,1954,9.03641304347826,11.965000000000003,11.38791208791209,12.46290322580645
USW00014736,1963,9.873913043478263,10.335000000000003,12.269780219780221,14.44516129032258
USW00014736,1964,9.330978260869564,8.418333333333333,10.785714285714285,9.167741935483871
USW00014736,1965,7.951630434782608,7.721666666666666,11.037362637362637,9.637096774193546
USW00014736,1966,8.291304347826085,7.263333333333333,9.792307692307691,9.195161290322583
USW00014736,1967,7.828804347826086,10.075,10.16208791208791,11.049999999999997
USW00014736,1968,10.239673913043477,11.486666666666666,12.26923076923077,11.366129032258064
USW00014736,1969,10.180434782608696,11.968333333333334,10.84175824175824,10.658064516129034
USW00014736,1970,10.619021739130433,11.551666666666666,13.486263736263735,13.62741935483871
USW00014736,1971,8.323913043478262,8.991666666666667,13.064285714285713,14.849999999999998
USW00014736,1972,9.468478260869565,9.785,10.18021978021978,9.112903225806452
USW00014736,1973,10.018478260869566,9.361666666666668,12.484065934065933,12.614516129032255
USW00014736,1974,9.784782608695652,11.135,10.715384615384615,10.229032258064516
USW00014736,1975,8.540760869565217,6.615,12.430219780219781,12.943548387096772
USW00014736,1976,10.22336956521739,11.028333333333336,8.637912087912088,8.37741935483871
USW00014736,1977,12.10163043478261,10.991666666666667,11.240109890109888,9.717741935483874
USW00014736,1978,7.496195652173912,8.356666666666667,10.153846153846153,8.561290322580646
USW00014736,1979,9.221195652173913,8.373333333333335,10.954945054945052,9.480645161290322
USW00014736,1980,8.302173913043479,8.110000000000001,8.945054945054945,7.824193548387098
USW00014736,1981,8.742934782608696,10.731666666666667,10.042307692307693,9.174193548387098
USW00014736,1982,8.492391304347825,7.176666666666667,11.33021978021978,10.956451612903226
USW00014736,1983,7.709239130434782,7.204999999999999,11.192307692307692,11.070967741935485
USW00014736,1984,7.42282608695652,9.205000000000002,12.193956043956044,15.753225806451612
USW00014736,1985,10.548369565217392,11.721666666666668,13.62692307692308,12.935483870967744
USW00014736,1986,10.108695652173912,10.053333333333335,11.148351648351648,11.640322580645163
USW00014736,1987,10.267934782608695,10.215000000000002,10.621978021978022,8.464516129032257
USW00014736,1988,9.420108695652175,8.898333333333333,9.9978021978022,7.996774193548387
USW00014736,1989,8.262500000000001,8.17,10.83241758241758,11.619354838709675
USW00014736,1990,9.731521739130436,10.123333333333331,12.290659340659346,12.829032258064515
USW00014736,1991,11.463043478260872,10.805000000000001,11.53131868131868,12.045161290322582
USW00014736,1992,8.44836956521739,9.316666666666666,10.256043956043957,9.287096774193547
USW00014736,1993,8.746666666666666,8.613333333333333,10.28131868131868,9.788709677419357
USW00014736,1994,9.292391304347825,13.073333333333332,12.380769230769229,11.175806451612903
USW00014736,1995,10.010326086956521,8.701666666666666,10.49945054945055,13.040322580645162
USW00014736,1996,8.222826086956522,9.641666666666667,10.315384615384614,11.235483870967743
USW00014736,1997,8.540217391304347,8.561666666666666,10.813736263736264,11.485483870967744
USW00014736,1998,11.541304347826088,10.96,13.20934065934066,12.167741935483868
USW00014736,1999,9.687499999999998,10.478333333333333,11.098901098901099,9.864516129032259
USW00014736,2000,10.220652173913043,8.55,10.497252747252746,11.783870967741938
USW00014736,2001,8.317391304347826,10.016666666666664,11.7489010989011,11.343548387096773
USW00014736,2002,9.09891304347826,10.140000000000002,10.715934065934066,9.496774193548386
USW00014736,2003,8.600543478260871,9.575000000000001,10.853296703296701,9.267741935483869
USW00014736,2004,10.232608695652175,9.383333333333333,11.474725274725275,10.437096774193547
USW00014736,2005,7.4913043478260875,10.165000000000001,11.986263736263735,11.680645161290322
USW00014736,2006,9.519565217391303,10.918333333333331,10.668131868131868,10.02903225806452
USW00014736,2007,9.44891304347826,7.55,12.082967032967032,14.346774193548388
USW00014736,2008,8.905978260869565,11.111666666666666,10.220879120879122,9.629032258064516
USW00014736,2009,9.434239130434783,9.560000000000002,11.08241758241758,9.695161290322579
USW00014736,2010,11.49836956521739,12.065,11.726373626373626,11.695161290322579
USW00014736,2011,10.617934782608698,11.111666666666668,12.383516483516484,10.796774193548387
USW00014736,2012,13.064673913043482,10.224999999999998,11.516265060240963,11.661290322580646
USW00014736,2013,9.43294117647059,10.49137931034483,10.864285714285716,12.703225806451615
USW00014736,2014,8.772527472527472,9.7,10.88901098901099,12.161290322580644
USW00014736,2015,10.021739130434783,10.25,12.907692307692306,10.954838709677418
USW00014736,2016,10.38804347826087,9.028333333333332,13.05,12.663793103448278
USW00014736,2017,10.789673913043476,13.844999999999999,12.605494505494502,14.81290322580645
USW00014736,2018,9.409782608695654,7.395,12.259890109890112,12.816129032258063
USW00014736,2019,10.32173913043478,11.340000000000002,11.866483516483516,12.835483870967742
USW00014736,2020,9.755434782608697,8.121666666666666,12.378021978021978,11.820967741935483
USW00014736,2021,10.428804347826086,10.459999999999999,12.74065934065934,14.990322580645165
USW00014736,2022,10.347252747252746,9.058333333333334,11.563736263736264,10.26774193548387
USW00014736,2023,10.241847826086957,11.855,11.832967032967035,12.46774193548387
USW00014736,2024,12.224999999999998,11.771666666666667,12.604395604395608,12.766129032258064
USW00014736,2025,11.48858695652174,11.695,11.291208791208792,11.12903225806452
USW00014737,1948,9.93478260869565,9.871666666666668,12.680219780219781,11.038709677419352
USW00014737,1949,10.24945652173913,10.104999999999999,12.091758241758239,14.646774193548387
USW00014737,1950,8.016304347826086,7.873333333333334,11.857692307692307,13.208064516129033
USW00014737,1951,9.909239130434782,9.856666666666667,11.095604395604395,12.796774193548389
USW00014737,1952,9.36413043478261,10.888333333333332,11.325824175824172,9.75
USW00014737,1953,10.26358695652174,9.309999999999997,12.36483516483516,12.959677419354836
USW00014737,1954,9.370652173913042,11.358333333333333,12.14175824175824,13.488709677419351
USW00014737,1955,10.77445652173913,11.500000000000002,11.646153846153847,12.970967741935484
USW00014737,1956,7.825,8.146666666666667,11.203846153846156,12.162903225806453
USW00014737,1957,10.08641304347826,10.816666666666668,12.076923076923075,10.824193548387099
USW00014737,1958,9.344021739130437,10.833333333333334,11.489560439560437,11.175806451612905
USW00014737,1959,10.67391304347826,11.265000000000002,13.013186813186817,13.620967741935484
USW00014737,1960,8.544021739130436,12.228333333333332,12.037912087912089,11.664516129032258
USW00014737,1961,8.609782608695653,7.706666666666667,13.809890109890112,13.032258064516125
USW00014737,1962,10.413586956521739,10.175,10.667032967032966,11.9258064516129
USW00014737,1963,9.724456521739132,10.258333333333335,12.76153846153846,14.120967741935482
USW00014737,1964,9.771739130434783,8.528333333333332,12.068131868131868,10.387096774193548
USW00014737,1965,9.570652173913043,8.421666666666665,11.45989010989011,10.493548387096775
USW00014737,1966,8.357065217391305,7.596666666666666,11.013186813186813,9.862903225806448
USW00014737,1967,7.508152173913045,9.313333333333333,9.96098901098901,10.611290322580645
USW00014737,1968,9.757065217391306,11.088333333333333,12.659340659340662,13.090322580645159
USW00014737,1969,10.406521739130437,11.465,11.089010989010989,10.806451612903228
USW00014737,1970,8.815217391304348,9.116666666666667,13.098901098901097,13.041935483870967
USW00014737,1971,8.179347826086955,8.716666666666667,13.236263736263735,14.895161290322578
USW00014737,1972,9.201630434782608,8.379999999999999,10.51978021978022,8.991935483870968
USW00014737,1973,10.0875,9.969999999999997,13.024725274725277,13.074193548387095
USW00014737,1974,10.319021739130434,11.353333333333333,11.021978021978022,9.780645161290321
USW00014737,1975,9.497282608695652,7.514999999999999,13.132417582417585,13.825806451612905
USW00014737,1976,10.418478260869565,11.258333333333335,10.179120879120878,10.066129032258067
USW00014737,1977,12.167391304347827,11.321666666666664,12.627472527472527,11.858064516129032
USW00014737,1978,9.592934782608696,10.226666666666665,12.095604395604395,11.599999999999998
USW00014737,1979,11.109239130434784,9.696666666666667,12.876373626373624,11.412903225806453
USW00014737,1980,10.970652173913043,11.616666666666667,12.985714285714286,12.446774193548384
USW00014737,1981,10.22391304347826,10.933333333333335,11.19945054945055,9.846774193548388
USW00014737,1982,9.441847826086954,8.446666666666667,12.520329670329671,12.21290322580645
USW00014737,1983,9.885326086956521,9.544999999999998,12.635164835164836,12.387096774193548
USW00014737,1984,8.462499999999999,9.623333333333333,12.850549450549451,15.287096774193547
USW00014737,1985,11.832608695652173,12.308333333333335,13.028021978021977,12.343548387096776
USW00014737,1986,11.130434782608694,10.246666666666666,11.392857142857142,12.179032258064515
USW00014737,1987,10.905434782608694,10.436666666666667,11.222527472527473,9.459677419354838
USW00014737,1988,10.153260869565218,9.165,10.993406593406592,9.006451612903229
USW00014737,1989,9.391304347826086,9.141666666666667,12.333516483516483,12.753225806451614
USW00014737,1990,10.725,11.021666666666668,12.993956043956047,14.146774193548387
USW00014737,1991,12.239673913043475,11.414999999999997,12.437912087912084,12.614516129032257
USW00014737,1992,9.158152173913043,9.34,11.084065934065935,9.569354838709675
USW00014737,1993,9.82663043478261,10.341666666666669,11.60989010989011,10.896774193548387
USW00014737,1994,10.21032608695652,12.60833333333333,12.956043956043956,11.756451612903225
USW00014737,1995,10.625,9.639999999999999,11.521428571428572,13.761290322580646
USW00014737,1996,8.20054347826087,9.401666666666667,10.640109890109889,11.125806451612902
USW00014737,1997,8.553804347826087,8.671666666666669,10.682967032967033,11.327419354838712
USW00014737,1998,11.764130434782606,10.986666666666666,12.195054945054947,11.861290322580643
USW00014737,1999,9.372282608695652,9.508333333333333,12.245604395604397,10.367741935483872
USW00014737,2000,10.905978260869565,9.674999999999999,10.876923076923076,11.519354838709678
USW00014737,2001,9.555978260869564,10.335,12.366483516483516,11.969354838709675
USW00014737,2002,10.104891304347827,11.31,11.635164835164836,10.932258064516128
USW00014737,2003,9.221195652173913,9.278333333333332,12.523626373626373,10.806451612903224
USW00014737,2004,11.523913043478261,10.621666666666668,12.373076923076924,11.148387096774194
USW00014737,2005,8.82554347826087,11.453333333333331,13.545604395604396,13.183870967741937
USW00014737,2006,10.841304347826087,11.315,12.08021978021978,10.854838709677418
USW00014737,2007,9.810326086956522,8.620000000000001,13.462637362637361,15.98225806451613
USW00014737,2008,9.692934782608695,11.291666666666668,11.409340659340659,10.3258064516129
USW00014737,2009,10.30054347826087,10.675000000000002,11.97307692307692,10.75483870967742
USW00014737,2010,12.28967391304348,12.029999999999998,12.190659340659339,11.658064516129032
USW00014737,2011,11.17065217391304,11.483333333333333,13.269780219780216,12.116129032258065
USW00014737,2012,13.204347826086956,10.68333333333333,11.788461538461537,12.630645161290325
USW00014737,2013,9.93913043478261,10.583333333333334,11.757142857142858,13.087096774193547
USW00014737,2014,9.059239130434783,9.799999999999999,12.045604395604395,13.208064516129031
USW00014737,2015,10.254347826086954,10.608333333333329,13.876923076923076,11.843548387096776
USW00014737,2016,11.49021739130435,10.306666666666668,13.846703296703295,13.195161290322579
USW00014737,2017,10.79945652173913,13.759999999999998,13.846703296703295,15.593548387096776
USW00014737,2018,10.104347826086956,8.458333333333336,13.218131868131865,13.4741935483871
USW00014737,2019,11.879347826086954,13.465,13.239560439560439,14.496774193548388
USW00014737,2020,11.379891304347826,10.299999999999999,12.91593406593407,12.37741935483871
USW00014737,2021,10.777717391304346,10.778333333333332,13.003846153846155,15.224193548387099
USW00014737,2022,10.694565217391304,9.59,12.06868131868132,10.81451612903226
USW00014737,2023,10.52826086956522,12.193333333333332,12.36043956043956,13.361290322580643
USW00014737,2024,11.933152173913046,11.389999999999997,13.265934065934069,13.138709677419355
USW00014737,2025,11.4625,11.218333333333332,12.713736263736264,12.462903225806453
USW00014741,1926,4.784269662921348,4.458928571428571,8.836781609195404,8.774193548387094
USW00014741,1928,5.253932584269663,4.710714285714286,9.06609195402299,10.52142857142857
USW00014741,1929,7.68258426966292,8.380357142857143,7.814880952380953,7.485000000000001
USW00014741,1930,6.177631578947368,7.1899999999999995,9.165909090909091,8.135
USW00014741,1931,6.306593406593407,6.556896551724138,12.135164835164835,10.564516129032258
USW00014741,1932,5.5807692307692305,5.860000000000002,9.511764705882351,10.542592592592591
USW00014741,1933,8.08956043956044,9.34,10.067032967032967,9.86774193548387
USW00014741,1934,6.651630434782609,7.1499999999999995,10.42077922077922,8.4
USW00014741,1935,6.366304347826087,5.798333333333333,9.007142857142858,8.167741935483871
USW00014741,1936,7.2228260869565215,5.248333333333333,10.011046511627908,10.11290322580645
USW00014741,1937,5.993333333333333,6.777586206896553,8.971176470588237,8.404838709677422
USW00014741,1938,7.6951086956521735,7.748333333333335,13.799193548387098,11.716129032258062
USW00014741,1939,6.025,4.341666666666667,8.491011235955055,9.283333333333335
USW00014741,1940,4.817032967032968,5.986206896551724,,
USW00014741,1941,6.428021978021978,9.913793103448276,10.409890109890108,11.293548387096775
USW00014741,1942,8.78695652173913,9.486666666666668,9.67032967032967,10.26935483870968
USW00014741,1943,6.142391304347825,3.7100000000000004,7.912087912087912,7.891935483870968
USW00014741,1944,7.759239130434781,5.833333333333333,9.495054945054944,8.779032258064516
USW00014741,1945,9.144565217391303,9.498333333333333,9.912637362637362,8.695161290322579
USW00014741,1946,9.0625,6.906666666666666,11.218131868131866,11.733870967741936
USW00014741,1948,8.648369565217392,9.721666666666666,10.284065934065934,8.641935483870968
USW00014741,1949,7.788043478260871,6.871666666666666,9.583516483516483,11.861290322580645
USW00014741,1950,5.8375,4.911666666666666,9.368131868131867,11.287096774193548
USW00014741,1951,7.821195652173913,7.308333333333334,8.560989010989012,10.787096774193548
USW00014741,1952,7.003804347826086,8.386666666666667,8.906043956043957,6.9806451612903215
USW00014741,1953,8.202717391304347,6.409999999999999,9.954945054945055,10.145161290322578
USW00014741,1954,7.50054347826087,10.663333333333334,10.332967032967032,11.251612903225809
USW00014741,1955,9.153296703296704,10.586666666666666,9.386813186813185,10.058064516129035
USW00014741,1956,6.248369565217391,6.391666666666667,9.623626373626374,11.216129032258065
USW00014741,1957,8.320108695652173,9.278333333333334,9.274725274725276,8.375806451612902
USW00014741,1958,6.991847826086956,8.495000000000001,9.713736263736264,9.309677419354838
USW00014741,1959,7.929891304347826,8.143333333333334,10.402747252747252,10.709677419354838
USW00014741,1960,5.715217391304349,10.173333333333334,10.246703296703297,9.108064516129032
USW00014741,1961,6.302173913043478,4.9399999999999995,11.15274725274725,10.961290322580645
USW00014751,1939,11.071195652173913,9.231666666666666,13.051098901098902,13.18225806451613
USW00014751,1940,9.070108695652173,8.66,11.695054945054945,10.893548387096773
USW00014751,1941,11.74945652173913,14.556666666666667,14.750549450549453,15.454838709677423
USW00014751,1942,12.744565217391301,13.303333333333335,13.212087912087911,13.841935483870966
USW00014751,1943,10.059239130434781,7.7666666666666675,11.836263736263735,11.94516129032258
USW00014751,1944,10.882065217391304,9.37,12.768681318681317,12.045161290322582
USW00014751,1945,13.02826086956522,12.613333333333335,13.124725274725277,12.174193548387095
USW00014751,1946,12.368478260869566,10.949999999999998,14.179670329670326,14.654838709677419
USW00014751,1947,9.951630434782608,11.155,13.647802197802198,16.283870967741933
USW00014751,1948,11.211413043478261,11.209999999999999,13.20934065934066,11.577419354838707
USW00014751,1949,11.103804347826088,10.661666666666665,12.978571428571428,15.520967741935486
USW00014751,1950,8.961413043478261,8.676666666666666,12.342307692307694,13.483870967741936
USW00014751,1951,10.843478260869563,10.889999999999999,12.221978021978023,13.835483870967742
USW00014751,1952,10.58695652173913,12.12333333333333,12.214835164835167,10.588709677419354
USW00014751,1953,11.602173913043476,10.516666666666667,13.451098901098904,14.0
USW00014751,1954,10.961956521739129,12.971666666666668,13.326923076923075,14.353225806451611
USW00014751,1955,12.201086956521738,12.956666666666667,12.49065934065934,13.825806451612904
USW00014751,1956,9.423913043478262,9.456666666666667,12.119230769230768,12.895161290322582
USW00014751,1957,11.501086956521737,12.388333333333334,12.813186813186814,11.467741935483868
USW00014751,1958,10.616847826086957,12.164999999999997,12.744505494505495,12.320967741935485
USW00014751,1959,11.94945652173913,12.688333333333333,13.688461538461537,14.545161290322582
USW00014751,1960,9.690217391304346,13.72,13.235164835164834,12.801612903225807
USW00014751,1961,9.772282608695653,8.951666666666664,14.695604395604398,13.970967741935485
USW00014751,1962,11.154347826086957,11.126666666666667,11.774725274725272,13.143548387096773
USW00014751,1963,11.684782608695654,12.421666666666669,12.670879120879123,13.93548387096774
USW00014751,1964,10.80054347826087,9.748333333333333,12.542857142857141,11.07258064516129
USW00014751,1965,10.7375,10.011666666666667,12.84230769230769,11.875806451612902
USW00014751,1966,10.779891304347826,9.418333333333331,13.030219780219783,12.600000000000003
USW00014751,1967,9.40054347826087,11.645000000000001,11.554945054945058,11.845161290322581
USW00014751,1968,10.988043478260868,12.080000000000002,13.431868131868132,13.362903225806452
USW00014751,1969,10.95,11.891666666666664,12.219780219780217,12.077419354838709
USW00014751,1970,10.567391304347826,10.770000000000001,14.874725274725273,14.845161290322581
USW00014751,1971,9.778260869565218,10.196666666666667,14.441758241758242,15.861290322580647
USW00014751,1972,10.351630434782608,9.75,12.273626373626374,11.17741935483871
USW00014751,1973,10.72445652173913,10.491666666666669,14.217582417582417,14.061290322580644
USW00014751,1974,12.21521739130435,13.459999999999997,11.9989010989011,10.850000000000003
USW00014751,1975,10.095108695652174,8.538333333333334,13.877472527472527,14.243548387096777
USW00014751,1976,11.475,12.505,11.062637362637362,10.800000000000002
USW00014751,1977,12.683152173913046,12.259999999999998,13.145054945054943,11.49516129032258
USW00014751,1978,10.180434782608696,10.536666666666669,13.450000000000003,12.446774193548386
USW00014751,1979,11.422826086956523,10.221666666666668,12.676373626373627,11.277419354838708
USW00014751,1980,10.910326086956523,11.511666666666665,11.585164835164836,10.851612903225806
USW00014751,1981,10.768478260869566,12.033333333333335,11.683516483516485,10.354838709677422
USW00014751,1982,9.68804347826087,8.621666666666668,13.311538461538465,12.819354838709677
USW00014751,1983,10.075,9.631666666666666,12.492307692307692,11.967741935483868
USW00014751,1984,8.107065217391304,8.891666666666667,13.70054945054945,16.40967741935484
USW00014751,1985,13.057608695652176,13.823333333333334,14.476373626373627,13.99032258064516
USW00014751,1986,12.328804347826088,11.939999999999998,12.47197802197802,13.306451612903228
USW00014751,1987,11.752717391304348,11.274999999999999,11.627472527472529,9.643548387096773
USW00014751,1988,10.856521739130434,9.978333333333333,11.215384615384616,9.724193548387099
USW00014751,1989,10.146739130434783,10.220000000000002,12.62912087912088,13.080645161290324
USW00014751,1990,11.349456521739132,11.68833333333333,13.724725274725275,14.524193548387096
USW00014751,2001,10.164673913043478,10.813333333333334,13.471348314606741,13.161666666666665
USW00014751,2002,11.153846153846153,12.445000000000002,12.366483516483518,11.333870967741934
USW00014751,2003,10.188202247191011,10.705172413793106,12.821428571428571,11.053225806451612
USW00014751,2004,13.143749999999999,11.728333333333333,13.48241758241758,12.083870967741937
USW00014751,2005,9.967032967032969,12.216666666666667,14.299999999999999,13.71935483870968
USW00014751,2006,11.734239130434782,12.525,12.92307692307692,12.12741935483871
USW00014751,2007,10.863586956521738,9.471666666666668,14.395054945054948,16.81129032258064
USW00014751,2008,10.96195652173913,12.57,12.59175824175824,11.643548387096773
USW00014751,2009,11.607065217391305,12.071666666666667,12.986813186813187,11.791935483870969
USW00014751,2010,13.419565217391305,13.181666666666667,13.34175824175824,12.95483870967742
USW00014751,2011,12.082065217391303,12.546666666666665,13.76978021978022,12.453225806451615
USW00014751,2012,14.347777777777777,12.011666666666667,12.472527472527473,13.116129032258065
USW00014751,2013,10.900543478260872,11.898333333333335,12.601666666666668,13.988709677419354
USW00014751,2014,10.017934782608695,10.531666666666666,12.739999999999998,14.16774193548387
USW00014751,2015,11.391304347826088,11.733333333333333,14.62967032967033,12.701612903225808
USW00014751,2016,12.509239130434782,11.383333333333333,15.351098901098899,14.909677419354841
USW00014751,2017,12.236263736263739,15.126666666666665,14.414285714285715,16.29193548387097
USW00014751,2018,11.521195652173914,10.171666666666665,14.243406593406592,14.572580645161288
USW00014751,2019,12.491304347826087,13.87,14.796111111111113,15.816129032258065
USW00014751,2020,12.065217391304348,10.368333333333334,15.07197802197802,14.666129032258063
USW00014751,2021,12.646195652173915,12.778333333333332,14.985164835164836,17.482258064516127
USW00014751,2022,13.160869565217387,11.706666666666667,14.173626373626371,13.146774193548383
USW00014751,2023,12.992934782608694,15.335,14.825824175824177,15.303225806451612
USW00014751,2024,14.29076086956522,13.865,14.937912087912087,14.799999999999999
USW00014751,2025,13.52391304347826,13.315000000000001,13.553846153846155,13.232258064516133
USW00014754,1962,7.158695652173913,7.028333333333334,7.660439560439561,9.248387096774195
USW00014754,1963,6.773913043478261,7.079999999999999,10.073076923076924,11.895161290322578
USW00014754,1964,7.2679347826086955,6.243333333333333,9.204395604395604,7.758064516129032
USW00014754,1965,6.380434782608697,5.180000000000001,8.178571428571429,6.859677419354839
USW00014754,1966,5.090217391304349,4.143333333333333,8.521978021978024,8.054838709677417
USW00014754,1967,5.07608695652174,7.37,7.741758241758242,8.983870967741934
USW00014754,1968,7.07445652173913,8.583333333333336,9.424175824175824,10.251612903225809
USW00014754,1969,6.645652173913043,8.336666666666666,8.446703296703296,8.649999999999999
USW00014754,1970,6.263586956521739,6.821666666666666,10.197802197802197,10.295161290322582
USW00014754,1971,5.226086956521739,5.161666666666666,10.437362637362638,12.312903225806451
USW00014754,1972,5.644565217391305,4.8566666666666665,7.656043956043956,6.467741935483872
USW00014754,1973,7.621739130434783,7.61,9.822527472527472,10.367741935483872
USW00014754,1974,7.098913043478263,9.008333333333333,8.47307692307692,7.419354838709676
USW00014754,1975,6.0874999999999995,3.8483333333333336,10.164285714285713,11.024193548387096
USW00014754,1976,7.6163043478260875,8.148333333333333,6.82032967032967,6.829032258064516
USW00014754,1977,8.608152173913044,8.278333333333334,9.241758241758241,7.92741935483871
USW00014754,1978,5.753260869565217,6.248333333333333,8.479670329670329,7.661290322580646
USW00014754,1979,7.7760869565217385,6.666666666666667,9.594505494505496,8.558064516129031
USW00014754,1980,7.0364130434782615,7.591666666666666,8.025274725274725,7.106451612903228
USW00014754,1981,7.328804347826087,9.053333333333333,8.209890109890111,7.05
USW00014754,1982,6.379347826086957,5.668333333333334,9.531318681318682,9.25483870967742
USW00014754,1983,6.814673913043479,6.255,9.807142857142857,9.508064516129036
USW00014754,1984,4.986413043478261,6.208333333333332,9.267582417582418,11.669354838709676
USW00014754,1986,6.50965909090909,6.456666666666668,7.44438202247191,8.03448275862069
USW00014754,1987,6.727325581395348,7.136666666666667,7.164285714285714,5.703225806451612
USW00014754,1988,6.376744186046511,5.573214285714286,7.6316091954023,5.69655172413793
USW00014754,1991,8.130952380952381,7.888333333333333,8.692073170731707,9.030000000000001
USW00014754,1992,5.902439024390243,6.201851851851852,7.136904761904762,5.9870967741935495
USW00014754,1996,5.941566265060241,5.923214285714287,8.123033707865169,8.543333333333333
USW00014754,1997,5.569999999999999,5.401724137931034,8.190588235294118,9.072222222222221
USW00014754,1998,8.406741573033708,8.12,9.619277108433735,9.583333333333334
USW00014754,1999,6.348314606741573,6.589655172413793,9.593820224719103,7.753333333333333
USW00014754,2000,7.53,5.8982758620689655,8.638636363636364,9.288709677419355
USW00014761,1948,7.47445652173913,8.395,8.593406593406593,7.27741935483871
USW00014761,1949,6.816304347826086,6.6933333333333325,8.445604395604395,11.396774193548387
USW00014761,1950,4.948369565217392,4.036666666666666,8.086813186813187,9.787096774193548
USW00014761,1951,6.932608695652175,6.921666666666666,7.484065934065933,9.60806451612903
USW00014761,1952,6.456521739130434,8.231666666666666,7.992857142857143,6.65483870967742
USW00014761,1953,7.456521739130436,5.831666666666666,9.466483516483517,9.714516129032257
USW00014761,1954,6.8086956521739115,9.808333333333332,9.357142857142858,10.580645161290324
USW00014761,1955,8.315217391304348,9.281666666666666,8.499999999999998,9.967741935483868
USW00014761,1956,5.516304347826087,5.584999999999999,8.607692307692309,10.312903225806451
USW00014761,1957,7.301098901098901,8.438333333333333,8.277472527472526,7.458064516129033
USW00014761,1958,6.077717391304348,7.4766666666666675,8.703846153846154,8.338709677419356
USW00014761,1959,7.156521739130437,7.840000000000001,9.121978021978022,9.775806451612901
USW00014761,1960,4.976923076923077,9.891666666666667,9.073076923076924,7.712903225806452
USW00014761,1961,5.484239130434782,4.131666666666666,10.36043956043956,10.19032258064516
USW00014761,1962,7.119565217391305,6.754999999999999,7.442857142857142,9.225806451612904
USW00014761,1963,6.798369565217392,7.054999999999999,9.197802197802199,11.095161290322581
USW00014761,1964,7.1336956521739125,6.388333333333334,8.277472527472527,6.891935483870967
USW00014761,1965,6.004347826086957,5.475,8.602197802197804,7.2290322580645165
USW00014761,1966,5.624999999999999,4.831666666666666,7.666483516483518,7.22741935483871
USW00014761,1967,5.409239130434783,7.78,6.878571428571429,7.901612903225808
USW00014761,1968,7.196739130434781,8.708333333333334,9.584615384615384,9.520967741935484
USW00014761,1969,7.008695652173913,8.235,8.504945054945056,8.798387096774196
USW00014761,1970,7.508695652173915,8.336666666666668,10.373076923076924,10.617741935483869
USW00014761,1971,4.9369565217391305,5.378333333333333,8.995054945054944,10.675806451612901
USW00014761,1972,6.785326086956521,6.276666666666668,7.014835164835165,5.566129032258064
USW00014761,1973,7.745652173913044,7.611666666666666,9.51978021978022,10.043548387096775
USW00014761,1974,6.977173913043478,8.160000000000002,7.960989010989011,7.356451612903227
USW00014761,1975,5.469565217391305,3.248333333333333,10.312087912087913,10.977419354838709
USW00014761,1976,6.671739130434782,7.790000000000001,7.0648351648351655,7.617741935483871
USW00014761,1977,9.17445652173913,8.571666666666665,10.025824175824177,8.533870967741935
USW00014761,1978,5.965760869565217,5.533333333333333,9.32967032967033,8.241935483870968
USW00014761,1979,8.315217391304348,7.233333333333333,10.46208791208791,9.675806451612905
USW00014761,1980,7.953260869565218,8.181666666666667,9.262637362637363,7.901612903225806
USW00014761,1981,8.072826086956523,9.648333333333333,8.594444444444445,7.891935483870968
USW00014761,1982,7.114673913043478,5.768333333333333,10.130219780219782,9.858064516129033
USW00014761,1983,6.608152173913043,6.188333333333333,8.890659340659342,8.991935483870966
USW00014761,1984,4.517391304347826,6.386666666666668,8.713186813186812,11.487096774193551
USW00014761,1985,8.371195652173913,9.315000000000001,10.157692307692308,9.404838709677419
USW00014761,1986,8.590217391304348,8.488333333333333,6.213114754098362,10.151612903225805
USW00014761,1987,8.6125,8.514999999999999,8.981318681318681,6.859677419354837
USW00014761,1988,7.821739130434783,7.173333333333333,7.9785714285714295,5.685483870967743
USW00014761,1989,6.929032258064517,,9.143406593406594,10.037096774193547
USW00014761,1990,8.015760869565215,8.681666666666668,10.491208791208791,11.111290322580647
USW00014761,1991,9.557222222222222,9.205,9.186263736263735,10.175806451612901
USW00014761,1992,6.373369565217391,7.211666666666668,8.154444444444444,7.041935483870968
USW00014761,1993,6.719565217391306,7.326666666666667,8.62087912087912,8.259677419354839
USW00014761,1994,6.852717391304347,10.353333333333333,9.46923076923077,8.464516129032257
USW00014761,1995,7.310326086956521,6.2299999999999995,8.626923076923076,11.035483870967745
USW00014762,1936,10.270652173913044,7.465000000000001,11.905494505494504,12.391935483870967
USW00014762,1937,8.798913043478262,8.728333333333333,10.384615384615385,10.046774193548387
USW00014762,1938,11.469565217391304,11.186666666666667,12.390109890109892,12.83064516129032
USW00014762,1946,12.11032608695652,10.066666666666666,14.21043956043956,14.893548387096775
USW00014762,1947,8.735326086956523,11.078333333333335,13.298351648351646,16.66774193548387
USW00014762,1948,11.535869565217393,12.598333333333333,12.725824175824176,10.41451612903226
USW00014762,1949,10.49945652173913,9.753333333333334,12.423626373626373,15.325806451612904
USW00014762,1950,8.69891304347826,7.7333333333333325,11.79945054945055,14.130645161290323
USW00014762,1951,10.202717391304349,9.536666666666667,11.761111111111111,14.362903225806448
USW00014762,1999,10.638333333333332,11.978571428571426,12.813736263736264,11.698387096774194
USW00014762,2000,11.93478260869565,10.468333333333334,11.774725274725276,13.158064516129034
USW00014762,2001,10.248913043478263,12.796666666666669,13.040659340659339,12.825806451612905
USW00014762,2002,10.533516483516483,11.876666666666665,12.0510989010989,11.120967741935484
USW00014762,2003,10.914130434782608,12.285,12.165000000000001,10.941666666666665
USW00014762,2004,11.619021739130435,10.628333333333334,12.852747252747251,12.233870967741936
USW00014762,2005,9.32336956521739,11.951666666666666,13.101123595505618,12.496774193548388
USW00014762,2006,10.568478260869563,12.254999999999999,11.636263736263738,10.764516129032259
USW00014762,2007,11.395652173913044,9.063333333333334,13.679670329670328,15.554838709677421
USW00014762,2008,10.02336956521739,12.346666666666668,11.685714285714287,10.970967741935485
USW00014762,2009,11.156521739130437,11.263333333333332,12.49725274725275,10.667741935483871
USW00014762,2010,12.769021739130435,13.521666666666668,12.717613636363637,12.499999999999996
USW00014762,2011,11.229347826086958,12.065,13.104395604395604,11.8
USW00014762,2012,13.799456521739133,10.316666666666666,11.889560439560437,12.49193548387097
USW00014762,2013,10.318478260869567,11.95333333333333,11.811538461538461,13.141935483870967
USW00014762,2014,10.664130434782608,12.271666666666667,11.715384615384616,12.788709677419355
USW00014762,2015,11.124456521739129,11.786666666666669,14.251098901098905,12.011290322580647
USW00014762,2016,12.01141304347826,10.848333333333334,14.355494505494507,14.150000000000002
USW00014762,2017,11.616304347826087,14.326666666666666,13.291208791208792,14.73709677419355
USW00014762,2018,9.922282608695653,7.880000000000002,12.145604395604396,12.358064516129028
USW00014762,2019,11.305978260869564,12.596666666666668,12.80879120879121,13.848387096774196
USW00014762,2020,10.679347826086955,8.976666666666667,13.295054945054945,12.632258064516128
USW00014762,2021,11.508695652173913,11.251666666666669,13.578333333333335,16.200000000000003
USW00014762,2022,11.690760869565217,10.168333333333333,12.603296703296705,11.253225806451612
USW00014762,2023,11.305434782608694,12.590000000000002,13.315555555555553,13.803333333333333
USW00014762,2024,13.798333333333332,13.742857142857144,14.542777777777777,14.415000000000001
USW00014762,2025,11.914285714285715,12.153333333333332,12.560989010989013,12.477419354838712
USW00014767,1889,11.15326086956522,11.071666666666667,11.14175824175824,9.853225806451613
USW00014767,1898,11.091847826086957,8.976666666666667,13.045604395604396,13.10967741935484
USW00014767,1899,10.568478260869565,11.053333333333333,12.477472527472525,13.293548387096774
USW00014767,1900,9.621739130434781,10.854999999999997,14.901098901098901,15.398387096774194
USW00014767,1901,9.7875,9.635,11.516483516483518,12.24516129032258
USW00014767,1902,11.219565217391304,10.711666666666668,13.306043956043958,12.712903225806452
USW00014767,1903,12.466304347826087,10.709999999999999,11.673626373626371,12.819354838709677
USW00014767,1904,9.510326086956521,8.141666666666667,11.164285714285715,10.601612903225806
USW00014767,1905,10.564130434782607,10.295,12.251648351648354,12.567741935483872
USW00014767,1906,9.766847826086957,11.190000000000001,13.133516483516482,12.111290322580645
USW00014767,1907,8.716304347826087,7.3,11.739010989010989,10.270967741935483
USW00014767,1908,11.275,11.018333333333334,12.766483516483515,13.596774193548386
USW00014767,1909,9.973369565217393,10.216666666666667,12.557142857142857,10.553225806451612
USW00014767,1910,12.08586956521739,12.813333333333336,12.64175824175824,13.806451612903226
USW00014767,1911,10.66304347826087,9.120000000000001,11.869780219780221,12.23709677419355
USW00014767,1912,10.259239130434782,10.609999999999998,13.561538461538463,13.820967741935485
USW00014767,1913,11.730978260869568,11.66,13.44615384615385,14.14516129032258
USW00014767,1914,10.13586956521739,9.520000000000001,13.075824175824174,14.764516129032259
USW00014767,1915,10.133695652173913,13.590000000000002,13.7510989010989,13.780645161290321
USW00014767,1916,9.335326086956524,10.031666666666666,12.66153846153846,12.72741935483871
USW00014767,1917,9.2625,10.465,10.695604395604395,10.23225806451613
USW00014767,1918,12.096195652173913,10.513333333333334,12.819230769230769,14.767741935483869
USW00014767,1919,11.3125,10.57666666666667,13.629120879120881,14.648387096774192
USW00014767,1920,9.956521739130435,9.345,13.892857142857142,15.71774193548387
USW00014767,1921,13.459239130434785,13.983333333333336,13.714285714285712,12.829032258064515
USW00014767,1922,11.737499999999997,11.310000000000002,14.067032967032963,14.441935483870965
USW00014767,1923,10.255434782608695,10.521666666666667,12.903296703296704,12.496774193548386
USW00014767,1924,9.2,9.473333333333333,12.215384615384611,13.508064516129028
USW00014767,1925,10.916304347826088,11.471666666666666,11.89065934065934,9.25483870967742
USW00014767,1926,9.239673913043477,8.788333333333334,12.534065934065934,12.569354838709677
USW00014767,1927,10.5375,9.628333333333332,14.458791208791208,14.558064516129035
USW00014767,1928,9.969021739130435,9.455,13.382417582417585,14.332258064516127
USW00014767,1929,12.130434782608694,11.911666666666667,12.976923076923079,11.800000000000004
USW00014767,1930,10.819021739130434,9.628333333333334,13.690659340659339,12.211290322580643
USW00014767,1931,10.565760869565217,10.635,15.943406593406593,14.930645161290322
USW00014767,1932,9.469021739130435,9.473333333333333,12.852747252747251,13.211290322580643
USW00014767,1933,11.185869565217393,11.484999999999998,13.02032967032967,12.859677419354837
USW00014767,1934,10.478260869565217,10.430000000000001,13.615934065934068,12.072580645161288
USW00014767,1935,10.82336956521739,10.229999999999999,13.35714285714286,13.517741935483869
USW00014767,1936,11.916304347826088,9.391666666666667,12.984615384615381,13.746774193548385
USW00014767,1937,10.272826086956524,9.928333333333335,12.484615384615383,12.180645161290325
USW00014767,1938,12.08858695652174,12.403333333333334,13.425824175824175,14.298387096774198
USW00014767,1939,10.964673913043477,9.443333333333333,13.09230769230769,13.300000000000002
USW00014767,1940,9.041847826086954,8.541666666666664,11.844505494505494,10.856451612903228
USW00014767,1941,11.677173913043477,14.64166666666667,15.062637362637362,15.643548387096775
USW00014767,1942,12.807608695652174,13.230000000000002,13.5510989010989,14.00483870967742
USW00014767,1943,10.203804347826088,8.021666666666667,12.41043956043956,12.138709677419353
USW00014767,1944,10.998913043478263,9.48333333333333,13.200549450549447,12.601612903225808
USW00014767,1945,13.309239130434781,13.05166666666667,13.684065934065934,12.761290322580646
USW00014767,1946,12.675543478260868,10.998333333333333,14.986263736263735,15.4758064516129
USW00014767,1947,10.310869565217391,11.365000000000002,14.223626373626375,17.001612903225805
USW00014767,1948,11.553260869565218,11.275000000000002,14.076373626373627,12.441935483870967
USW00014767,1949,11.848913043478262,11.536666666666669,13.67802197802198,16.190322580645162
USW00014767,1950,9.314130434782609,9.246666666666668,13.313186813186814,14.411290322580646
USW00014767,1951,11.533695652173915,11.62,13.072527472527472,14.790322580645162
USW00014767,1952,11.235869565217389,12.620000000000003,13.055494505494508,11.698387096774194
USW00014767,1953,12.005434782608699,11.0,14.268681318681319,14.87741935483871
USW00014767,1954,11.47771739130435,13.485000000000001,13.977472527472525,15.317741935483868
USW00014767,1955,12.596739130434786,13.151666666666669,13.363736263736266,14.698387096774193
USW00014767,1956,9.623913043478263,9.803333333333333,12.880000000000003,13.906451612903224
USW00014767,1957,11.87228260869565,12.518333333333334,13.630769230769232,12.211290322580645
USW00014767,1958,10.928804347826086,12.503333333333334,13.179670329670332,12.774193548387098
USW00014767,1959,12.440760869565217,12.985000000000001,14.468681318681318,15.296774193548385
USW00014767,1960,10.147826086956524,13.930000000000001,13.739010989010987,13.320967741935483
USW00014767,1961,10.191847826086954,9.34,15.292857142857144,14.74677419354839
USW00014767,1962,11.854347826086956,11.759999999999998,12.41153846153846,13.629032258064516
USW00014767,1963,11.673369565217392,12.110000000000001,14.351648351648354,15.879032258064518
USW00014767,1964,11.385326086956523,9.876666666666665,13.60879120879121,12.119354838709677
USW00014767,1965,11.131521739130436,9.978333333333335,13.405494505494504,12.474193548387099
USW00014767,1966,10.46304347826087,9.273333333333333,12.99945054945055,12.375806451612904
USW00014767,1967,9.671739130434784,11.266666666666664,12.273076923076925,12.933870967741932
USW00014767,1968,11.80652173913043,12.815,14.416483516483515,14.598387096774193
USW00014767,1992,9.65,10.271666666666667,11.374175824175826,9.69838709677419
USW00014767,1993,10.116304347826087,10.811666666666666,12.03131868131868,11.298387096774192
USW00014767,1994,10.19836956521739,13.011666666666665,12.63956043956044,11.03225806451613
USW00014767,1995,10.932608695652174,10.038333333333332,12.175274725274726,14.122580645161289
USW00014767,1996,9.714673913043478,10.938333333333333,11.62912087912088,12.193548387096774
USW00014767,1997,9.971195652173913,9.913333333333334,12.02857142857143,12.424193548387095
USW00014767,1998,12.745652173913046,12.216666666666669,13.53846153846154,12.693548387096776
USW00014767,1999,11.023913043478263,11.18833333333333,13.555494505494504,11.699999999999998
USW00014767,2000,12.272826086956524,10.946666666666665,12.180219780219781,12.829032258064517
USW00014770,1998,11.11627906976744,10.821428571428573,11.669662921348314,10.774137931034483
USW00014770,1999,9.619101123595504,9.903448275862068,11.973563218390808,10.312962962962963
USW00014770,2000,10.932386363636363,9.771666666666668,10.771428571428572,11.688709677419356
USW00014770,2001,8.843888888888888,9.715000000000002,11.485955056179774,11.321666666666665
USW00014770,2002,9.731868131868133,10.744827586206894,11.386666666666668,10.361290322580643
USW00014770,2003,9.12159090909091,9.876666666666667,11.549450549450547,9.787096774193548
USW00014770,2004,11.43021978021978,10.766666666666667,12.253846153846153,10.916129032258066
USW00014770,2005,8.591847826086957,10.768333333333333,12.882967032967029,12.425806451612903
USW00014770,2006,10.603804347826086,11.234999999999998,11.518131868131869,10.616129032258065
USW00014770,2007,9.517391304347827,8.113333333333333,13.023076923076921,15.396774193548389
USW00014770,2008,9.55163043478261,11.650000000000002,10.741573033707866,9.682758620689656
USW00014770,2009,10.560326086956524,10.866666666666665,12.55989010989011,11.369354838709679
USW00014770,2010,13.385326086956523,13.533333333333331,11.762777777777774,11.340322580645163
USW00014770,2011,10.396739130434783,10.68666666666667,12.866483516483518,11.520967741935484
USW00014770,2012,12.879347826086958,9.874999999999998,11.310989010989013,12.220967741935484
USW00014770,2013,9.67608695652174,10.41,11.204395604395607,12.906451612903222
USW00014770,2014,8.98913043478261,9.508333333333333,11.572527472527474,12.758064516129034
USW00014770,2015,9.740217391304347,9.981666666666667,13.061538461538461,11.353225806451613
USW00014770,2016,10.690760869565219,9.088333333333335,13.067032967032967,12.887096774193546
USW00014770,2017,10.059782608695654,12.988333333333333,12.395054945054943,14.403225806451614
USW00014770,2018,9.042391304347825,7.256666666666667,11.96648351648352,12.425806451612903
USW00014770,2019,10.470108695652174,11.628333333333332,11.678571428571425,12.864516129032257
USW00014770,2020,9.70163043478261,8.055,11.946703296703298,11.446774193548388
USW00014770,2021,10.316304347826087,10.358333333333333,12.535164835164839,14.820967741935487
USW00014770,2022,10.36413043478261,8.998333333333333,11.649999999999999,10.585483870967739
USW00014770,2023,10.484239130434782,12.186666666666667,12.227777777777778,13.158333333333333
USW00014770,2024,11.8125,11.374999999999998,12.207692307692309,11.917741935483871
USW00014770,2025,11.742045454545456,12.419230769230772,11.765934065934067,11.427419354838712
USW00014777,1949,9.090217391304348,8.961666666666668,11.094505494505492,13.919354838709678
USW00014777,1950,6.6951086956521735,6.268333333333333,11.015934065934063,12.511290322580647
USW00014777,1951,9.035869565217391,9.091666666666669,10.342857142857143,12.204838709677418
USW00014777,1952,8.500000000000002,10.209999999999999,10.780219780219781,9.237096774193548
USW00014777,1953,9.410869565217393,8.240000000000002,11.788068181818181,12.466129032258065
USW00014777,1954,9.072826086956521,10.966666666666669,11.754945054945056,12.914516129032258
USW00014777,1956,6.477173913043478,7.134999999999999,10.07912087912088,11.158064516129029
USW00014777,1957,8.601086956521739,9.504999999999999,10.658241758241761,9.558064516129035
USW00014777,1958,8.070108695652173,9.430000000000001,10.357692307692307,9.912903225806453
USW00014777,1959,9.710326086956522,10.22,11.685164835164837,12.183870967741935
USW00014777,1960,7.255434782608695,11.334999999999997,10.851648351648352,10.237096774193548
USW00014777,1961,6.8663043478260875,5.5249999999999995,12.085164835164836,11.582258064516127
USW00014777,1962,9.63586956521739,9.418333333333333,9.554444444444446,10.825
USW00014777,1963,9.084239130434783,9.493333333333334,12.204395604395604,13.733870967741936
USW00014777,1964,9.162499999999998,8.083333333333336,11.297252747252747,9.643548387096775
USW00014777,1965,8.739673913043477,7.389999999999999,10.809340659340661,9.772580645161291
USW00014777,1966,8.257608695652175,7.739999999999999,10.672527472527472,10.091935483870966
USW00014777,1967,7.502173913043477,9.476666666666665,9.886263736263738,10.638709677419353
USW00014777,1968,9.892934782608695,11.583333333333334,11.563186813186814,11.877419354838707
USW00014777,1969,9.008695652173913,10.3,10.449450549450551,10.31774193548387
USW00014777,1970,8.228804347826088,9.075,11.56318681318681,11.527419354838708
USW00014777,1971,6.986413043478261,7.1866666666666665,11.978571428571428,13.529032258064516
USW00014777,1972,7.484239130434782,6.41,8.726373626373627,7.369354838709678
USW00014777,1973,8.66141304347826,8.616666666666669,11.299999999999999,11.749999999999998
USW00014777,1974,8.124999999999998,9.511666666666667,10.487362637362638,9.185483870967742
USW00014777,1975,9.011956521739132,6.591666666666667,12.493956043956045,13.182258064516128
USW00014777,1976,9.791304347826088,10.698333333333332,9.218681318681318,8.880645161290321
USW00014777,1977,9.878260869565219,9.401666666666667,10.77032967032967,9.137096774193548
USW00014777,1978,7.717391304347826,7.7633333333333345,10.299999999999999,10.39516129032258
USW00014777,1979,9.206521739130435,7.998333333333334,11.9967032967033,10.948387096774194
USW00014777,1980,9.730978260869565,10.533333333333333,10.632967032967032,9.887096774193546
USW00014777,1981,9.435869565217391,10.558333333333332,10.424175824175824,9.509677419354839
USW00014777,1982,8.792934782608695,7.946666666666669,11.631868131868131,11.250000000000002
USW00014777,1983,8.221195652173913,7.715000000000001,11.826373626373629,11.35
USW00014777,1984,7.500543478260869,9.046666666666665,11.976923076923079,14.470967741935484
USW00014777,1985,10.178260869565218,10.77,12.044505494505493,11.446774193548386
USW00014777,1986,10.320108695652173,9.6,10.014285714285714,10.666129032258064
USW00014777,1987,10.060326086956522,10.386666666666667,10.068131868131868,8.567741935483872
USW00014777,1988,9.058695652173913,8.12,9.957692307692309,7.92741935483871
USW00014777,1989,8.218478260869565,7.544999999999999,10.863736263736264,11.540322580645162
USW00014777,1990,9.407065217391304,10.110000000000001,12.049999999999999,12.92258064516129
USW00014777,1991,11.434782608695652,10.928333333333335,11.194505494505494,11.80483870967742
USW00014777,1992,8.223369565217393,8.528333333333334,10.701648351648352,9.425806451612903
USW00014777,1993,9.042391304347825,9.951666666666666,10.453846153846156,9.995161290322581
USW00014777,1994,8.897826086956524,11.229999999999999,11.696703296703298,10.503225806451614
USW00014777,1995,9.28641304347826,8.008333333333333,10.869780219780218,13.600000000000001
USW00014777,1996,7.47717391304348,8.538333333333334,9.925274725274724,10.420967741935483
USW00014777,1997,7.51304347826087,7.500000000000001,9.546153846153846,10.075806451612902
USW00014777,1998,10.703260869565218,9.684999999999999,11.37087912087912,10.87741935483871
USW00014777,1999,8.83695652173913,8.933333333333334,11.57857142857143,9.398387096774194
USW00014777,2000,10.078804347826088,8.761666666666667,9.974725274725275,10.859677419354837
USW00014777,2001,8.379347826086956,9.245000000000001,11.85659340659341,11.582258064516129
USW00014777,2002,9.291304347826088,10.476666666666665,10.75054945054945,9.706451612903223
USW00014777,2003,8.461956521739129,8.603333333333333,11.134615384615385,9.325806451612904
USW00014777,2004,10.439673913043478,9.575,11.219780219780219,10.211290322580643
USW00014777,2005,7.888043478260869,10.776666666666666,12.574725274725274,11.570967741935483
USW00014777,2006,9.372282608695652,10.205,11.207142857142857,10.053225806451614
USW00014777,2007,8.506521739130434,7.26,12.601648351648352,14.96774193548387
USW00014777,2008,8.768478260869566,11.061666666666666,10.722527472527473,9.490322580645161
USW00014777,2009,10.035326086956522,10.866666666666669,10.892307692307693,9.450000000000001
USW00014777,2010,11.458152173913044,11.881666666666666,11.610439560439563,10.925806451612905
USW00014777,2011,9.772282608695651,10.271666666666668,12.365934065934065,11.046774193548389
USW00014777,2012,12.301086956521738,9.139999999999999,11.15274725274725,12.106451612903227
USW00014777,2013,8.972826086956522,9.743333333333332,11.037912087912087,12.832258064516127
USW00014777,2014,8.267391304347827,9.111666666666668,11.585164835164832,12.845161290322581
USW00014777,2015,9.766304347826088,9.81,13.578021978021981,11.38709677419355
USW00014777,2016,10.359239130434782,8.754999999999999,12.819780219780219,12.196774193548386
USW00014777,2017,9.852717391304349,13.23333333333333,12.981318681318681,14.764516129032257
USW00014777,2018,8.817391304347828,6.9350000000000005,11.400549450549448,11.472580645161289
USW00014777,2019,10.211413043478261,11.616666666666667,12.096703296703298,13.399999999999999
USW00014777,2020,10.116847826086957,8.366666666666667,13.17857142857143,12.680645161290323
USW00014777,2021,10.66304347826087,10.515000000000002,12.926923076923076,15.203225806451615
USW00014777,2022,10.927777777777777,9.486666666666666,12.323529411764707,10.980000000000002
USW00014777,2023,10.535326086956523,12.806666666666667,12.236813186813187,13.387096774193546
USW00014777,2024,11.903804347826085,11.338333333333335,13.17752808988764,12.714516129032257
USW00014777,2025,10.53641304347826,10.338333333333333,11.68901098901099,11.396774193548387
USW00014778,1949,9.75,9.506666666666668,11.367582417582419,13.838709677419354
USW00014778,1950,7.586956521739131,7.171666666666667,11.146703296703295,12.525806451612903
USW00014778,1951,9.71195652173913,9.625000000000002,10.592857142857143,12.393548387096773
USW00014778,1952,9.251086956521739,10.785,10.734615384615386,8.945161290322579
USW00014778,1953,10.026086956521738,8.756666666666666,12.012087912087914,12.37258064516129
USW00014778,1954,9.705978260869566,11.411666666666665,12.104395604395608,13.235483870967743
USW00014778,1955,11.089673913043478,12.128333333333332,11.133516483516484,12.238709677419356
USW00014778,1956,8.07445652173913,8.770000000000001,11.112087912087913,11.979032258064517
USW00014778,1957,10.180434782608698,10.976666666666667,11.490109890109888,10.598387096774191
USW00014778,1958,9.320652173913043,10.483333333333333,11.10989010989011,10.875806451612904
USW00014778,1959,9.869021739130435,10.185,12.135164835164833,12.75
USW00014778,1960,8.201630434782608,12.5,11.38846153846154,10.641935483870968
USW00014778,1961,8.192934782608697,7.438333333333334,13.207142857142856,12.698387096774194
USW00014778,1962,10.06086956521739,9.838333333333335,10.115384615384615,11.374193548387096
USW00014778,1963,9.420652173913044,10.085,12.117032967032968,13.688709677419354
USW00014778,1964,9.63641304347826,8.328333333333333,11.711538461538462,10.76290322580645
USW00014778,1965,8.058695652173913,6.905,10.703296703296703,9.511290322580647
USW00014778,1966,8.508695652173914,8.083333333333332,9.665384615384616,8.680645161290322
USW00014778,1967,7.639673913043478,10.2,10.557142857142857,11.012903225806449
USW00014778,1968,9.821195652173913,11.101666666666667,12.08846153846154,12.175806451612901
USW00014778,1969,9.31521739130435,10.011666666666665,11.403296703296704,10.898387096774192
USW00014778,1970,9.376086956521737,9.951666666666666,13.497802197802198,13.556451612903226
USW00014778,1971,8.779347826086957,9.086666666666668,13.085714285714285,14.893548387096772
USW00014778,1972,8.503804347826087,7.765,9.47802197802198,8.06451612903226
USW00014778,1973,9.467934782608696,9.395000000000001,11.700000000000001,11.84032258064516
USW00014778,1974,9.280978260869563,10.508333333333333,10.645604395604396,9.451612903225806
USW00014778,1975,8.519565217391303,6.1899999999999995,12.051098901098905,12.45
USW00014778,1976,10.573369565217392,11.56166666666667,9.618131868131869,9.646774193548389
USW00014778,1977,12.15978260869565,11.771666666666667,12.356593406593404,10.220967741935484
USW00014778,1978,8.769021739130435,9.036666666666667,12.075824175824174,11.403225806451609
USW00014778,1979,10.284239130434782,9.055,11.551648351648351,10.461290322580643
USW00014778,1980,9.909782608695652,10.710000000000003,10.612637362637363,9.730645161290324
USW00014778,1981,10.136956521739132,11.021666666666668,11.444505494505497,10.704838709677421
USW00014778,1982,8.872826086956522,7.845000000000001,11.617032967032968,11.095161290322585
USW00014778,1983,9.088043478260868,8.79,10.368131868131867,9.953225806451613
USW00014778,1984,6.946195652173913,8.576666666666666,11.417582417582418,13.730645161290322
USW00014778,1985,10.81141304347826,11.835,12.429670329670332,11.591935483870968
USW00014778,1986,10.990760869565216,10.601666666666668,10.486813186813187,11.25806451612903
USW00014778,1987,10.713043478260872,11.216666666666669,10.296703296703297,8.611290322580647
USW00014778,1988,9.833152173913042,8.961666666666668,10.25934065934066,8.724193548387099
USW00014778,1989,8.759782608695653,8.681666666666665,11.336263736263735,12.00483870967742
USW00014778,1990,10.07391304347826,10.886666666666665,12.242857142857144,13.149999999999995
USW00014778,1991,12.014130434782608,11.135000000000002,11.637912087912087,12.346774193548388
USW00014778,1992,9.004891304347826,9.291666666666666,11.114835164835165,9.611290322580647
USW00014778,1993,9.558152173913042,10.215,10.573626373626373,9.982258064516127
USW00014778,1994,9.245652173913042,11.836666666666666,11.739010989010989,10.561290322580646
USW00014778,1995,9.770652173913042,8.538333333333334,10.52912087912088,12.729032258064517
USW00014778,1996,7.664673913043478,9.205,10.185714285714285,10.711290322580647
USW00014778,1997,8.120108695652172,8.444999999999999,10.186263736263736,10.803225806451612
USW00014778,1998,11.172826086956523,10.360000000000003,11.995604395604397,11.398387096774197
USW00014778,1999,9.504347826086956,9.613333333333333,11.706043956043956,9.808064516129033
USW00014778,2000,11.042391304347825,9.655000000000001,10.829120879120877,11.561290322580646
USW00014778,2001,9.31304347826087,10.018333333333336,11.97362637362637,11.638709677419355
USW00014778,2002,9.672282608695653,10.930000000000001,11.382417582417581,10.446774193548386
USW00014778,2003,8.827717391304347,9.473333333333334,11.595054945054946,9.879032258064518
USW00014778,2004,11.126086956521739,10.323333333333334,12.14120879120879,11.182258064516127
USW00014778,2005,8.218478260869565,10.691666666666665,12.596703296703295,12.214516129032257
USW00014778,2006,10.170108695652173,10.931666666666668,11.539010989010992,10.604838709677422
USW00014778,2007,9.59673913043478,8.568333333333333,12.840659340659343,15.19516129032258
USW00014778,2008,9.62771739130435,11.886666666666665,11.250000000000002,10.345161290322581
USW00014778,2009,10.831521739130435,11.466666666666669,12.369230769230766,10.97741935483871
USW00014778,2010,13.02282608695652,13.518333333333336,11.804395604395602,11.183870967741935
USW00014778,2011,10.46304347826087,10.568333333333333,12.717032967032967,11.53225806451613
USW00014778,2012,12.858152173913044,10.028333333333334,11.446703296703298,12.432258064516127
USW00014778,2013,9.605978260869565,10.258333333333331,11.25164835164835,12.967741935483867
USW00014778,2014,8.70054347826087,9.443333333333335,11.683516483516481,12.812903225806451
USW00014778,2015,9.845652173913043,10.179999999999998,13.442857142857145,11.55483870967742
USW00014778,2016,10.996739130434783,9.383333333333335,13.560989010989013,13.153225806451614
USW00014778,2017,10.698369565217392,13.85,13.364285714285717,15.014516129032257
USW00014778,2018,9.730978260869566,7.663333333333332,12.094505494505496,12.48709677419355
USW00014778,2019,10.394565217391303,11.378333333333334,11.838461538461543,12.780645161290325
USW00014778,2020,10.1375,8.561666666666667,12.685164835164834,12.325806451612904
USW00014778,2021,10.709782608695653,10.755,13.059340659340657,15.212903225806452
USW00014778,2022,10.683152173913046,9.596666666666668,12.204945054945055,11.00806451612903
USW00014778,2023,10.622826086956522,12.548333333333334,12.728571428571428,13.606451612903227
USW00014778,2024,12.38695652173913,11.895000000000003,12.99120879120879,12.853225806451611
USW00014778,2025,11.72717391304348,11.633333333333333,12.292307692307693,11.927419354838712
USW00014793,1945,12.794505494505497,12.485000000000001,13.631666666666662,12.778333333333332
USW00014793,1946,11.968333333333332,9.643103448275863,14.957303370786518,15.672580645161291
USW00014793,1947,9.566847826086956,10.596666666666666,13.831666666666665,16.831666666666667
USW00014793,1948,10.179347826086957,9.643333333333333,13.719444444444445,12.110000000000001
USW00014793,1949,11.105434782608697,10.770000000000001,13.164285714285715,15.724193548387097
USW00014793,1950,8.244021739130435,8.243333333333334,12.758241758241759,14.079032258064519
USW00014793,1951,10.580434782608698,10.671666666666669,12.156593406593407,13.780645161290327
USW00014793,1952,10.217391304347826,11.795,12.532967032967035,10.808064516129033
USW00014793,1953,11.17663043478261,10.336666666666666,13.723076923076922,14.203225806451613
USW00014793,1954,10.482608695652173,12.116666666666669,13.193406593406594,14.811290322580644
USW00014793,1955,11.439673913043478,11.836666666666664,12.647252747252749,14.037096774193547
USW00014793,1956,8.816304347826087,9.033333333333331,12.557142857142857,13.254838709677419
USW00014793,1957,10.976630434782608,11.491666666666665,12.987912087912086,11.604838709677422
USW00014793,1958,10.02445652173913,11.411666666666669,12.428571428571429,12.011290322580642
USW00014793,1959,11.471195652173913,11.93166666666667,13.89065934065934,14.591935483870966
USW00014793,1960,9.461413043478261,12.764999999999999,13.231868131868131,12.693548387096776
USW00014793,1961,9.569565217391304,8.978333333333333,14.698901098901098,13.853225806451615
USW00014793,1962,10.613043478260868,10.531666666666668,11.639560439560443,12.816129032258063
USW00014793,1963,10.744021739130437,11.218333333333334,13.351648351648352,14.537096774193548
USW00014793,1964,10.320652173913043,9.025,12.51703296703297,10.879032258064518
USW00014793,1965,9.914130434782608,8.716666666666667,12.284065934065936,11.270967741935483
USW00014793,1966,9.240217391304347,7.923333333333335,12.23076923076923,11.429032258064515
USW00014793,1967,8.398913043478261,10.081666666666669,11.066483516483517,11.874193548387098
USW00014793,1968,10.472282608695652,11.411666666666667,13.412087912087912,13.669354838709676
USW00014793,1969,10.61576086956522,11.818333333333333,12.167582417582418,11.985483870967743
USW00014793,1970,9.88695652173913,9.975,13.385164835164835,13.225806451612907
USW00014793,1971,9.220652173913043,9.309999999999999,14.918681318681317,16.74838709677419
USW00014793,1972,9.310326086956522,8.781666666666666,11.307142857142855,9.756451612903223
USW00014793,1973,10.394021739130435,10.558333333333334,14.142307692307691,13.830645161290324
USW00014793,1974,11.447282608695653,12.751666666666667,12.642857142857142,11.493548387096777
USW00014793,1975,9.601086956521737,7.550000000000001,14.232417582417584,14.872580645161289
USW00014793,1976,11.791304347826086,12.598333333333333,10.68131868131868,10.420967741935483
USW00014793,1977,12.390217391304347,11.861666666666666,12.537362637362639,11.174193548387096
USW00014793,1978,8.779891304347826,9.203333333333335,12.29945054945055,11.667741935483868
USW00014793,1979,11.39836956521739,9.473333333333333,13.131868131868131,11.487096774193546
USW00014793,1980,10.917934782608695,11.493333333333332,12.153846153846153,11.30322580645161
USW00014793,1981,10.66195652173913,11.743333333333334,11.536263736263736,10.240322580645161
USW00014793,1982,10.679891304347827,10.061666666666667,12.94230769230769,12.461290322580645
USW00014793,1983,11.143478260869566,10.94333333333333,13.852197802197802,13.60161290322581
USW00014793,1984,9.560326086956522,10.665,13.51758241758242,16.216129032258063
USW00014793,1985,12.946739130434787,13.109999999999998,15.024725274725277,14.466129032258062
USW00014793,1986,12.451630434782608,11.539999999999997,13.55164835164835,14.003225806451614
USW00014793,1987,12.518478260869562,11.856666666666667,13.295604395604396,11.140322580645163
USW00014793,1988,11.678260869565216,10.549999999999999,12.827472527472526,10.629032258064518
USW00014793,1989,11.163586956521739,10.911666666666665,14.097252747252746,14.580645161290322
USW00014793,1990,12.250000000000002,12.44833333333333,14.235164835164836,15.411290322580648
USW00014793,1991,13.247282608695652,12.505,13.703846153846156,14.043548387096775
USW00014793,1992,10.166304347826085,10.623333333333337,12.550549450549454,11.174193548387095
USW00014793,1993,11.370108695652174,12.03833333333333,13.04615384615385,12.32741935483871
USW00014793,1994,11.430978260869566,14.196666666666665,13.98846153846154,12.593548387096773
USW00014793,1995,10.228804347826086,9.459999999999999,12.175824175824175,13.995161290322583
USW00014793,1996,10.517934782608695,11.711666666666666,11.467582417582417,11.859677419354838
USW00014793,1997,9.975,9.745000000000001,11.692857142857143,12.074193548387093
USW00014793,1998,11.871195652173913,11.379999999999997,13.469886363636363,12.743333333333332
USW00014793,1999,10.591847826086957,10.89166666666667,13.545882352941177,11.703333333333335
USW00014793,2000,11.977222222222222,10.608333333333333,14.729518072289153,14.935714285714285
USW00014793,2001,12.331666666666665,13.353448275862073,16.04712643678161,15.356666666666667
USW00014793,2002,12.95989010989011,14.106896551724137,14.698275862068966,14.546774193548385
USW00014793,2003,10.290217391304347,10.585000000000003,13.7,11.598275862068967
USW00014793,2004,12.472471910112356,11.763333333333337,13.537195121951221,11.960714285714285
USW00014793,2005,9.81413043478261,12.316666666666666,15.337058823529413,13.693103448275863
USW00014793,2006,11.811956521739129,12.475,13.590123456790122,12.016071428571427
USW00014793,2007,11.042391304347825,9.44,14.552197802197803,16.730645161290322
USW00014793,2008,10.942934782608695,12.211666666666668,13.967283950617283,11.990322580645161
USW00014793,2009,11.254945054945056,11.832758620689656,13.154945054945054,12.00806451612903
USW00014793,2010,13.289673913043474,13.418333333333338,14.6375,14.063333333333334
USW00014860,1926,5.254891304347826,4.305000000000001,10.912087912087912,10.69677419354839
USW00014860,1927,8.316847826086958,7.531666666666667,13.558241758241754,13.870967741935486
USW00014860,1928,6.793478260869565,6.493333333333334,12.20934065934066,13.653225806451612
USW00014860,1929,9.405978260869565,9.258333333333331,11.036813186813188,10.703225806451613
USW00014860,1930,7.7864130434782615,7.204999999999999,12.230219780219779,10.888709677419355
USW00014860,1931,7.733695652173913,8.141666666666667,14.866483516483518,13.929032258064515
USW00014860,1932,6.2228260869565215,6.023333333333334,11.764285714285714,12.666129032258064
USW00014860,1933,8.28695652173913,8.603333333333332,11.302197802197803,11.387096774193546
USW00014860,1934,7.510326086956522,7.236666666666667,12.909890109890107,11.130645161290323
USW00014860,1935,7.297282608695651,6.52,11.585164835164836,11.985483870967741
USW00014860,1936,8.405978260869563,5.766666666666666,11.47967032967033,12.024193548387098
USW00014860,1937,7.022826086956522,7.359999999999999,10.523076923076923,9.93709677419355
USW00014860,1938,9.428260869565218,9.426666666666668,12.411538461538463,13.311290322580646
USW00014860,1939,7.7516304347826095,6.490000000000001,11.933516483516485,12.530645161290321
USW00014860,1940,5.783152173913043,5.5133333333333345,10.897802197802198,10.87741935483871
USW00014860,1941,8.028804347826087,10.286666666666665,13.583516483516485,13.641935483870968
USW00014860,1942,9.908152173913045,11.123333333333335,12.357142857142858,12.722580645161289
USW00014860,1943,6.592391304347826,4.918333333333333,10.7010989010989,10.574193548387097
USW00014860,1944,7.803260869565217,5.881666666666667,12.36098901098901,11.569354838709675
USW00014860,1945,10.207608695652175,10.881666666666664,12.470329670329672,11.504838709677417
USW00014860,1946,9.977717391304349,8.235000000000001,14.28846153846154,15.06774193548387
USW00014860,1947,6.42336956521739,7.313333333333333,13.392857142857146,16.39032258064516
USW00014860,1948,8.078804347826088,10.161666666666667,11.986263736263735,9.619354838709677
USW00014860,1949,7.511956521739131,6.453333333333332,11.326923076923077,13.993548387096773
USW00014860,1950,5.416847826086957,4.6016666666666675,10.92857142857143,12.941935483870967
USW00014860,1951,7.813586956521738,7.1,10.70164835164835,13.122580645161287
USW00014860,1952,7.060326086956523,8.353333333333333,10.76923076923077,8.619354838709677
USW00014860,1953,7.592934782608697,6.1133333333333315,12.065384615384614,11.914516129032256
USW00014860,1954,7.141847826086957,9.478333333333332,11.794505494505497,12.304838709677417
USW00014860,1955,9.16304347826087,10.98333333333333,11.219780219780215,12.130645161290325
USW00014860,1956,6.119780219780219,6.298275862068964,11.252197802197802,12.919354838709674
USW00014860,1957,7.828260869565219,8.911666666666667,10.684615384615386,9.820967741935483
USW00014860,1958,7.208695652173914,8.465,11.8478021978022,11.772580645161288
USW00014860,1959,8.097826086956522,8.448333333333334,12.065934065934071,12.053225806451612
USW00014860,1960,6.461956521739131,9.946666666666664,12.430769230769226,11.156451612903224
USW00014860,1961,6.85108695652174,5.571666666666667,13.31868131868132,13.44677419354839
USW00014860,1962,8.583695652173912,8.028333333333334,10.954395604395605,12.279032258064513
USW00014860,1963,7.83858695652174,8.216666666666669,12.45934065934066,14.790322580645162
USW00014860,1964,8.864673913043477,8.438333333333333,11.364285714285712,9.96774193548387
USW00014860,1965,6.685869565217393,5.3116666666666665,11.673076923076923,10.259677419354837
USW00014860,1966,6.978260869565216,6.9350000000000005,11.03901098901099,10.72258064516129
USW00014860,1967,6.5896739130434785,8.663333333333332,10.016483516483518,11.716129032258065
USW00014860,1968,7.622826086956521,9.038333333333332,12.46813186813187,12.816129032258065
USW00014860,1969,6.965760869565218,8.465,9.98956043956044,10.003225806451614
USW00014860,1970,6.577173913043477,7.263333333333334,11.146153846153847,11.669354838709678
USW00014860,1971,4.892934782608696,4.74,11.923626373626373,13.887096774193548
USW00014860,1972,5.4461956521739125,4.444999999999999,9.19120879120879,8.45967741935484
USW00014860,1973,8.280978260869563,7.763333333333333,11.903296703296704,12.683870967741937
USW00014860,1974,7.3625,8.643333333333334,9.60989010989011,9.020967741935484
USW00014860,1975,6.532608695652174,3.758333333333334,11.416483516483517,11.488709677419354
USW00014860,1976,7.607608695652174,7.650000000000001,8.642857142857144,8.924193548387098
USW00014860,1977,9.386956521739132,8.748333333333333,11.023076923076923,9.667741935483871
USW00014860,1978,5.475543478260869,5.418333333333333,10.373076923076923,9.564516129032258
USW00014860,1979,6.7923913043478255,5.675,12.14010989010989,12.00483870967742
USW00014860,1980,6.293478260869565,6.268333333333333,10.106043956043957,8.938709677419354
USW00014860,1981,7.077717391304348,8.553333333333333,10.586813186813188,9.838709677419352
USW00014860,1982,7.75,5.8199999999999985,12.126373626373626,12.31774193548387
USW00014860,1983,7.90054347826087,7.358333333333333,12.809340659340657,12.425806451612901
USW00014860,1984,6.125543478260869,8.333333333333332,11.973626373626372,13.556451612903226
USW00014860,1985,9.720652173913043,10.781666666666666,13.287912087912085,12.580645161290322
USW00014860,1986,9.341847826086957,9.01,11.590109890109888,11.99516129032258
USW00014860,1987,9.30163043478261,9.008333333333333,11.414285714285715,8.983870967741938
USW00014860,1988,8.221195652173913,7.756666666666667,11.036263736263736,8.958064516129031
USW00014860,1989,7.185326086956523,6.146666666666666,11.696703296703298,12.614516129032257
USW00014860,1990,9.055434782608696,9.648333333333333,12.604945054945054,12.611290322580645
USW00014860,1991,10.983695652173912,10.843333333333332,12.013186813186811,13.201612903225806
USW00014860,1992,7.8929347826086955,8.091666666666665,11.364835164835165,10.595161290322581
USW00014860,1993,7.680978260869565,8.913333333333334,10.722527472527473,10.585483870967742
USW00014860,1994,7.465217391304349,9.478333333333335,12.793956043956044,12.049999999999999
USW00014860,1995,7.844565217391303,6.123333333333334,11.109340659340658,13.19193548387097
USW00014860,1996,6.28858695652174,6.823333333333332,10.647252747252747,11.94516129032258
USW00014860,1997,6.4934782608695665,6.408333333333333,10.963186813186812,11.829032258064515
USW00014860,1998,10.228804347826086,8.836666666666666,13.037912087912089,12.482258064516127
USW00014860,1999,8.31141304347826,8.651666666666667,12.518131868131867,11.390322580645163
USW00014860,2000,9.586413043478263,7.725,11.414285714285713,12.206451612903228
USW00014860,2001,8.31086956521739,9.436666666666667,12.711538461538463,12.353225806451613
USW00014860,2002,7.880978260869563,9.291666666666666,11.83846153846154,10.679032258064515
USW00014860,2003,7.36413043478261,7.011666666666667,11.932417582417584,10.608064516129032
USW00014860,2004,9.313586956521739,8.613333333333333,12.314835164835163,11.60967741935484
USW00014860,2005,6.144565217391304,8.056666666666667,13.069780219780224,12.47741935483871
USW00014860,2006,8.476630434782608,8.973333333333333,11.203296703296703,9.854838709677423
USW00014860,2007,8.339673913043478,6.61,13.662087912087912,16.14838709677419
USW00014860,2008,7.841847826086956,10.66,12.026373626373625,11.31774193548387
USW00014860,2009,8.57663043478261,8.928333333333335,11.920879120879121,10.237096774193548
USW00014860,2010,10.009782608695653,11.043333333333331,11.938461538461537,11.761290322580647
USW00014860,2011,8.028260869565216,8.313333333333334,13.0,11.622580645161289
USW00014860,2012,11.474456521739132,7.5633333333333335,11.453296703296703,12.203225806451613
USW00014860,2013,8.32336956521739,8.178333333333333,11.474175824175823,12.980645161290324
USW00014860,2014,6.971195652173913,8.416666666666666,11.438461538461537,12.388709677419353
USW00014860,2015,8.39945652173913,8.366666666666665,13.87967032967033,12.166129032258064
USW00014860,2016,9.168478260869565,6.593333333333334,14.472527472527473,14.212903225806448
USW00014860,2017,9.089673913043478,11.326666666666666,13.001098901098903,14.53709677419355
USW00014860,2018,7.769021739130434,5.288333333333333,12.369230769230768,12.714516129032258
USW00014860,2019,8.121195652173913,8.94,12.73791208791209,13.879032258064516
USW00014860,2020,9.110869565217394,7.231666666666666,13.67142857142857,12.583870967741937
USW00014860,2021,10.314130434782609,10.09,14.064285714285715,16.288709677419355
USW00014860,2022,9.709782608695651,8.42,11.973626373626375,11.16290322580645
USW00014860,2023,8.557065217391305,9.900000000000002,12.916483516483515,13.63709677419355
USW00014860,2024,11.365760869565216,11.028333333333334,14.45989010989011,14.067741935483872
USW00014860,2025,9.23695652173913,8.948333333333332,11.970879120879122,12.519354838709676
USW00014861,1926,8.097282608695652,7.161666666666666,12.22032967032967,11.954838709677416
USW00014861,1927,10.890217391304347,9.945,14.194505494505496,14.070967741935485
USW00014861,1928,8.928260869565216,8.116666666666667,12.16333333333333,13.908064516129034
USW00014861,1929,11.735326086956517,11.926666666666668,11.902197802197804,11.190322580645162
USW00014861,1930,10.434239130434783,10.831666666666667,12.948901098901104,11.301612903225806
USW00014861,1931,9.580434782608696,10.333333333333332,15.397252747252749,14.074193548387097
USW00014861,1932,8.928804347826086,9.386666666666667,12.70164835164835,13.067741935483872
USW00014861,1933,10.580434782608695,10.918333333333333,12.28186813186813,12.090322580645163
USW00014861,1934,10.261413043478262,10.195,13.654395604395605,12.546774193548387
USW00014861,1940,9.091847826086957,9.041666666666666,12.262637362637362,12.548387096774196
USW00014861,1941,10.948913043478262,14.561666666666666,14.647802197802198,15.399999999999999
USW00014861,1942,12.599999999999996,13.356666666666666,13.559340659340657,14.227419354838712
USW00014861,1943,9.891304347826088,7.953333333333333,11.578021978021978,11.303225806451614
USW00014861,1944,11.67282608695652,10.033333333333333,13.025824175824175,12.780645161290325
USW00014861,1945,13.010869565217389,13.211666666666666,13.495604395604394,12.308064516129033
USW00014861,1946,12.883695652173914,10.736666666666666,14.76153846153846,15.022580645161288
USW00014861,1947,9.80108695652174,11.941666666666665,14.326923076923077,17.282258064516128
USW00014861,1948,12.428260869565216,13.363333333333335,13.607692307692309,11.130645161290323
USW00014861,1949,11.268478260869566,10.463333333333333,13.23846153846154,15.85
USW00014861,1950,9.477717391304349,8.500000000000002,12.708241758241757,14.730645161290324
USW00014861,1951,11.14673913043478,10.46,12.67032967032967,15.067741935483872
USW00014861,1952,10.898913043478261,12.213333333333333,12.987362637362637,10.92741935483871
USW00014861,1953,11.953804347826088,10.176666666666668,14.158241758241756,14.406451612903224
USW00014861,1954,11.359782608695653,14.824999999999998,13.965934065934064,14.343548387096776
USW00014861,1955,13.085869565217392,14.738333333333333,13.057142857142855,13.488709677419356
USW00014861,1956,10.215934065934066,9.887931034482756,13.153296703296704,14.940322580645164
USW00014861,1957,12.166483516483517,12.829999999999997,12.835714285714282,11.190322580645162
USW00014861,1958,10.628260869565219,11.91,13.310439560439564,12.846774193548386
USW00014861,1959,11.802717391304345,12.07666666666667,13.869780219780221,14.08064516129032
USW00014861,1960,9.754891304347826,14.270000000000001,14.050000000000002,13.235483870967741
USW00014861,1961,9.757065217391304,8.116666666666667,14.590659340659341,14.45
USW00014861,1962,11.595108695652172,10.833333333333334,12.432967032967031,13.65645161290323
USW00014861,1963,11.53804347826087,11.385,14.283516483516486,16.416129032258063
USW00014861,1964,12.015217391304349,12.001666666666665,13.323076923076922,11.838709677419354
USW00014861,1965,10.696195652173913,10.268333333333334,12.990109890109892,11.214516129032258
USW00014861,1966,9.745652173913042,9.368333333333334,11.846153846153847,11.385483870967741
USW00014861,1967,10.05163043478261,11.673333333333334,11.001098901098901,12.351612903225806
USW00014861,1968,10.767934782608695,12.145000000000001,13.430769230769226,13.162903225806453
USW00014861,1969,10.62663043478261,12.218333333333332,12.12362637362637,12.875806451612902
USW00014861,1970,11.152173913043478,12.166666666666666,14.290659340659339,14.306451612903226
USW00014861,1971,8.659239130434782,8.771666666666667,14.364285714285717,16.23064516129032
USW00014861,1972,10.345652173913043,10.090000000000002,11.662087912087912,10.453225806451613
USW00014861,1973,11.851630434782608,10.695000000000002,13.876373626373626,14.174193548387096
USW00014861,1974,11.12554347826087,11.796666666666665,11.483516483516482,10.875806451612902
USW00014861,1975,9.997282608695652,7.743333333333334,13.185164835164839,13.374193548387094
USW00014861,1976,11.440760869565219,11.32,9.517582417582418,9.387096774193548
USW00014861,1977,13.329891304347827,12.403333333333332,13.301648351648351,11.559677419354838
USW00014861,1978,9.740217391304347,10.473333333333333,13.076923076923077,11.296774193548389
USW00093778,1998,11.558152173913046,10.791666666666666,12.398888888888887,11.706451612903228
USW00093778,1999,9.620652173913042,9.946666666666667,12.42857142857143,10.499999999999996
USW00093778,2000,11.281318681318682,10.008620689655173,10.984615384615386,11.643548387096773
USW00093778,2001,9.345652173913043,10.246666666666666,12.038505747126436,11.677419354838708
USW00093778,2002,10.312222222222223,11.523333333333333,11.73901098901099,11.0
USW00093778,2003,9.63846153846154,10.096666666666666,12.601111111111107,10.748387096774193
USW00093778,2004,12.11304347826087,11.000000000000002,12.708888888888888,11.455000000000002
USW00093778,2005,8.704761904761904,11.439583333333333,13.359890109890113,12.922580645161291
USW00093778,2006,10.57391304347826,11.296666666666669,12.005494505494505,11.198387096774193
USW00093778,2007,9.805978260869566,8.629999999999999,13.894382022471909,16.03965517241379
USW00093778,2008,10.925543478260868,12.371666666666666,11.510439560439558,10.503225806451615
USW00093778,2009,10.640217391304347,10.991666666666665,12.321978021978024,11.241935483870966
USW00093778,2010,12.11358695652174,11.95,12.537912087912089,12.269354838709678
USW00093778,2011,11.933152173913042,12.574999999999998,12.912777777777777,11.412903225806453
USW00093778,2012,12.88804347826087,10.03,11.74065934065934,12.569354838709678
USW00093778,2013,9.925,10.860000000000001,12.052747252747253,13.387096774193548
USW00093778,2014,9.320652173913043,9.903333333333332,11.852747252747255,13.019354838709676
USW00093778,2015,10.294565217391305,10.466666666666667,13.176373626373628,11.082258064516127
USW00093778,2016,10.987499999999999,9.785,13.491758241758244,13.412903225806453
USW00093778,2017,11.085869565217392,13.780000000000001,12.803846153846155,14.656451612903224
USW00093778,2018,9.876086956521739,8.6,13.120224719101124,13.906896551724136
USW00093778,2019,11.57888888888889,13.144827586206896,12.693258426966292,13.717741935483874
USW00093778,2020,10.370108695652174,8.53,13.063736263736264,12.890322580645158
USW00093778,2021,11.036813186813188,11.013793103448275,13.28241758241758,15.66451612903226
USW00093778,2022,11.146195652173914,9.69,12.58956043956044,11.185483870967742
USW00093778,2023,10.979347826086958,12.801666666666668,12.956043956043956,13.819354838709677
USW00093778,2024,12.609782608695653,12.363333333333335,13.28426966292135,13.232758620689655
USW00093778,2025,12.453804347826088,12.145,12.414835164835164,12.083870967741934
USW00094732,1958,10.195652173913043,11.60833333333333,12.598901098901099,12.26290322580645
USW00094732,1959,11.609782608695651,11.871666666666666,14.22197802197802,15.093548387096776
USW00094732,1960,9.758152173913043,13.113333333333335,13.007692307692308,12.39516129032258
USW00094732,1961,9.777173913043478,9.078333333333335,14.534615384615384,13.616129032258064
USW00094732,1962,10.865760869565218,10.731666666666666,11.582967032967035,13.017741935483873
USW00094732,1963,10.742934782608696,11.065,13.484065934065937,14.549999999999999
USW00094732,1964,10.880434782608695,9.293333333333331,12.852747252747255,11.009677419354839
USW00094732,1965,10.495108695652174,9.250000000000002,12.87087912087912,11.720967741935485
USW00094732,1966,9.79945652173913,8.535,12.672527472527474,11.775806451612905
USW00094732,1967,8.15725806451613,,11.86043956043956,12.601612903225808
USW00094732,1968,11.27608695652174,12.210000000000003,14.008426966292134,14.441935483870967
USW00094732,1969,11.146195652173912,12.331666666666667,12.77912087912088,12.582258064516129
USW00094732,1970,10.342391304347826,10.556666666666667,14.757692307692306,14.596774193548388
USW00094732,1971,9.922282608695653,10.155000000000001,14.850549450549455,16.432258064516123
USW00094732,1972,10.017391304347827,9.463333333333335,12.120329670329669,10.658064516129032
USW00094732,1973,11.3625,11.423333333333336,14.374725274725272,14.370967741935484
USW00094732,1974,11.436413043478263,12.598333333333331,12.666483516483515,11.42258064516129
USW00094732,1975,10.47173913043478,8.56,14.247252747252746,14.859677419354837
USW00094732,1976,11.860869565217389,12.416666666666666,11.541666666666666,11.093548387096773
USW00094732,1977,12.939010989010987,12.113333333333335,13.539010989010988,12.038709677419353
USW00094732,1978,9.828260869565216,10.323333333333334,13.038461538461538,12.35483870967742
USW00094732,1979,11.891847826086956,10.461666666666666,13.802197802197805,12.191935483870967
USW00094732,1980,11.583152173913042,12.053333333333335,12.982967032967034,12.074193548387097
USW00094732,1981,11.479891304347825,12.883333333333333,12.718131868131866,11.422580645161291
USW00094732,1982,11.330978260869566,10.211666666666668,14.046153846153846,13.606451612903227
USW00094732,1983,11.016847826086957,10.746666666666668,14.02032967032967,13.451612903225808
USW00094732,1984,9.486956521739131,10.401666666666667,13.688888888888888,16.020967741935486
USW00094732,1985,12.64891304347826,12.813333333333333,14.848901098901097,14.250000000000002
USW00094732,1986,12.18695652173913,11.215000000000002,13.15,13.641935483870967
USW00094732,1987,11.80163043478261,11.166666666666666,12.91043956043956,10.811290322580644
USW00094732,1988,11.246195652173913,10.116666666666667,12.386813186813189,10.379032258064516
USW00094732,1989,10.505978260869567,10.26666666666667,13.840659340659341,14.220967741935485
USW00094732,1990,11.658695652173913,11.636666666666667,14.869230769230771,16.15
USW00094732,1991,13.532608695652174,12.618333333333336,13.991758241758244,14.409677419354841
USW00094732,1992,10.247282608695652,10.64166666666667,12.87142857142857,11.364516129032259
USW00094732,1993,11.09891304347826,11.545,13.24945054945055,12.508064516129032
USW00094732,1994,11.43913043478261,13.956666666666669,13.874725274725273,12.614516129032257
USW00094732,1995,11.701086956521738,11.096666666666668,13.586813186813185,15.425806451612903
USW00094732,1996,9.686746987951809,11.694999999999997,12.213736263736262,12.580645161290324
USW00094732,1997,10.088586956521741,9.753333333333332,12.62142857142857,13.059677419354838
USW00094732,1998,12.49891304347826,12.284999999999998,14.08131868131868,13.487096774193546
USW00094732,1999,10.959782608695653,11.025,13.85274725274725,12.190322580645162
USW00094732,2000,12.025555555555554,10.24107142857143,12.904945054945054,13.443548387096774
USW00094732,2001,11.035869565217393,11.945,14.686813186813184,14.019354838709678
USW00094732,2002,11.91413043478261,13.118333333333332,13.458241758241758,12.877419354838713
USW00094732,2003,10.470652173913043,10.496666666666668,14.024719101123596,12.361290322580647
USW00094732,2004,12.987222222222222,12.113333333333332,14.054395604395605,12.950000000000001
USW00094732,2005,10.489130434782608,12.71166666666667,15.435164835164837,14.535483870967745
USW00094732,2006,12.7125,13.425000000000004,14.267582417582414,12.90645161290323
USW00094732,2007,11.8875,10.468333333333334,15.64945054945055,17.774193548387093
USW00094732,2008,12.814285714285713,13.861666666666668,14.356043956043955,13.501612903225807
USW00094732,2009,11.658695652173915,12.075,13.62307692307692,12.419354838709678
USW00094732,2010,13.597252747252746,13.708333333333334,14.491758241758241,13.869354838709677
USW00094732,2011,12.546195652173916,13.22,14.70989010989011,13.462903225806452
USW00094732,2012,13.890760869565218,11.931666666666667,13.170329670329668,14.041935483870969
USW00094732,2013,10.88913043478261,11.548333333333334,14.103846153846156,15.445161290322583
USW00094732,2014,11.355978260869565,11.911666666666665,14.454945054945055,15.032258064516132
USW00094732,2015,12.478804347826086,12.916666666666666,15.915384615384617,13.72258064516129
USW00094732,2016,12.867934782608694,11.581666666666669,15.59725274725275,14.97258064516129
USW00094732,2017,12.352717391304349,15.053333333333335,15.87611111111111,17.58225806451613
USW00094732,2018,12.015217391304347,10.631666666666668,15.112637362637363,15.343548387096776
USW00094732,2019,13.46141304347826,14.921666666666669,15.086813186813185,16.385483870967747
USW00094732,2020,12.416483516483517,11.086666666666666,14.758720930232558,14.832258064516129
USW00094732,2021,12.30888888888889,12.261666666666667,14.853370786516855,16.601724137931033
USW00094732,2022,12.594021739130437,11.575,14.490109890109892,13.022580645161291
USW00094732,2023,12.502173913043476,14.175,14.85,15.704838709677418
USW00094732,2025,13.254891304347826,12.936666666666666,14.569101123595507,14.55322580645161
USW00094823,1948,11.535869565217393,12.598333333333333,12.725824175824176,10.41451612903226
USW00094823,1949,10.49945652173913,9.753333333333334,12.423626373626373,15.325806451612904
USW00094823,1950,8.69891304347826,7.7333333333333325,11.79945054945055,14.130645161290323
USW00094823,1951,10.202717391304349,9.536666666666667,11.818131868131868,14.362903225806448
USW00094823,1952,9.980978260869566,11.143333333333334,11.699999999999998,9.53225806451613
USW00094823,1953,10.048369565217394,8.225,12.609340659340662,12.91935483870968
USW00094823,1954,9.729891304347825,13.215,12.508791208791209,12.912903225806451
USW00094823,1955,11.575000000000001,13.34333333333333,11.538461538461538,11.848387096774195
USW00094823,1956,8.626086956521737,8.328333333333333,11.678571428571429,13.703225806451611
USW00094823,1957,10.583695652173914,11.469999999999999,11.278571428571427,9.774193548387098
USW00094823,1958,9.204347826086957,10.621666666666666,11.724725274725275,11.235483870967743
USW00094823,1959,10.370652173913044,10.680000000000001,12.04065934065934,12.11290322580645
USW00094823,1960,7.626086956521739,12.211666666666668,12.32857142857143,11.935483870967746
USW00094823,1961,8.238043478260868,6.631666666666666,13.053846153846159,12.932258064516128
USW00094823,1962,10.029347826086957,9.076666666666666,10.574725274725276,11.812903225806451
USW00094823,1963,9.278260869565218,9.415000000000001,12.563736263736264,14.882258064516128
USW00094823,1964,10.78641304347826,10.918333333333331,11.742307692307692,10.211290322580645
USW00094823,1965,10.00163043478261,9.398333333333335,10.721428571428572,8.912903225806454
USW00094823,1966,9.035326086956522,8.818333333333332,10.87967032967033,10.420967741935485
USW00094823,1967,9.356521739130434,11.223333333333333,10.077472527472526,11.3741935483871
USW00094823,1968,9.284239130434784,10.67,11.515934065934067,11.211290322580643
USW00094823,1969,9.284239130434784,10.963333333333333,10.928021978021977,11.595161290322583
USW00094823,1970,10.31358695652174,11.349999999999996,12.744505494505495,12.693548387096774
USW00094823,1971,7.564130434782607,7.783333333333334,13.40769230769231,15.235483870967743
USW00094823,1972,9.366847826086957,9.146666666666667,10.510439560439561,9.103225806451613
USW00094823,1973,10.746195652173913,9.621666666666668,13.07802197802198,13.367741935483872
USW00094823,1974,10.203260869565218,10.973333333333334,11.562087912087913,11.353225806451613
USW00094823,1975,8.8,6.8066666666666675,11.545604395604396,11.80322580645161
USW00094823,1976,10.242391304347825,10.316666666666668,7.923076923076923,7.695161290322581
USW00094823,1977,11.378260869565219,10.398333333333335,11.95164835164835,10.270967741935483
USW00094823,1978,9.635326086956521,10.546666666666669,11.49835164835165,9.50483870967742
USW00094823,1979,10.346195652173913,9.85,11.654945054945056,10.501612903225803
USW00094823,1980,8.856521739130436,8.945,10.932417582417582,9.708064516129031
USW00094823,1981,9.196739130434782,11.021666666666668,10.28076923076923,9.670967741935486
USW00094823,1982,9.704891304347827,7.371666666666668,12.299999999999997,12.437096774193549
USW00094823,1983,8.819565217391306,8.401666666666667,12.006043956043955,11.679032258064517
USW00094823,1984,7.503260869565218,9.525,11.858241758241757,14.616129032258064
USW00094823,1985,11.39836956521739,12.766666666666667,13.225824175824178,12.858064516129033
USW00094823,1986,11.136413043478262,11.723333333333331,12.082967032967032,12.340322580645159
USW00094823,1987,10.890760869565218,9.97,11.62692307692308,8.730645161290322
USW00094823,1988,10.010326086956523,9.688333333333334,10.765934065934065,8.093548387096774
USW00094823,1989,9.257608695652175,8.309999999999999,11.606593406593406,11.824193548387093
USW00094823,1990,10.546195652173914,10.721666666666668,12.635164835164835,12.78387096774194
USW00094823,1991,12.998369565217393,12.481666666666666,12.204945054945055,13.154838709677422
USW00094823,1992,9.814673913043478,10.678333333333333,11.212087912087913,10.05483870967742
USW00094823,1993,9.891304347826086,9.984999999999998,11.466483516483517,10.940322580645159
USW00094823,1994,9.671739130434782,12.180000000000001,12.736813186813189,11.858064516129032
USW00094823,1995,10.329891304347827,9.193333333333332,11.627472527472527,13.504838709677419
USW00094823,1996,9.122282608695652,10.365000000000002,10.363186813186815,11.11451612903226
USW00094823,1997,8.352173913043476,7.998333333333332,10.673626373626375,11.406451612903224
USW00094823,1998,11.444021739130436,10.538333333333332,12.700549450549447,11.70645161290323
USW00094823,1999,9.592934782608694,11.003333333333332,12.430769230769231,11.27258064516129
USW00094823,2000,11.416304347826086,10.076666666666666,11.192857142857143,12.600000000000001
USW00094823,2001,9.891304347826088,12.384999999999998,12.658791208791204,12.299999999999999
USW00094823,2002,10.03913043478261,11.516666666666667,11.585164835164836,10.558064516129033
USW00094823,2003,10.606521739130436,11.865000000000002,11.771978021978022,10.27258064516129
USW00094823,2004,11.73369565217391,10.658333333333333,12.75054945054945,11.775806451612903
USW00094823,2005,8.808695652173915,11.248333333333333,12.706043956043958,11.896774193548387
USW00094823,2006,10.09945652173913,12.074999999999998,11.265384615384617,10.429032258064515
USW00094823,2007,10.857065217391305,8.588333333333333,13.293956043956044,15.169354838709674
USW00094823,2008,9.588586956521738,12.173333333333334,11.293956043956044,10.604838709677422
USW00094823,2009,11.030978260869565,11.17,12.320879120879122,10.338709677419354
USW00094823,2010,12.254347826086958,12.963333333333333,12.09725274725275,11.893548387096773
USW00094823,2011,10.979891304347825,11.83,12.774175824175822,11.52258064516129
USW00094823,2012,13.524456521739133,10.229999999999999,11.234615384615385,11.932258064516128
USW00094823,2013,10.142934782608696,11.346666666666664,11.827472527472526,13.52258064516129
USW00094823,2014,9.740760869565218,11.201666666666666,11.234065934065935,12.038709677419357
USW00094823,2015,10.88641304347826,11.601666666666667,14.072527472527472,12.185483870967742
USW00094823,2016,11.972826086956522,10.715000000000002,14.181868131868132,13.68064516129032
USW00094823,2017,11.41358695652174,14.03,13.074725274725271,14.464516129032258
USW00094823,2018,10.074456521739132,7.9733333333333345,11.947802197802197,11.899999999999999
USW00094823,2019,10.856521739130436,12.198333333333332,12.412087912087912,13.42741935483871
USW00094823,2020,10.29836956521739,8.69,12.807692307692308,12.19516129032258
USW00094823,2021,10.87717391304348,10.728333333333333,13.045054945054947,15.261290322580644
USW00094823,2022,10.826086956521738,9.370000000000003,11.71813186813187,10.416129032258066
USW00094823,2023,10.38967391304348,11.566666666666666,13.371978021978022,13.89516129032258
USW00094823,2024,13.691847826086954,13.803333333333333,14.447802197802197,13.906451612903224
USW00094823,2025,12.369565217391301,12.506666666666666,12.397252747252745,12.33064516129032
